time_epoch,time,open,high,low,close,tick_volume,spread_points,real_volume
1743206100,2025.03.28 23:55:00,3084.07,3085.21,3083.94,3085.21,181,20,0
1743382800,2025.03.31 01:00:00,3087.98,3093.28,3087.98,3092.49,317,20,0
1743383100,2025.03.31 01:05:00,3092.33,3097.61,3091.99,3095.76,380,20,0
1743383400,2025.03.31 01:10:00,3095.58,3095.60,3090.06,3090.63,365,20,0
1743383700,2025.03.31 01:15:00,3090.56,3090.81,3089.23,3090.03,326,20,0
1743384000,2025.03.31 01:20:00,3090.03,3091.59,3090.00,3090.98,266,20,0
1743384300,2025.03.31 01:25:00,3090.98,3090.98,3089.11,3089.18,194,20,0
1743384600,2025.03.31 01:30:00,3088.79,3089.54,3088.53,3088.85,210,20,0
1743384900,2025.03.31 01:35:00,3088.85,3090.56,3088.84,3089.69,156,20,0
1743385200,2025.03.31 01:40:00,3089.70,3090.01,3088.87,3089.33,154,20,0
1743385500,2025.03.31 01:45:00,3089.33,3089.88,3089.00,3089.40,117,20,0
1743385800,2025.03.31 01:50:00,3089.38,3089.98,3089.27,3089.77,133,20,0
1743386100,2025.03.31 01:55:00,3089.77,3090.62,3089.60,3090.00,194,20,0
1743386400,2025.03.31 02:00:00,3090.01,3090.83,3088.46,3088.72,271,20,0
1743386700,2025.03.31 02:05:00,3088.72,3088.89,3088.03,3088.48,194,20,0
1743387000,2025.03.31 02:10:00,3088.83,3090.66,3088.75,3090.04,213,20,0
1743387300,2025.03.31 02:15:00,3090.08,3090.34,3089.12,3089.27,200,20,0
1743387600,2025.03.31 02:20:00,3089.27,3089.97,3089.02,3089.93,144,20,0
1743387900,2025.03.31 02:25:00,3089.93,3090.63,3088.90,3089.48,201,20,0
1743388200,2025.03.31 02:30:00,3089.53,3089.84,3088.60,3088.84,203,20,0
1743388500,2025.03.31 02:35:00,3088.84,3089.59,3087.91,3088.85,228,20,0
1743388800,2025.03.31 02:40:00,3088.85,3088.86,3088.37,3088.81,163,20,0
1743389100,2025.03.31 02:45:00,3088.80,3089.18,3088.26,3088.94,159,20,0
1743389400,2025.03.31 02:50:00,3088.94,3089.31,3088.47,3089.25,143,20,0
1743389700,2025.03.31 02:55:00,3089.25,3089.66,3088.59,3089.06,142,20,0
1743390000,2025.03.31 03:00:00,3089.07,3089.63,3085.49,3085.73,338,20,0
1743390300,2025.03.31 03:05:00,3085.61,3086.14,3084.53,3086.08,334,20,0
1743390600,2025.03.31 03:10:00,3086.08,3087.51,3085.99,3087.28,224,20,0
1743390900,2025.03.31 03:15:00,3087.23,3088.49,3086.57,3086.85,330,20,0
1743391200,2025.03.31 03:20:00,3086.72,3086.85,3085.63,3085.82,276,20,0
1743391500,2025.03.31 03:25:00,3085.83,3086.41,3082.63,3084.20,285,20,0
1743391800,2025.03.31 03:30:00,3084.20,3084.45,3083.03,3083.03,333,20,0
1743392100,2025.03.31 03:35:00,3083.03,3084.11,3083.01,3083.90,303,20,0
1743392400,2025.03.31 03:40:00,3083.88,3084.25,3083.30,3083.89,245,20,0
1743392700,2025.03.31 03:45:00,3083.89,3084.38,3083.07,3083.76,246,20,0
1743393000,2025.03.31 03:50:00,3083.76,3083.78,3080.14,3080.24,325,20,0
1743393300,2025.03.31 03:55:00,3080.13,3080.34,3077.49,3079.04,394,20,0
1743393600,2025.03.31 04:00:00,3079.01,3080.15,3076.76,3079.87,514,20,0
1743393900,2025.03.31 04:05:00,3079.84,3083.48,3079.69,3081.38,498,20,0
1743394200,2025.03.31 04:10:00,3081.38,3081.65,3078.89,3081.07,415,20,0
1743394500,2025.03.31 04:15:00,3081.05,3082.19,3078.91,3082.19,460,20,0
1743394800,2025.03.31 04:20:00,3082.18,3089.13,3082.18,3088.67,451,20,0
1743395100,2025.03.31 04:25:00,3088.82,3091.73,3088.07,3091.58,462,20,0
1743395400,2025.03.31 04:30:00,3091.67,3095.22,3090.28,3094.64,503,20,0
1743395700,2025.03.31 04:35:00,3094.69,3095.07,3090.05,3091.96,476,20,0
1743396000,2025.03.31 04:40:00,3091.96,3092.74,3090.74,3092.01,447,20,0
1743396300,2025.03.31 04:45:00,3092.02,3092.70,3090.30,3092.24,452,20,0
1743396600,2025.03.31 04:50:00,3092.20,3093.64,3090.85,3092.69,400,20,0
1743396900,2025.03.31 04:55:00,3092.68,3094.90,3091.70,3094.80,426,20,0
1743397200,2025.03.31 05:00:00,3094.80,3098.03,3093.90,3096.11,445,20,0
1743397500,2025.03.31 05:05:00,3096.09,3098.85,3095.59,3098.81,441,20,0
1743397800,2025.03.31 05:10:00,3098.81,3099.48,3097.56,3098.75,404,20,0
1743398100,2025.03.31 05:15:00,3098.77,3099.78,3096.97,3099.07,337,20,0
1743398400,2025.03.31 05:20:00,3099.09,3106.60,3097.59,3097.69,483,20,0
1743398700,2025.03.31 05:25:00,3097.63,3102.71,3096.16,3098.82,475,20,0
1743399000,2025.03.31 05:30:00,3098.72,3106.79,3098.10,3106.37,486,20,0
1743399300,2025.03.31 05:35:00,3106.36,3106.98,3103.76,3104.65,467,20,0
1743399600,2025.03.31 05:40:00,3104.58,3107.06,3103.66,3103.91,431,20,0
1743399900,2025.03.31 05:45:00,3104.02,3105.27,3102.50,3102.50,393,20,0
1743400200,2025.03.31 05:50:00,3102.48,3105.70,3099.39,3104.00,450,20,0
1743400500,2025.03.31 05:55:00,3104.01,3106.94,3103.44,3106.77,391,20,0
1743400800,2025.03.31 06:00:00,3106.66,3107.38,3105.85,3106.98,382,20,0
1743401100,2025.03.31 06:05:00,3107.09,3111.18,3106.90,3109.72,436,20,0
1743401400,2025.03.31 06:10:00,3109.72,3111.72,3108.27,3108.88,414,20,0
1743401700,2025.03.31 06:15:00,3108.88,3111.16,3108.02,3108.83,389,20,0
1743402000,2025.03.31 06:20:00,3108.86,3109.82,3105.14,3106.75,355,20,0
1743402300,2025.03.31 06:25:00,3106.69,3108.50,3106.63,3108.05,321,20,0
1743402600,2025.03.31 06:30:00,3108.14,3110.82,3106.34,3107.24,328,20,0
1743402900,2025.03.31 06:35:00,3107.25,3109.13,3105.85,3107.73,381,20,0
1743403200,2025.03.31 06:40:00,3107.73,3108.24,3106.83,3107.40,243,20,0
1743403500,2025.03.31 06:45:00,3107.40,3108.30,3107.32,3107.47,236,20,0
1743403800,2025.03.31 06:50:00,3107.48,3108.17,3106.67,3108.17,238,20,0
1743404100,2025.03.31 06:55:00,3108.17,3108.79,3106.66,3107.04,255,20,0
1743404400,2025.03.31 07:00:00,3107.06,3107.39,3106.03,3106.89,267,20,0
1743404700,2025.03.31 07:05:00,3106.70,3108.95,3105.88,3108.83,204,20,0
1743405000,2025.03.31 07:10:00,3108.68,3109.52,3106.06,3109.38,230,20,0
1743405300,2025.03.31 07:15:00,3109.47,3109.65,3109.04,3109.56,222,20,0
1743405600,2025.03.31 07:20:00,3109.55,3110.49,3108.89,3110.17,215,20,0
1743405900,2025.03.31 07:25:00,3110.21,3111.08,3109.03,3110.71,278,20,0
1743406200,2025.03.31 07:30:00,3110.79,3111.96,3110.39,3111.41,267,20,0
1743406500,2025.03.31 07:35:00,3111.41,3112.25,3110.62,3112.00,216,20,0
1743406800,2025.03.31 07:40:00,3112.04,3112.44,3110.97,3111.50,264,20,0
1743407100,2025.03.31 07:45:00,3111.47,3112.47,3111.32,3112.43,178,20,0
1743407400,2025.03.31 07:50:00,3112.43,3115.94,3112.11,3113.73,362,20,0
1743407700,2025.03.31 07:55:00,3113.72,3114.08,3112.77,3113.33,314,20,0
1743408000,2025.03.31 08:00:00,3113.33,3113.41,3108.13,3108.30,410,20,0
1743408300,2025.03.31 08:05:00,3108.31,3110.94,3107.81,3109.40,350,20,0
1743408600,2025.03.31 08:10:00,3109.26,3110.22,3107.50,3109.62,327,20,0
1743408900,2025.03.31 08:15:00,3109.62,3110.65,3109.41,3110.55,234,20,0
1743409200,2025.03.31 08:20:00,3110.55,3111.96,3110.50,3111.57,253,20,0
1743409500,2025.03.31 08:25:00,3111.54,3113.03,3111.06,3112.18,298,20,0
1743409800,2025.03.31 08:30:00,3112.10,3112.75,3110.43,3110.83,410,20,0
1743410100,2025.03.31 08:35:00,3110.73,3113.89,3110.53,3113.54,345,20,0
1743410400,2025.03.31 08:40:00,3113.54,3114.50,3113.12,3113.59,367,20,0
1743410700,2025.03.31 08:45:00,3113.59,3114.27,3111.97,3113.05,340,20,0
1743411000,2025.03.31 08:50:00,3113.19,3119.58,3111.45,3119.42,416,20,0
1743411300,2025.03.31 08:55:00,3119.48,3119.75,3115.44,3116.59,431,20,0
1743411600,2025.03.31 09:00:00,3116.55,3118.76,3114.12,3117.31,453,20,0
1743411900,2025.03.31 09:05:00,3117.55,3121.16,3117.32,3120.86,444,20,0
1743412200,2025.03.31 09:10:00,3120.92,3127.89,3120.81,3124.69,473,20,0
1743412500,2025.03.31 09:15:00,3124.78,3124.94,3120.62,3120.70,400,20,0
1743412800,2025.03.31 09:20:00,3120.71,3121.96,3118.72,3119.23,388,20,0
1743413100,2025.03.31 09:25:00,3119.29,3119.79,3117.32,3119.64,430,20,0
1743413400,2025.03.31 09:30:00,3119.64,3120.95,3115.57,3116.73,464,20,0
1743413700,2025.03.31 09:35:00,3116.77,3118.97,3116.37,3117.01,429,20,0
1743414000,2025.03.31 09:40:00,3117.01,3117.66,3115.06,3115.38,409,20,0
1743414300,2025.03.31 09:45:00,3115.35,3116.62,3113.44,3115.60,468,20,0
1743414600,2025.03.31 09:50:00,3115.64,3117.29,3115.02,3115.38,410,20,0
1743414900,2025.03.31 09:55:00,3115.37,3119.35,3115.37,3119.35,432,20,0
1743415200,2025.03.31 10:00:00,3119.28,3124.32,3118.75,3123.99,460,20,0
1743415500,2025.03.31 10:05:00,3123.92,3124.57,3120.59,3121.86,439,20,0
1743415800,2025.03.31 10:10:00,3121.84,3122.03,3119.26,3121.39,397,20,0
1743416100,2025.03.31 10:15:00,3121.69,3124.91,3121.47,3123.68,411,20,0
1743416400,2025.03.31 10:20:00,3123.71,3125.18,3121.16,3124.87,397,20,0
1743416700,2025.03.31 10:25:00,3124.87,3125.40,3121.92,3122.08,381,20,0
1743417000,2025.03.31 10:30:00,3122.08,3122.60,3119.80,3119.86,348,20,0
1743417300,2025.03.31 10:35:00,3119.86,3120.00,3118.60,3119.05,358,20,0
1743417600,2025.03.31 10:40:00,3119.07,3119.56,3118.80,3119.12,355,20,0
1743417900,2025.03.31 10:45:00,3119.10,3120.63,3119.08,3120.14,315,20,0
1743418200,2025.03.31 10:50:00,3120.25,3122.73,3120.25,3122.22,375,20,0
1743418500,2025.03.31 10:55:00,3122.29,3124.69,3122.19,3124.50,382,20,0
1743418800,2025.03.31 11:00:00,3124.50,3126.00,3123.35,3125.09,416,20,0
1743419100,2025.03.31 11:05:00,3125.04,3127.13,3124.32,3126.66,448,20,0
1743419400,2025.03.31 11:10:00,3126.59,3126.70,3123.96,3124.75,426,20,0
1743419700,2025.03.31 11:15:00,3124.77,3125.17,3121.25,3121.25,398,20,0
1743420000,2025.03.31 11:20:00,3121.24,3122.86,3121.03,3122.56,371,20,0
1743420300,2025.03.31 11:25:00,3122.55,3123.18,3122.14,3122.86,311,20,0
1743420600,2025.03.31 11:30:00,3122.86,3123.23,3122.25,3123.15,319,20,0
1743420900,2025.03.31 11:35:00,3123.15,3123.28,3121.68,3122.94,338,20,0
1743421200,2025.03.31 11:40:00,3122.94,3122.95,3121.70,3121.75,354,20,0
1743421500,2025.03.31 11:45:00,3121.78,3122.92,3121.67,3122.39,374,20,0
1743421800,2025.03.31 11:50:00,3122.37,3123.42,3121.12,3123.00,341,20,0
1743422100,2025.03.31 11:55:00,3123.07,3124.37,3122.20,3122.25,325,20,0
1743422400,2025.03.31 12:00:00,3122.22,3123.00,3121.46,3121.87,303,20,0
1743422700,2025.03.31 12:05:00,3121.90,3122.12,3120.99,3121.51,337,20,0
1743423000,2025.03.31 12:10:00,3121.55,3123.32,3121.05,3122.78,327,20,0
1743423300,2025.03.31 12:15:00,3122.75,3123.19,3121.02,3121.13,330,20,0
1743423600,2025.03.31 12:20:00,3121.14,3122.56,3119.49,3119.52,313,20,0
1743423900,2025.03.31 12:25:00,3119.46,3121.34,3118.95,3120.21,348,20,0
1743424200,2025.03.31 12:30:00,3120.22,3121.28,3118.03,3118.31,383,20,0
1743424500,2025.03.31 12:35:00,3118.33,3118.33,3115.71,3115.98,372,20,0
1743424800,2025.03.31 12:40:00,3115.99,3116.53,3114.71,3115.35,371,20,0
1743425100,2025.03.31 12:45:00,3115.35,3116.21,3112.63,3113.03,409,20,0
1743425400,2025.03.31 12:50:00,3113.00,3113.70,3111.88,3113.09,378,20,0
1743425700,2025.03.31 12:55:00,3113.09,3115.11,3112.41,3115.08,396,20,0
1743426000,2025.03.31 13:00:00,3114.93,3114.94,3112.81,3113.98,381,20,0
1743426300,2025.03.31 13:05:00,3114.01,3114.34,3112.65,3112.71,302,20,0
1743426600,2025.03.31 13:10:00,3112.72,3115.61,3111.88,3114.94,396,20,0
1743426900,2025.03.31 13:15:00,3114.96,3115.39,3113.76,3114.54,256,20,0
1743427200,2025.03.31 13:20:00,3114.56,3117.11,3114.33,3116.63,352,20,0
1743427500,2025.03.31 13:25:00,3116.66,3118.65,3115.50,3117.57,369,20,0
1743427800,2025.03.31 13:30:00,3117.52,3122.08,3117.19,3121.22,387,20,0
1743428100,2025.03.31 13:35:00,3121.22,3122.59,3120.32,3121.70,426,20,0
1743428400,2025.03.31 13:40:00,3121.71,3122.68,3119.75,3119.91,382,20,0
1743428700,2025.03.31 13:45:00,3119.95,3120.45,3118.97,3119.52,334,20,0
1743429000,2025.03.31 13:50:00,3119.60,3123.66,3118.01,3118.78,428,20,0
1743429300,2025.03.31 13:55:00,3118.86,3120.11,3118.17,3118.43,323,20,0
1743429600,2025.03.31 14:00:00,3118.43,3119.09,3117.42,3117.81,326,20,0
1743429900,2025.03.31 14:05:00,3117.81,3119.24,3117.59,3117.93,311,20,0
1743430200,2025.03.31 14:10:00,3117.96,3118.25,3116.26,3117.79,313,20,0
1743430500,2025.03.31 14:15:00,3117.79,3119.68,3117.76,3118.99,320,20,0
1743430800,2025.03.31 14:20:00,3118.98,3119.55,3116.66,3116.81,301,20,0
1743431100,2025.03.31 14:25:00,3116.83,3117.27,3114.73,3116.02,347,20,0
1743431400,2025.03.31 14:30:00,3116.04,3116.10,3113.34,3113.91,370,20,0
1743431700,2025.03.31 14:35:00,3113.91,3117.67,3113.90,3117.59,342,20,0
1743432000,2025.03.31 14:40:00,3117.61,3118.92,3117.18,3117.94,324,20,0
1743432300,2025.03.31 14:45:00,3117.94,3118.35,3116.53,3117.68,301,20,0
1743432600,2025.03.31 14:50:00,3117.66,3118.18,3117.09,3117.31,271,20,0
1743432900,2025.03.31 14:55:00,3117.23,3119.53,3116.59,3119.45,288,20,0
1743433200,2025.03.31 15:00:00,3119.47,3120.96,3118.12,3120.86,412,20,0
1743433500,2025.03.31 15:05:00,3120.87,3121.25,3119.62,3120.48,392,20,0
1743433800,2025.03.31 15:10:00,3120.48,3123.35,3120.48,3122.67,469,20,0
1743434100,2025.03.31 15:15:00,3122.73,3123.65,3119.52,3122.59,442,20,0
1743434400,2025.03.31 15:20:00,3122.61,3123.81,3121.33,3123.21,463,20,0
1743434700,2025.03.31 15:25:00,3123.25,3125.44,3122.22,3125.01,441,20,0
1743435000,2025.03.31 15:30:00,3125.03,3126.25,3121.19,3121.49,449,20,0
1743435300,2025.03.31 15:35:00,3121.34,3124.51,3121.09,3123.37,400,20,0
1743435600,2025.03.31 15:40:00,3123.43,3125.09,3123.05,3124.24,426,20,0
1743435900,2025.03.31 15:45:00,3124.21,3124.60,3122.13,3124.00,455,20,0
1743436200,2025.03.31 15:50:00,3123.98,3125.67,3122.39,3122.54,444,20,0
1743436500,2025.03.31 15:55:00,3122.49,3126.56,3121.75,3124.59,433,20,0
1743436800,2025.03.31 16:00:00,3124.50,3124.68,3117.36,3117.67,518,20,0
1743437100,2025.03.31 16:05:00,3117.60,3118.41,3113.95,3117.23,527,20,0
1743437400,2025.03.31 16:10:00,3117.30,3120.20,3117.15,3118.79,514,20,0
1743437700,2025.03.31 16:15:00,3118.80,3120.87,3118.11,3120.57,498,20,0
1743438000,2025.03.31 16:20:00,3120.56,3121.65,3118.50,3119.21,464,20,0
1743438300,2025.03.31 16:25:00,3119.41,3120.31,3117.30,3117.79,483,20,0
1743438600,2025.03.31 16:30:00,3117.92,3119.32,3110.28,3112.45,556,20,0
1743438900,2025.03.31 16:35:00,3112.33,3112.47,3108.69,3108.69,537,20,0
1743439200,2025.03.31 16:40:00,3108.67,3108.75,3103.79,3104.10,521,20,0
1743439500,2025.03.31 16:45:00,3104.12,3106.22,3099.91,3104.77,555,20,0
1743439800,2025.03.31 16:50:00,3104.78,3111.70,3104.06,3110.92,543,20,0
1743440100,2025.03.31 16:55:00,3110.88,3113.91,3110.28,3113.61,517,20,0
1743440400,2025.03.31 17:00:00,3113.35,3114.43,3111.37,3113.07,555,20,0
1743440700,2025.03.31 17:05:00,3113.13,3115.93,3112.04,3115.37,533,20,0
1743441000,2025.03.31 17:10:00,3115.34,3116.55,3114.35,3115.09,533,20,0
1743441300,2025.03.31 17:15:00,3115.04,3116.36,3111.90,3113.77,532,20,0
1743441600,2025.03.31 17:20:00,3113.60,3114.66,3111.43,3111.91,514,20,0
1743441900,2025.03.31 17:25:00,3111.74,3114.16,3110.89,3112.74,492,20,0
1743442200,2025.03.31 17:30:00,3112.72,3119.25,3111.14,3118.37,502,20,0
1743442500,2025.03.31 17:35:00,3118.37,3121.10,3117.80,3119.89,541,20,0
1743442800,2025.03.31 17:40:00,3119.83,3122.00,3118.50,3119.46,481,20,0
1743443100,2025.03.31 17:45:00,3119.49,3122.33,3119.31,3121.02,504,20,0
1743443400,2025.03.31 17:50:00,3121.07,3123.34,3119.86,3120.86,488,20,0
1743443700,2025.03.31 17:55:00,3120.92,3123.57,3120.53,3123.17,481,20,0
1743444000,2025.03.31 18:00:00,3123.30,3123.90,3122.36,3123.18,469,20,0
1743444300,2025.03.31 18:05:00,3123.18,3123.23,3119.96,3122.87,476,20,0
1743444600,2025.03.31 18:10:00,3122.84,3127.07,3122.79,3125.07,468,20,0
1743444900,2025.03.31 18:15:00,3125.03,3126.02,3123.38,3123.40,439,20,0
1743445200,2025.03.31 18:20:00,3123.37,3125.31,3122.59,3124.03,461,20,0
1743445500,2025.03.31 18:25:00,3124.03,3124.54,3120.27,3121.03,480,20,0
1743445800,2025.03.31 18:30:00,3121.09,3121.35,3118.85,3119.49,430,20,0
1743446100,2025.03.31 18:35:00,3119.38,3119.76,3115.40,3116.66,443,20,0
1743446400,2025.03.31 18:40:00,3116.64,3117.26,3114.31,3115.55,420,20,0
1743446700,2025.03.31 18:45:00,3115.63,3116.60,3115.24,3116.47,389,20,0
1743447000,2025.03.31 18:50:00,3116.45,3116.84,3112.86,3115.35,454,20,0
1743447300,2025.03.31 18:55:00,3115.35,3115.78,3113.65,3113.71,443,20,0
1743447600,2025.03.31 19:00:00,3113.71,3117.00,3113.71,3116.57,458,20,0
1743447900,2025.03.31 19:05:00,3116.59,3116.76,3114.08,3114.18,408,20,0
1743448200,2025.03.31 19:10:00,3114.18,3114.83,3111.63,3113.87,439,20,0
1743448500,2025.03.31 19:15:00,3113.87,3113.87,3112.14,3113.63,428,20,0
1743448800,2025.03.31 19:20:00,3113.51,3115.03,3112.94,3114.63,420,20,0
1743449100,2025.03.31 19:25:00,3114.63,3116.12,3114.57,3115.62,407,20,0
1743449400,2025.03.31 19:30:00,3115.63,3117.47,3114.92,3117.25,393,20,0
1743449700,2025.03.31 19:35:00,3117.27,3119.23,3117.23,3119.07,392,20,0
1743450000,2025.03.31 19:40:00,3119.11,3119.69,3117.83,3119.45,422,20,0
1743450300,2025.03.31 19:45:00,3119.18,3120.61,3119.16,3120.03,421,20,0
1743450600,2025.03.31 19:50:00,3120.03,3120.55,3118.84,3118.85,391,20,0
1743450900,2025.03.31 19:55:00,3118.88,3120.13,3117.60,3117.70,430,20,0
1743451200,2025.03.31 20:00:00,3117.57,3119.15,3117.25,3119.03,408,20,0
1743451500,2025.03.31 20:05:00,3119.03,3119.56,3118.10,3119.07,381,20,0
1743451800,2025.03.31 20:10:00,3119.11,3120.24,3118.65,3119.27,373,20,0
1743452100,2025.03.31 20:15:00,3119.23,3119.89,3118.83,3119.43,332,20,0
1743452400,2025.03.31 20:20:00,3119.42,3119.52,3116.76,3117.31,421,20,0
1743452700,2025.03.31 20:25:00,3117.22,3118.97,3116.60,3117.77,410,20,0
1743453000,2025.03.31 20:30:00,3117.72,3117.78,3115.84,3116.54,374,20,0
1743453300,2025.03.31 20:35:00,3116.48,3117.58,3116.11,3117.05,341,20,0
1743453600,2025.03.31 20:40:00,3117.15,3117.59,3116.57,3117.09,347,20,0
1743453900,2025.03.31 20:45:00,3117.01,3118.01,3116.41,3117.91,364,20,0
1743454200,2025.03.31 20:50:00,3117.91,3118.45,3116.90,3118.39,332,20,0
1743454500,2025.03.31 20:55:00,3118.40,3118.62,3117.63,3117.80,304,20,0
1743454800,2025.03.31 21:00:00,3117.80,3118.79,3117.35,3118.56,370,20,0
1743455100,2025.03.31 21:05:00,3118.55,3119.95,3118.05,3119.43,289,20,0
1743455400,2025.03.31 21:10:00,3119.43,3120.39,3119.19,3119.73,312,20,0
1743455700,2025.03.31 21:15:00,3119.76,3120.74,3119.07,3120.60,309,20,0
1743456000,2025.03.31 21:20:00,3120.68,3123.29,3120.59,3122.76,314,20,0
1743456300,2025.03.31 21:25:00,3122.75,3123.20,3121.06,3121.94,340,20,0
1743456600,2025.03.31 21:30:00,3121.95,3122.32,3121.24,3121.71,285,20,0
1743456900,2025.03.31 21:35:00,3121.71,3122.66,3121.18,3121.18,294,20,0
1743457200,2025.03.31 21:40:00,3121.18,3122.18,3121.11,3121.93,243,20,0
1743457500,2025.03.31 21:45:00,3121.92,3121.92,3120.48,3121.35,298,20,0
1743457800,2025.03.31 21:50:00,3121.39,3123.12,3121.36,3122.62,257,20,0
1743458100,2025.03.31 21:55:00,3122.63,3123.32,3120.83,3121.37,338,20,0
1743458400,2025.03.31 22:00:00,3121.36,3122.18,3121.21,3121.77,293,20,0
1743458700,2025.03.31 22:05:00,3121.77,3123.80,3121.77,3123.47,244,20,0
1743459000,2025.03.31 22:10:00,3123.46,3123.76,3122.55,3122.73,319,20,0
1743459300,2025.03.31 22:15:00,3122.75,3123.65,3122.68,3123.22,302,20,0
1743459600,2025.03.31 22:20:00,3123.25,3123.97,3121.97,3123.06,295,20,0
1743459900,2025.03.31 22:25:00,3123.06,3123.36,3121.23,3121.92,314,20,0
1743460200,2025.03.31 22:30:00,3121.98,3123.34,3121.73,3122.85,283,20,0
1743460500,2025.03.31 22:35:00,3122.85,3123.20,3121.67,3122.22,316,20,0
1743460800,2025.03.31 22:40:00,3122.23,3122.75,3120.95,3121.00,352,20,0
1743461100,2025.03.31 22:45:00,3121.03,3123.27,3120.90,3122.48,304,20,0
1743461400,2025.03.31 22:50:00,3122.59,3123.43,3122.23,3123.43,340,20,0
1743461700,2025.03.31 22:55:00,3123.42,3124.56,3123.23,3124.41,349,20,0
1743462000,2025.03.31 23:00:00,3124.36,3124.67,3123.50,3124.32,257,20,0
1743462300,2025.03.31 23:05:00,3124.32,3124.52,3123.59,3123.67,120,20,0
1743462600,2025.03.31 23:10:00,3123.67,3124.25,3123.33,3123.72,142,20,0
1743462900,2025.03.31 23:15:00,3123.73,3124.03,3122.90,3122.96,127,20,0
1743463200,2025.03.31 23:20:00,3122.97,3123.42,3122.91,3123.34,139,20,0
1743463500,2025.03.31 23:25:00,3123.34,3123.88,3123.19,3123.79,193,20,0
1743463800,2025.03.31 23:30:00,3123.73,3123.93,3123.36,3123.52,143,20,0
1743464100,2025.03.31 23:35:00,3123.51,3124.08,3123.02,3123.96,167,20,0
1743464400,2025.03.31 23:40:00,3123.94,3124.45,3123.81,3124.41,136,20,0
1743464700,2025.03.31 23:45:00,3124.40,3124.40,3123.62,3123.75,173,20,0
1743465000,2025.03.31 23:50:00,3123.75,3124.32,3123.68,3123.87,121,20,0
1743465300,2025.03.31 23:55:00,3123.87,3124.18,3123.35,3123.97,94,20,0
1743469200,2025.04.01 01:00:00,3124.90,3125.70,3124.38,3124.75,121,20,0
1743469500,2025.04.01 01:05:00,3124.78,3125.39,3124.77,3124.91,118,20,0
1743469800,2025.04.01 01:10:00,3124.97,3124.97,3124.31,3124.40,73,20,0
1743470100,2025.04.01 01:15:00,3124.38,3124.38,3121.63,3121.63,170,20,0
1743470400,2025.04.01 01:20:00,3121.63,3123.13,3121.59,3123.13,134,20,0
1743470700,2025.04.01 01:25:00,3123.13,3123.65,3122.92,3123.15,75,20,0
1743471000,2025.04.01 01:30:00,3123.20,3123.45,3122.95,3123.02,88,20,0
1743471300,2025.04.01 01:35:00,3123.02,3123.27,3122.10,3122.38,88,20,0
1743471600,2025.04.01 01:40:00,3122.38,3123.13,3122.22,3123.13,90,20,0
1743471900,2025.04.01 01:45:00,3123.13,3123.63,3123.02,3123.41,63,20,0
1743472200,2025.04.01 01:50:00,3123.41,3123.51,3122.60,3122.66,78,20,0
1743472500,2025.04.01 01:55:00,3122.66,3123.06,3122.52,3122.75,80,20,0
1743472800,2025.04.01 02:00:00,3122.75,3125.06,3122.75,3124.97,238,20,0
1743473100,2025.04.01 02:05:00,3124.87,3125.91,3124.87,3125.29,186,20,0
1743473400,2025.04.01 02:10:00,3125.30,3125.81,3125.00,3125.47,136,20,0
1743473700,2025.04.01 02:15:00,3125.44,3125.73,3125.06,3125.45,121,20,0
1743474000,2025.04.01 02:20:00,3125.44,3125.78,3124.82,3124.83,136,20,0
1743474300,2025.04.01 02:25:00,3124.89,3125.42,3124.83,3125.31,96,20,0
1743474600,2025.04.01 02:30:00,3125.30,3125.59,3124.99,3125.59,149,20,0
1743474900,2025.04.01 02:35:00,3125.59,3126.15,3125.13,3125.69,256,20,0
1743475200,2025.04.01 02:40:00,3125.67,3126.31,3125.41,3125.98,208,20,0
1743475500,2025.04.01 02:45:00,3126.00,3126.35,3123.58,3124.18,195,20,0
1743475800,2025.04.01 02:50:00,3124.19,3124.30,3120.20,3120.29,239,20,0
1743476100,2025.04.01 02:55:00,3120.29,3121.24,3120.03,3120.48,272,20,0
1743476400,2025.04.01 03:00:00,3120.48,3124.28,3120.31,3122.89,356,20,0
1743476700,2025.04.01 03:05:00,3122.90,3123.97,3121.13,3122.13,306,20,0
1743477000,2025.04.01 03:10:00,3122.16,3123.61,3122.14,3122.88,236,20,0
1743477300,2025.04.01 03:15:00,3122.89,3125.36,3122.50,3125.10,235,20,0
1743477600,2025.04.01 03:20:00,3125.10,3125.53,3124.08,3124.32,260,20,0
1743477900,2025.04.01 03:25:00,3124.62,3124.64,3123.88,3124.25,187,20,0
1743478200,2025.04.01 03:30:00,3124.25,3125.44,3124.06,3124.58,219,20,0
1743478500,2025.04.01 03:35:00,3124.58,3125.63,3124.20,3125.29,187,20,0
1743478800,2025.04.01 03:40:00,3125.27,3126.48,3124.95,3126.48,146,20,0
1743479100,2025.04.01 03:45:00,3126.48,3127.55,3125.82,3127.52,258,20,0
1743479400,2025.04.01 03:50:00,3127.52,3127.73,3126.63,3127.52,307,20,0
1743479700,2025.04.01 03:55:00,3127.53,3127.92,3126.93,3127.20,278,20,0
1743480000,2025.04.01 04:00:00,3127.20,3134.21,3127.02,3129.48,529,20,0
1743480300,2025.04.01 04:05:00,3129.60,3133.15,3126.50,3131.30,529,20,0
1743480600,2025.04.01 04:10:00,3131.28,3133.52,3131.08,3132.84,478,20,0
1743480900,2025.04.01 04:15:00,3132.83,3133.36,3131.00,3132.12,451,20,0
1743481200,2025.04.01 04:20:00,3132.11,3134.32,3131.85,3133.37,456,20,0
1743481500,2025.04.01 04:25:00,3133.37,3134.60,3132.19,3133.36,394,20,0
1743481800,2025.04.01 04:30:00,3133.16,3133.47,3129.76,3133.18,443,20,0
1743482100,2025.04.01 04:35:00,3133.27,3135.07,3133.08,3134.50,403,20,0
1743482400,2025.04.01 04:40:00,3134.51,3136.12,3133.32,3135.80,382,20,0
1743482700,2025.04.01 04:45:00,3135.80,3138.18,3135.34,3136.60,428,20,0
1743483000,2025.04.01 04:50:00,3136.60,3137.65,3135.45,3135.86,417,20,0
1743483300,2025.04.01 04:55:00,3135.81,3135.91,3133.78,3135.29,382,20,0
1743483600,2025.04.01 05:00:00,3135.36,3136.31,3132.98,3133.68,464,20,0
1743483900,2025.04.01 05:05:00,3133.43,3137.54,3133.24,3136.92,412,20,0
1743484200,2025.04.01 05:10:00,3136.67,3139.87,3136.35,3139.30,443,20,0
1743484500,2025.04.01 05:15:00,3139.30,3139.82,3137.95,3139.48,331,20,0
1743484800,2025.04.01 05:20:00,3139.48,3140.09,3139.22,3140.00,355,20,0
1743485100,2025.04.01 05:25:00,3140.00,3143.39,3139.36,3142.39,380,20,0
1743485400,2025.04.01 05:30:00,3142.35,3143.52,3141.49,3142.63,437,20,0
1743485700,2025.04.01 05:35:00,3142.61,3143.09,3140.78,3141.92,373,20,0
1743486000,2025.04.01 05:40:00,3141.91,3142.75,3140.89,3142.74,417,20,0
1743486300,2025.04.01 05:45:00,3142.74,3144.72,3142.40,3144.28,440,20,0
1743486600,2025.04.01 05:50:00,3144.29,3145.05,3143.40,3144.55,415,20,0
1743486900,2025.04.01 05:55:00,3144.57,3145.60,3144.37,3145.05,438,20,0
1743487200,2025.04.01 06:00:00,3145.06,3145.13,3143.26,3143.67,360,20,0
1743487500,2025.04.01 06:05:00,3143.61,3144.95,3142.84,3143.79,363,20,0
1743487800,2025.04.01 06:10:00,3143.79,3144.27,3142.49,3144.06,320,20,0
1743488100,2025.04.01 06:15:00,3144.15,3144.91,3143.71,3144.68,329,20,0
1743488400,2025.04.01 06:20:00,3144.57,3144.57,3142.92,3144.45,360,20,0
1743488700,2025.04.01 06:25:00,3144.46,3144.94,3144.10,3144.80,277,20,0
1743489000,2025.04.01 06:30:00,3144.80,3145.68,3144.43,3145.28,281,20,0
1743489300,2025.04.01 06:35:00,3145.31,3146.02,3143.86,3143.93,261,20,0
1743489600,2025.04.01 06:40:00,3143.83,3144.94,3143.63,3144.11,279,20,0
1743489900,2025.04.01 06:45:00,3144.11,3145.67,3144.11,3145.60,248,20,0
1743490200,2025.04.01 06:50:00,3145.60,3147.23,3144.96,3146.68,225,20,0
1743490500,2025.04.01 06:55:00,3146.68,3147.34,3146.01,3146.01,264,20,0
1743490800,2025.04.01 07:00:00,3145.99,3146.52,3144.81,3145.38,279,20,0
1743491100,2025.04.01 07:05:00,3145.39,3147.17,3144.50,3146.52,299,20,0
1743491400,2025.04.01 07:10:00,3146.52,3147.93,3146.26,3146.48,249,20,0
1743491700,2025.04.01 07:15:00,3146.42,3146.53,3144.72,3145.58,224,20,0
1743492000,2025.04.01 07:20:00,3145.58,3145.65,3143.69,3143.98,239,20,0
1743492300,2025.04.01 07:25:00,3143.98,3144.84,3142.80,3143.73,295,20,0
1743492600,2025.04.01 07:30:00,3143.74,3145.49,3143.48,3144.70,209,20,0
1743492900,2025.04.01 07:35:00,3144.71,3145.69,3144.63,3145.13,262,20,0
1743493200,2025.04.01 07:40:00,3145.31,3145.31,3143.26,3144.15,272,20,0
1743493500,2025.04.01 07:45:00,3144.16,3145.10,3144.15,3145.05,244,20,0
1743493800,2025.04.01 07:50:00,3145.13,3145.50,3144.05,3144.06,223,20,0
1743494100,2025.04.01 07:55:00,3144.05,3145.08,3143.98,3144.72,184,20,0
1743494400,2025.04.01 08:00:00,3144.72,3145.09,3141.61,3143.75,350,20,0
1743494700,2025.04.01 08:05:00,3143.70,3145.06,3141.67,3142.09,387,20,0
1743495000,2025.04.01 08:10:00,3142.20,3143.42,3141.85,3142.63,306,20,0
1743495300,2025.04.01 08:15:00,3142.62,3144.80,3142.52,3144.74,353,20,0
1743495600,2025.04.01 08:20:00,3144.80,3145.67,3144.59,3145.63,248,20,0
1743495900,2025.04.01 08:25:00,3145.69,3145.69,3143.67,3145.11,327,20,0
1743496200,2025.04.01 08:30:00,3145.09,3147.81,3144.99,3147.69,417,20,0
1743496500,2025.04.01 08:35:00,3147.89,3148.94,3146.71,3146.81,375,20,0
1743496800,2025.04.01 08:40:00,3146.78,3147.06,3144.23,3145.36,419,20,0
1743497100,2025.04.01 08:45:00,3145.36,3146.25,3142.70,3142.85,384,20,0
1743497400,2025.04.01 08:50:00,3142.87,3142.89,3133.57,3134.30,497,20,0
1743497700,2025.04.01 08:55:00,3134.42,3135.30,3130.54,3132.01,522,20,0
1743498000,2025.04.01 09:00:00,3131.60,3131.78,3126.60,3131.77,559,20,0
1743498300,2025.04.01 09:05:00,3131.77,3132.81,3128.23,3128.92,528,20,0
1743498600,2025.04.01 09:10:00,3129.02,3131.57,3127.84,3130.92,493,20,0
1743498900,2025.04.01 09:15:00,3130.86,3135.14,3130.08,3132.99,463,20,0
1743499200,2025.04.01 09:20:00,3133.03,3135.27,3131.71,3134.71,467,20,0
1743499500,2025.04.01 09:25:00,3134.82,3138.13,3134.74,3136.04,448,20,0
1743499800,2025.04.01 09:30:00,3136.15,3138.07,3134.71,3137.26,431,20,0
1743500100,2025.04.01 09:35:00,3137.27,3137.63,3134.77,3135.23,444,20,0
1743500400,2025.04.01 09:40:00,3135.30,3136.43,3133.26,3133.35,427,20,0
1743500700,2025.04.01 09:45:00,3133.44,3134.07,3131.76,3133.88,472,20,0
1743501000,2025.04.01 09:50:00,3133.88,3136.65,3133.06,3134.14,455,20,0
1743501300,2025.04.01 09:55:00,3134.22,3134.22,3132.31,3133.63,455,20,0
1743501600,2025.04.01 10:00:00,3133.61,3134.35,3132.83,3133.58,413,20,0
1743501900,2025.04.01 10:05:00,3133.50,3133.74,3131.24,3132.58,388,20,0
1743502200,2025.04.01 10:10:00,3132.74,3136.64,3132.61,3136.42,421,20,0
1743502500,2025.04.01 10:15:00,3136.46,3137.65,3134.28,3134.30,421,20,0
1743502800,2025.04.01 10:20:00,3134.38,3134.89,3131.68,3133.88,449,20,0
1743503100,2025.04.01 10:25:00,3133.90,3134.56,3130.90,3132.65,412,20,0
1743503400,2025.04.01 10:30:00,3132.78,3133.19,3129.18,3129.46,398,20,0
1743503700,2025.04.01 10:35:00,3129.57,3130.22,3127.68,3127.96,455,20,0
1743504000,2025.04.01 10:40:00,3127.91,3128.17,3125.80,3126.26,441,20,0
1743504300,2025.04.01 10:45:00,3126.14,3127.43,3124.06,3124.82,454,20,0
1743504600,2025.04.01 10:50:00,3124.73,3127.26,3124.61,3126.83,439,20,0
1743504900,2025.04.01 10:55:00,3126.91,3128.45,3126.67,3127.49,416,20,0
1743505200,2025.04.01 11:00:00,3127.50,3130.44,3126.38,3129.91,430,20,0
1743505500,2025.04.01 11:05:00,3129.90,3133.88,3129.75,3133.79,437,20,0
1743505800,2025.04.01 11:10:00,3133.79,3135.28,3133.52,3135.14,413,20,0
1743506100,2025.04.01 11:15:00,3135.11,3135.59,3132.48,3132.65,346,20,0
1743506400,2025.04.01 11:20:00,3132.65,3134.22,3131.41,3132.42,406,20,0
1743506700,2025.04.01 11:25:00,3132.50,3133.43,3131.62,3132.32,278,20,0
1743507000,2025.04.01 11:30:00,3132.31,3132.83,3131.56,3131.93,279,20,0
1743507300,2025.04.01 11:35:00,3131.93,3133.91,3131.03,3132.93,334,20,0
1743507600,2025.04.01 11:40:00,3132.95,3133.55,3132.40,3132.42,289,20,0
1743507900,2025.04.01 11:45:00,3132.41,3133.28,3131.53,3131.64,240,20,0
1743508200,2025.04.01 11:50:00,3131.64,3132.36,3130.18,3132.02,275,20,0
1743508500,2025.04.01 11:55:00,3132.02,3132.17,3129.48,3130.99,258,20,0
1743508800,2025.04.01 12:00:00,3130.98,3132.55,3130.14,3131.35,293,20,0
1743509100,2025.04.01 12:05:00,3131.23,3132.07,3130.55,3132.06,293,20,0
1743509400,2025.04.01 12:10:00,3132.06,3132.83,3131.24,3131.50,237,20,0
1743509700,2025.04.01 12:15:00,3131.50,3132.43,3130.92,3132.09,254,20,0
1743510000,2025.04.01 12:20:00,3132.09,3134.06,3132.08,3133.51,310,20,0
1743510300,2025.04.01 12:25:00,3133.51,3133.70,3132.10,3132.34,291,20,0
1743510600,2025.04.01 12:30:00,3132.32,3133.46,3131.58,3132.40,323,20,0
1743510900,2025.04.01 12:35:00,3132.40,3132.65,3131.03,3131.52,233,20,0
1743511200,2025.04.01 12:40:00,3131.52,3133.08,3131.28,3133.08,208,20,0
1743511500,2025.04.01 12:45:00,3133.04,3133.16,3131.56,3131.79,293,20,0
1743511800,2025.04.01 12:50:00,3131.79,3133.28,3130.32,3132.39,366,20,0
1743512100,2025.04.01 12:55:00,3132.39,3133.41,3132.24,3132.24,253,20,0
1743512400,2025.04.01 13:00:00,3132.24,3133.03,3130.76,3132.96,329,20,0
1743512700,2025.04.01 13:05:00,3133.07,3133.68,3132.46,3132.82,403,20,0
1743513000,2025.04.01 13:10:00,3132.81,3135.76,3131.27,3135.19,381,20,0
1743513300,2025.04.01 13:15:00,3135.19,3136.59,3134.83,3135.93,358,20,0
1743513600,2025.04.01 13:20:00,3135.93,3138.87,3135.18,3137.66,413,20,0
1743513900,2025.04.01 13:25:00,3137.77,3137.93,3135.64,3136.11,372,20,0
1743514200,2025.04.01 13:30:00,3136.11,3137.72,3135.30,3135.40,360,20,0
1743514500,2025.04.01 13:35:00,3135.41,3136.23,3131.84,3134.90,415,20,0
1743514800,2025.04.01 13:40:00,3134.89,3135.76,3133.43,3133.88,362,20,0
1743515100,2025.04.01 13:45:00,3133.85,3134.66,3133.27,3133.31,342,20,0
1743515400,2025.04.01 13:50:00,3133.35,3134.60,3132.63,3132.91,313,20,0
1743515700,2025.04.01 13:55:00,3132.93,3133.72,3132.13,3132.13,331,20,0
1743516000,2025.04.01 14:00:00,3132.26,3133.38,3131.69,3132.49,390,20,0
1743516300,2025.04.01 14:05:00,3132.52,3133.28,3131.61,3131.61,375,20,0
1743516600,2025.04.01 14:10:00,3131.59,3133.78,3130.78,3133.62,357,20,0
1743516900,2025.04.01 14:15:00,3133.62,3135.85,3132.54,3134.03,349,20,0
1743517200,2025.04.01 14:20:00,3134.03,3134.12,3129.92,3130.71,391,20,0
1743517500,2025.04.01 14:25:00,3130.79,3131.62,3129.35,3130.74,352,20,0
1743517800,2025.04.01 14:30:00,3130.76,3133.60,3130.10,3133.49,398,20,0
1743518100,2025.04.01 14:35:00,3133.55,3133.55,3130.92,3131.10,337,20,0
1743518400,2025.04.01 14:40:00,3131.00,3132.96,3129.94,3132.72,360,20,0
1743518700,2025.04.01 14:45:00,3132.72,3133.23,3131.83,3132.40,297,20,0
1743519000,2025.04.01 14:50:00,3132.42,3132.42,3130.10,3131.32,327,20,0
1743519300,2025.04.01 14:55:00,3131.30,3131.30,3128.65,3130.32,416,20,0
1743519600,2025.04.01 15:00:00,3130.32,3130.63,3127.71,3129.21,442,20,0
1743519900,2025.04.01 15:05:00,3129.22,3131.99,3129.22,3131.42,379,20,0
1743520200,2025.04.01 15:10:00,3131.44,3133.05,3130.79,3132.04,353,20,0
1743520500,2025.04.01 15:15:00,3132.05,3132.61,3130.81,3131.65,322,20,0
1743520800,2025.04.01 15:20:00,3131.65,3134.01,3131.15,3133.34,456,20,0
1743521100,2025.04.01 15:25:00,3133.25,3134.32,3132.59,3133.62,423,20,0
1743521400,2025.04.01 15:30:00,3133.60,3134.33,3130.96,3131.90,410,20,0
1743521700,2025.04.01 15:35:00,3131.90,3133.94,3131.17,3132.75,416,20,0
1743522000,2025.04.01 15:40:00,3132.76,3133.43,3131.71,3133.17,357,20,0
1743522300,2025.04.01 15:45:00,3133.20,3134.01,3132.39,3133.32,333,20,0
1743522600,2025.04.01 15:50:00,3133.33,3133.45,3132.13,3132.55,274,20,0
1743522900,2025.04.01 15:55:00,3132.68,3134.25,3132.41,3133.50,365,20,0
1743523200,2025.04.01 16:00:00,3133.35,3135.14,3131.46,3134.67,462,20,0
1743523500,2025.04.01 16:05:00,3134.74,3137.00,3133.48,3136.93,457,20,0
1743523800,2025.04.01 16:10:00,3136.93,3137.05,3133.25,3134.63,423,20,0
1743524100,2025.04.01 16:15:00,3134.63,3135.00,3133.27,3133.60,378,20,0
1743524400,2025.04.01 16:20:00,3133.60,3134.22,3128.94,3130.78,475,20,0
1743524700,2025.04.01 16:25:00,3130.79,3131.22,3128.19,3129.20,442,20,0
1743525000,2025.04.01 16:30:00,3129.21,3132.95,3128.26,3130.79,506,20,0
1743525300,2025.04.01 16:35:00,3130.79,3132.41,3129.49,3132.01,511,20,0
1743525600,2025.04.01 16:40:00,3132.09,3135.02,3131.72,3132.63,452,20,0
1743525900,2025.04.01 16:45:00,3132.59,3134.44,3131.72,3134.28,474,20,0
1743526200,2025.04.01 16:50:00,3134.29,3134.29,3130.99,3133.74,507,20,0
1743526500,2025.04.01 16:55:00,3133.69,3134.15,3132.39,3133.93,435,20,0
1743526800,2025.04.01 17:00:00,3133.96,3135.26,3130.09,3132.45,496,20,0
1743527100,2025.04.01 17:05:00,3132.45,3134.69,3131.85,3132.18,524,20,0
1743527400,2025.04.01 17:10:00,3132.19,3133.41,3124.37,3125.59,554,20,0
1743527700,2025.04.01 17:15:00,3125.45,3130.22,3125.07,3127.23,515,20,0
1743528000,2025.04.01 17:20:00,3127.28,3127.62,3123.79,3127.17,494,20,0
1743528300,2025.04.01 17:25:00,3127.33,3130.49,3126.93,3127.06,456,20,0
1743528600,2025.04.01 17:30:00,3127.06,3127.29,3124.65,3126.59,466,20,0
1743528900,2025.04.01 17:35:00,3126.66,3129.56,3125.51,3127.76,506,20,0
1743529200,2025.04.01 17:40:00,3127.96,3130.02,3126.90,3127.06,467,20,0
1743529500,2025.04.01 17:45:00,3127.06,3130.31,3126.02,3130.04,454,20,0
1743529800,2025.04.01 17:50:00,3130.02,3131.65,3127.67,3128.68,469,20,0
1743530100,2025.04.01 17:55:00,3128.74,3129.90,3127.97,3128.70,455,20,0
1743530400,2025.04.01 18:00:00,3128.64,3131.87,3128.03,3131.34,469,20,0
1743530700,2025.04.01 18:05:00,3131.29,3132.98,3130.62,3130.63,471,20,0
1743531000,2025.04.01 18:10:00,3130.52,3131.62,3129.11,3131.00,467,20,0
1743531300,2025.04.01 18:15:00,3130.95,3131.54,3127.31,3127.72,435,20,0
1743531600,2025.04.01 18:20:00,3127.72,3129.78,3126.89,3128.66,423,20,0
1743531900,2025.04.01 18:25:00,3128.63,3128.63,3125.66,3126.60,425,20,0
1743532200,2025.04.01 18:30:00,3126.57,3127.23,3125.04,3126.18,435,20,0
1743532500,2025.04.01 18:35:00,3126.16,3126.99,3124.55,3125.08,424,20,0
1743532800,2025.04.01 18:40:00,3125.12,3125.41,3119.24,3121.23,474,20,0
1743533100,2025.04.01 18:45:00,3121.20,3124.15,3120.83,3122.58,503,20,0
1743533400,2025.04.01 18:50:00,3122.66,3123.05,3116.47,3118.38,516,20,0
1743533700,2025.04.01 18:55:00,3118.25,3119.23,3113.39,3113.76,523,20,0
1743534000,2025.04.01 19:00:00,3113.65,3116.74,3111.43,3114.37,519,20,0
1743534300,2025.04.01 19:05:00,3114.26,3114.87,3108.49,3109.85,521,20,0
1743534600,2025.04.01 19:10:00,3109.82,3110.11,3106.63,3107.11,522,20,0
1743534900,2025.04.01 19:15:00,3107.07,3108.78,3100.79,3102.57,528,20,0
1743535200,2025.04.01 19:20:00,3102.44,3108.03,3102.22,3106.81,516,20,0
1743535500,2025.04.01 19:25:00,3106.83,3108.50,3105.65,3107.87,462,20,0
1743535800,2025.04.01 19:30:00,3107.92,3109.20,3105.24,3105.70,504,20,0
1743536100,2025.04.01 19:35:00,3105.67,3109.87,3105.53,3109.05,494,20,0
1743536400,2025.04.01 19:40:00,3109.05,3110.59,3107.05,3107.16,499,20,0
1743536700,2025.04.01 19:45:00,3107.12,3110.74,3106.59,3110.60,433,20,0
1743537000,2025.04.01 19:50:00,3110.52,3110.62,3107.86,3108.63,418,20,0
1743537300,2025.04.01 19:55:00,3108.61,3108.61,3106.35,3106.61,407,20,0
1743537600,2025.04.01 20:00:00,3106.63,3108.54,3106.52,3107.61,391,20,0
1743537900,2025.04.01 20:05:00,3107.61,3107.82,3105.76,3107.45,359,20,0
1743538200,2025.04.01 20:10:00,3107.49,3108.69,3106.51,3108.59,376,20,0
1743538500,2025.04.01 20:15:00,3108.59,3111.25,3108.59,3109.98,392,20,0
1743538800,2025.04.01 20:20:00,3109.99,3112.90,3109.95,3112.65,363,20,0
1743539100,2025.04.01 20:25:00,3112.64,3114.20,3111.98,3114.00,438,20,0
1743539400,2025.04.01 20:30:00,3113.97,3114.52,3112.44,3112.83,447,20,0
1743539700,2025.04.01 20:35:00,3112.83,3113.41,3112.10,3113.04,367,20,0
1743540000,2025.04.01 20:40:00,3113.06,3113.50,3112.26,3113.05,327,20,0
1743540300,2025.04.01 20:45:00,3113.05,3114.13,3112.63,3113.45,298,20,0
1743540600,2025.04.01 20:50:00,3113.42,3114.43,3113.34,3114.04,305,20,0
1743540900,2025.04.01 20:55:00,3114.02,3114.33,3113.43,3113.80,344,20,0
1743541200,2025.04.01 21:00:00,3113.68,3115.50,3113.32,3115.25,423,20,0
1743541500,2025.04.01 21:05:00,3115.24,3116.62,3114.88,3116.04,393,20,0
1743541800,2025.04.01 21:10:00,3116.05,3117.08,3115.62,3116.72,346,20,0
1743542100,2025.04.01 21:15:00,3116.75,3116.79,3114.03,3115.19,341,20,0
1743542400,2025.04.01 21:20:00,3115.13,3116.37,3114.73,3115.19,313,20,0
1743542700,2025.04.01 21:25:00,3115.39,3117.27,3114.88,3116.41,331,20,0
1743543000,2025.04.01 21:30:00,3116.40,3118.61,3116.40,3118.28,312,20,0
1743543300,2025.04.01 21:35:00,3118.30,3118.35,3116.53,3116.74,300,20,0
1743543600,2025.04.01 21:40:00,3116.74,3116.74,3113.37,3113.54,370,20,0
1743543900,2025.04.01 21:45:00,3113.53,3114.82,3113.36,3114.54,317,20,0
1743544200,2025.04.01 21:50:00,3114.74,3115.08,3113.71,3113.92,270,20,0
1743544500,2025.04.01 21:55:00,3113.87,3114.59,3113.75,3114.13,313,20,0
1743544800,2025.04.01 22:00:00,3114.13,3114.60,3113.71,3113.77,267,20,0
1743545100,2025.04.01 22:05:00,3113.77,3114.76,3113.75,3114.19,241,20,0
1743545400,2025.04.01 22:10:00,3114.19,3115.19,3113.90,3115.09,226,20,0
1743545700,2025.04.01 22:15:00,3115.09,3116.86,3114.98,3115.93,274,20,0
1743546000,2025.04.01 22:20:00,3115.91,3116.49,3115.90,3116.37,222,20,0
1743546300,2025.04.01 22:25:00,3116.36,3118.29,3116.12,3117.03,233,20,0
1743546600,2025.04.01 22:30:00,3117.01,3117.54,3116.65,3116.68,246,20,0
1743546900,2025.04.01 22:35:00,3116.64,3117.21,3116.53,3116.87,250,20,0
1743547200,2025.04.01 22:40:00,3116.85,3117.00,3116.31,3116.75,300,20,0
1743547500,2025.04.01 22:45:00,3116.88,3117.23,3116.72,3117.07,297,20,0
1743547800,2025.04.01 22:50:00,3117.06,3117.90,3116.65,3117.66,324,20,0
1743548100,2025.04.01 22:55:00,3117.69,3118.95,3117.31,3118.57,323,20,0
1743548400,2025.04.01 23:00:00,3118.53,3118.87,3118.12,3118.34,174,20,0
1743548700,2025.04.01 23:05:00,3118.33,3118.64,3118.20,3118.41,101,20,0
1743549000,2025.04.01 23:10:00,3118.41,3118.46,3118.02,3118.30,99,20,0
1743549300,2025.04.01 23:15:00,3118.30,3118.34,3118.03,3118.04,82,20,0
1743549600,2025.04.01 23:20:00,3118.04,3118.52,3118.04,3118.39,97,20,0
1743549900,2025.04.01 23:25:00,3118.40,3119.85,3118.40,3119.57,148,20,0
1743550200,2025.04.01 23:30:00,3119.53,3120.64,3118.47,3118.76,164,20,0
1743550500,2025.04.01 23:35:00,3118.78,3119.30,3118.38,3118.50,108,20,0
1743550800,2025.04.01 23:40:00,3118.56,3118.75,3118.27,3118.56,89,20,0
1743551100,2025.04.01 23:45:00,3118.58,3119.47,3117.44,3117.52,188,20,0
1743551400,2025.04.01 23:50:00,3117.51,3117.66,3113.47,3114.06,261,20,0
1743551700,2025.04.01 23:55:00,3113.96,3114.66,3113.33,3114.29,122,20,0
1743555600,2025.04.02 01:00:00,3114.18,3114.38,3112.95,3114.11,130,20,0
1743555900,2025.04.02 01:05:00,3114.09,3114.78,3113.61,3113.82,101,20,0
1743556200,2025.04.02 01:10:00,3113.94,3114.10,3112.18,3112.34,122,20,0
1743556500,2025.04.02 01:15:00,3112.15,3112.53,3107.87,3107.87,267,20,0
1743556800,2025.04.02 01:20:00,3107.88,3111.10,3107.87,3110.86,195,20,0
1743557100,2025.04.02 01:25:00,3110.87,3112.42,3110.82,3111.41,159,20,0
1743557400,2025.04.02 01:30:00,3111.36,3113.37,3111.36,3113.17,159,20,0
1743557700,2025.04.02 01:35:00,3113.19,3113.48,3112.57,3113.39,110,20,0
1743558000,2025.04.02 01:40:00,3113.38,3113.61,3112.73,3112.84,84,20,0
1743558300,2025.04.02 01:45:00,3112.84,3113.29,3112.66,3113.27,102,20,0
1743558600,2025.04.02 01:50:00,3113.29,3113.38,3112.56,3112.56,114,20,0
1743558900,2025.04.02 01:55:00,3112.55,3112.55,3110.95,3111.32,142,20,0
1743559200,2025.04.02 02:00:00,3111.42,3113.95,3111.32,3113.60,173,20,0
1743559500,2025.04.02 02:05:00,3113.45,3113.72,3112.08,3112.14,120,20,0
1743559800,2025.04.02 02:10:00,3112.14,3112.46,3111.26,3111.94,149,20,0
1743560100,2025.04.02 02:15:00,3111.83,3113.07,3111.81,3113.03,105,20,0
1743560400,2025.04.02 02:20:00,3113.06,3113.29,3112.78,3113.27,63,20,0
1743560700,2025.04.02 02:25:00,3113.03,3113.30,3112.56,3112.59,90,20,0
1743561000,2025.04.02 02:30:00,3112.59,3112.80,3111.58,3111.77,161,20,0
1743561300,2025.04.02 02:35:00,3111.75,3112.76,3111.33,3112.34,146,20,0
1743561600,2025.04.02 02:40:00,3112.27,3113.74,3112.23,3113.73,115,20,0
1743561900,2025.04.02 02:45:00,3113.73,3113.95,3113.22,3113.89,148,20,0
1743562200,2025.04.02 02:50:00,3113.90,3116.07,3113.90,3115.77,276,20,0
1743562500,2025.04.02 02:55:00,3115.77,3115.77,3113.94,3115.17,186,20,0
1743562800,2025.04.02 03:00:00,3115.16,3115.39,3113.51,3114.04,251,20,0
1743563100,2025.04.02 03:05:00,3114.00,3114.96,3113.36,3114.44,261,20,0
1743563400,2025.04.02 03:10:00,3114.43,3114.43,3113.01,3113.71,252,20,0
1743563700,2025.04.02 03:15:00,3113.62,3115.20,3113.31,3115.08,196,20,0
1743564000,2025.04.02 03:20:00,3115.08,3120.82,3115.08,3120.23,386,20,0
1743564300,2025.04.02 03:25:00,3120.22,3121.82,3119.53,3121.61,323,20,0
1743564600,2025.04.02 03:30:00,3121.62,3122.16,3120.37,3121.63,267,20,0
1743564900,2025.04.02 03:35:00,3121.52,3123.01,3121.00,3122.64,286,20,0
1743565200,2025.04.02 03:40:00,3122.78,3122.88,3120.72,3120.72,257,20,0
1743565500,2025.04.02 03:45:00,3120.72,3122.77,3120.48,3122.65,204,20,0
1743565800,2025.04.02 03:50:00,3122.46,3123.64,3121.85,3121.85,268,20,0
1743566100,2025.04.02 03:55:00,3121.84,3123.12,3121.64,3122.91,234,20,0
1743566400,2025.04.02 04:00:00,3122.91,3124.23,3121.37,3122.73,409,20,0
1743566700,2025.04.02 04:05:00,3122.79,3129.50,3122.48,3128.41,448,20,0
1743567000,2025.04.02 04:10:00,3128.48,3132.60,3128.35,3132.45,464,20,0
1743567300,2025.04.02 04:15:00,3132.45,3132.89,3131.18,3132.56,425,20,0
1743567600,2025.04.02 04:20:00,3132.66,3134.10,3130.63,3131.98,410,20,0
1743567900,2025.04.02 04:25:00,3131.98,3133.94,3131.98,3133.44,349,20,0
1743568200,2025.04.02 04:30:00,3133.47,3135.26,3132.18,3132.61,444,20,0
1743568500,2025.04.02 04:35:00,3132.46,3132.64,3129.74,3130.53,407,20,0
1743568800,2025.04.02 04:40:00,3130.26,3131.75,3129.28,3130.11,410,20,0
1743569100,2025.04.02 04:45:00,3130.12,3133.72,3129.58,3132.52,409,20,0
1743569400,2025.04.02 04:50:00,3132.52,3133.45,3132.12,3133.01,319,20,0
1743569700,2025.04.02 04:55:00,3133.01,3133.89,3131.99,3133.12,387,20,0
1743570000,2025.04.02 05:00:00,3133.09,3134.07,3132.98,3133.99,362,20,0
1743570300,2025.04.02 05:05:00,3133.98,3135.62,3132.19,3132.77,382,20,0
1743570600,2025.04.02 05:10:00,3132.80,3132.98,3132.17,3132.75,268,20,0
1743570900,2025.04.02 05:15:00,3132.74,3132.97,3131.43,3132.57,317,20,0
1743571200,2025.04.02 05:20:00,3132.72,3133.76,3130.71,3131.49,303,20,0
1743571500,2025.04.02 05:25:00,3131.47,3133.24,3131.40,3132.24,274,20,0
1743571800,2025.04.02 05:30:00,3132.24,3132.73,3130.61,3131.71,332,20,0
1743572100,2025.04.02 05:35:00,3131.68,3131.88,3131.13,3131.22,233,20,0
1743572400,2025.04.02 05:40:00,3131.21,3131.65,3130.00,3131.51,301,20,0
1743572700,2025.04.02 05:45:00,3131.51,3133.66,3130.25,3130.71,353,20,0
1743573000,2025.04.02 05:50:00,3130.72,3131.58,3130.14,3131.54,250,20,0
1743573300,2025.04.02 05:55:00,3131.47,3132.10,3128.52,3128.55,281,20,0
1743573600,2025.04.02 06:00:00,3128.55,3130.81,3127.26,3130.75,358,20,0
1743573900,2025.04.02 06:05:00,3130.76,3132.10,3129.64,3131.05,265,20,0
1743574200,2025.04.02 06:10:00,3131.05,3131.48,3130.18,3131.47,242,20,0
1743574500,2025.04.02 06:15:00,3131.45,3131.68,3129.80,3130.22,232,20,0
1743574800,2025.04.02 06:20:00,3130.11,3130.32,3128.78,3129.95,298,20,0
1743575100,2025.04.02 06:25:00,3129.95,3130.05,3129.00,3129.16,253,20,0
1743575400,2025.04.02 06:30:00,3129.28,3129.36,3126.98,3127.39,234,20,0
1743575700,2025.04.02 06:35:00,3127.39,3128.40,3126.28,3127.07,280,20,0
1743576000,2025.04.02 06:40:00,3127.06,3128.31,3127.06,3127.89,225,20,0
1743576300,2025.04.02 06:45:00,3127.90,3127.92,3126.67,3127.03,178,20,0
1743576600,2025.04.02 06:50:00,3127.03,3127.42,3125.12,3125.38,212,20,0
1743576900,2025.04.02 06:55:00,3125.38,3126.29,3124.57,3125.54,279,20,0
1743577200,2025.04.02 07:00:00,3125.53,3126.72,3125.46,3125.78,250,20,0
1743577500,2025.04.02 07:05:00,3125.77,3126.61,3125.21,3125.41,182,20,0
1743577800,2025.04.02 07:10:00,3125.41,3125.64,3124.79,3125.64,220,20,0
1743578100,2025.04.02 07:15:00,3125.67,3125.97,3124.38,3125.27,181,20,0
1743578400,2025.04.02 07:20:00,3125.19,3125.71,3125.13,3125.29,134,20,0
1743578700,2025.04.02 07:25:00,3125.29,3125.30,3124.10,3124.15,142,20,0
1743579000,2025.04.02 07:30:00,3124.16,3124.58,3122.54,3122.96,241,20,0
1743579300,2025.04.02 07:35:00,3122.95,3122.95,3119.06,3119.39,282,20,0
1743579600,2025.04.02 07:40:00,3119.39,3120.17,3118.19,3119.42,312,20,0
1743579900,2025.04.02 07:45:00,3119.42,3120.52,3117.39,3117.58,331,20,0
1743580200,2025.04.02 07:50:00,3117.59,3117.93,3115.71,3117.07,345,20,0
1743580500,2025.04.02 07:55:00,3117.02,3117.91,3115.51,3115.91,271,20,0
1743580800,2025.04.02 08:00:00,3116.10,3117.47,3115.17,3116.78,322,20,0
1743581100,2025.04.02 08:05:00,3116.74,3116.84,3114.24,3114.34,339,20,0
1743581400,2025.04.02 08:10:00,3114.34,3116.73,3114.34,3116.65,275,20,0
1743581700,2025.04.02 08:15:00,3116.63,3117.85,3115.76,3116.36,305,20,0
1743582000,2025.04.02 08:20:00,3116.40,3116.55,3114.97,3116.17,230,20,0
1743582300,2025.04.02 08:25:00,3116.14,3116.14,3112.25,3112.63,307,20,0
1743582600,2025.04.02 08:30:00,3112.72,3115.87,3109.93,3113.16,519,20,0
1743582900,2025.04.02 08:35:00,3113.16,3116.99,3111.95,3114.89,473,20,0
1743583200,2025.04.02 08:40:00,3115.00,3117.21,3114.55,3116.31,346,20,0
1743583500,2025.04.02 08:45:00,3116.31,3118.24,3115.46,3117.84,301,20,0
1743583800,2025.04.02 08:50:00,3117.90,3118.92,3117.31,3118.68,385,20,0
1743584100,2025.04.02 08:55:00,3118.75,3119.13,3115.63,3118.01,366,20,0
1743584400,2025.04.02 09:00:00,3118.03,3119.02,3117.40,3117.85,318,20,0
1743584700,2025.04.02 09:05:00,3117.86,3118.51,3115.51,3116.06,373,20,0
1743585000,2025.04.02 09:10:00,3116.06,3116.12,3113.97,3115.47,407,20,0
1743585300,2025.04.02 09:15:00,3115.47,3118.22,3115.47,3118.22,330,20,0
1743585600,2025.04.02 09:20:00,3118.41,3119.62,3115.43,3116.09,415,20,0
1743585900,2025.04.02 09:25:00,3116.08,3117.01,3115.59,3116.43,331,20,0
1743586200,2025.04.02 09:30:00,3116.43,3116.92,3114.60,3116.09,369,20,0
1743586500,2025.04.02 09:35:00,3116.08,3117.25,3115.67,3116.72,288,20,0
1743586800,2025.04.02 09:40:00,3116.87,3118.85,3116.87,3118.41,293,20,0
1743587100,2025.04.02 09:45:00,3118.40,3118.87,3117.05,3117.93,310,20,0
1743587400,2025.04.02 09:50:00,3117.93,3118.99,3117.49,3117.49,291,20,0
1743587700,2025.04.02 09:55:00,3117.46,3117.97,3116.42,3116.51,326,20,0
1743588000,2025.04.02 10:00:00,3116.80,3117.20,3113.62,3114.22,412,20,0
1743588300,2025.04.02 10:05:00,3114.10,3115.63,3112.20,3112.35,370,20,0
1743588600,2025.04.02 10:10:00,3112.24,3115.33,3112.20,3113.74,362,20,0
1743588900,2025.04.02 10:15:00,3113.67,3117.30,3113.47,3117.04,336,20,0
1743589200,2025.04.02 10:20:00,3117.09,3118.22,3116.68,3117.67,333,20,0
1743589500,2025.04.02 10:25:00,3117.70,3118.31,3116.07,3116.72,310,20,0
1743589800,2025.04.02 10:30:00,3116.73,3117.87,3115.87,3116.08,297,20,0
1743590100,2025.04.02 10:35:00,3116.08,3117.36,3115.81,3117.22,266,20,0
1743590400,2025.04.02 10:40:00,3117.17,3119.51,3116.91,3119.51,326,20,0
1743590700,2025.04.02 10:45:00,3119.60,3122.53,3119.22,3122.50,348,20,0
1743591000,2025.04.02 10:50:00,3122.50,3124.78,3122.43,3124.17,338,20,0
1743591300,2025.04.02 10:55:00,3124.11,3126.06,3123.65,3125.18,371,20,0
1743591600,2025.04.02 11:00:00,3125.20,3125.52,3123.55,3125.40,353,20,0
1743591900,2025.04.02 11:05:00,3125.40,3127.44,3125.29,3127.22,341,20,0
1743592200,2025.04.02 11:10:00,3127.15,3127.57,3123.39,3125.47,395,20,0
1743592500,2025.04.02 11:15:00,3125.48,3126.53,3124.77,3125.23,385,20,0
1743592800,2025.04.02 11:20:00,3125.27,3127.59,3124.89,3127.57,314,20,0
1743593100,2025.04.02 11:25:00,3127.57,3130.19,3127.21,3128.60,400,20,0
1743593400,2025.04.02 11:30:00,3128.55,3132.56,3128.00,3132.32,492,20,0
1743593700,2025.04.02 11:35:00,3132.32,3133.72,3130.92,3132.23,433,20,0
1743594000,2025.04.02 11:40:00,3132.23,3133.29,3131.67,3132.98,380,20,0
1743594300,2025.04.02 11:45:00,3133.06,3133.61,3131.98,3132.83,327,20,0
1743594600,2025.04.02 11:50:00,3132.86,3133.75,3132.23,3132.38,330,20,0
1743594900,2025.04.02 11:55:00,3132.39,3133.30,3130.90,3131.24,325,20,0
1743595200,2025.04.02 12:00:00,3131.24,3131.46,3129.40,3130.75,360,20,0
1743595500,2025.04.02 12:05:00,3130.64,3130.85,3127.91,3129.94,355,20,0
1743595800,2025.04.02 12:10:00,3130.00,3130.55,3128.75,3128.75,337,20,0
1743596100,2025.04.02 12:15:00,3128.75,3129.50,3128.14,3129.31,326,20,0
1743596400,2025.04.02 12:20:00,3129.31,3130.62,3127.79,3129.01,334,20,0
1743596700,2025.04.02 12:25:00,3129.01,3131.00,3128.24,3130.79,291,20,0
1743597000,2025.04.02 12:30:00,3130.66,3131.17,3126.91,3128.97,361,20,0
1743597300,2025.04.02 12:35:00,3128.96,3129.25,3128.08,3128.85,303,20,0
1743597600,2025.04.02 12:40:00,3128.69,3130.06,3127.88,3129.00,255,20,0
1743597900,2025.04.02 12:45:00,3129.00,3129.61,3128.70,3129.29,199,20,0
1743598200,2025.04.02 12:50:00,3129.24,3130.30,3129.00,3129.57,234,20,0
1743598500,2025.04.02 12:55:00,3129.59,3131.25,3129.59,3131.06,254,20,0
1743598800,2025.04.02 13:00:00,3131.06,3131.35,3128.87,3130.01,361,20,0
1743599100,2025.04.02 13:05:00,3130.02,3130.61,3129.31,3130.08,304,20,0
1743599400,2025.04.02 13:10:00,3130.09,3130.14,3129.06,3130.10,263,20,0
1743599700,2025.04.02 13:15:00,3130.15,3130.21,3129.45,3129.48,304,20,0
1743600000,2025.04.02 13:20:00,3129.36,3129.67,3128.74,3128.77,277,20,0
1743600300,2025.04.02 13:25:00,3128.78,3128.79,3125.68,3126.92,334,20,0
1743600600,2025.04.02 13:30:00,3126.98,3127.68,3125.30,3125.34,320,20,0
1743600900,2025.04.02 13:35:00,3125.34,3125.82,3123.78,3123.80,310,20,0
1743601200,2025.04.02 13:40:00,3123.79,3123.97,3116.60,3117.00,440,20,0
1743601500,2025.04.02 13:45:00,3117.19,3117.20,3112.50,3116.21,470,20,0
1743601800,2025.04.02 13:50:00,3116.24,3116.65,3111.51,3111.67,442,20,0
1743602100,2025.04.02 13:55:00,3111.64,3114.80,3110.18,3114.40,429,20,0
1743602400,2025.04.02 14:00:00,3114.48,3117.89,3114.35,3117.68,421,20,0
1743602700,2025.04.02 14:05:00,3117.69,3120.77,3117.01,3118.85,425,20,0
1743603000,2025.04.02 14:10:00,3118.84,3120.05,3118.14,3119.55,335,20,0
1743603300,2025.04.02 14:15:00,3119.55,3120.48,3118.66,3119.39,371,20,0
1743603600,2025.04.02 14:20:00,3119.40,3120.87,3117.61,3120.86,395,20,0
1743603900,2025.04.02 14:25:00,3120.86,3123.86,3120.86,3122.77,386,20,0
1743604200,2025.04.02 14:30:00,3122.77,3123.01,3121.42,3122.89,325,20,0
1743604500,2025.04.02 14:35:00,3122.88,3123.41,3119.84,3119.86,323,20,0
1743604800,2025.04.02 14:40:00,3119.85,3123.50,3119.00,3121.46,331,20,0
1743605100,2025.04.02 14:45:00,3121.53,3122.65,3121.16,3122.40,240,20,0
1743605400,2025.04.02 14:50:00,3122.39,3122.90,3121.59,3122.71,228,20,0
1743605700,2025.04.02 14:55:00,3122.60,3122.72,3119.68,3121.26,300,20,0
1743606000,2025.04.02 15:00:00,3121.27,3121.97,3119.08,3119.35,366,20,0
1743606300,2025.04.02 15:05:00,3119.31,3120.35,3117.79,3119.96,377,20,0
1743606600,2025.04.02 15:10:00,3119.95,3120.22,3119.09,3119.73,301,20,0
1743606900,2025.04.02 15:15:00,3119.73,3119.85,3117.10,3118.84,367,20,0
1743607200,2025.04.02 15:20:00,3118.84,3122.03,3118.84,3121.80,354,20,0
1743607500,2025.04.02 15:25:00,3121.80,3126.07,3120.63,3126.07,410,20,0
1743607800,2025.04.02 15:30:00,3125.88,3127.17,3124.48,3124.59,421,20,0
1743608100,2025.04.02 15:35:00,3124.59,3124.65,3122.48,3123.39,404,20,0
1743608400,2025.04.02 15:40:00,3123.42,3124.76,3122.28,3124.33,429,20,0
1743608700,2025.04.02 15:45:00,3124.33,3124.65,3123.29,3123.81,324,20,0
1743609000,2025.04.02 15:50:00,3123.81,3124.70,3123.50,3124.09,338,20,0
1743609300,2025.04.02 15:55:00,3124.09,3124.60,3122.22,3122.37,381,20,0
1743609600,2025.04.02 16:00:00,3122.39,3123.94,3120.81,3122.66,482,20,0
1743609900,2025.04.02 16:05:00,3122.68,3126.93,3122.48,3126.93,450,20,0
1743610200,2025.04.02 16:10:00,3126.62,3126.75,3123.61,3123.95,442,20,0
1743610500,2025.04.02 16:15:00,3123.95,3126.78,3122.70,3125.15,451,20,0
1743610800,2025.04.02 16:20:00,3125.03,3127.09,3124.68,3125.45,415,20,0
1743611100,2025.04.02 16:25:00,3125.45,3126.57,3123.99,3125.75,409,20,0
1743611400,2025.04.02 16:30:00,3125.74,3131.25,3124.86,3130.51,499,20,0
1743611700,2025.04.02 16:35:00,3130.31,3131.95,3127.70,3128.88,542,20,0
1743612000,2025.04.02 16:40:00,3128.78,3131.30,3127.40,3127.54,492,20,0
1743612300,2025.04.02 16:45:00,3127.52,3127.57,3118.41,3119.56,531,20,0
1743612600,2025.04.02 16:50:00,3119.60,3119.99,3116.60,3117.85,505,20,0
1743612900,2025.04.02 16:55:00,3117.81,3124.32,3117.73,3122.25,472,20,0
1743613200,2025.04.02 17:00:00,3122.18,3123.27,3119.35,3120.77,485,20,0
1743613500,2025.04.02 17:05:00,3120.81,3122.74,3119.37,3121.94,469,20,0
1743613800,2025.04.02 17:10:00,3121.95,3124.58,3121.81,3123.98,444,20,0
1743614100,2025.04.02 17:15:00,3124.04,3125.79,3123.60,3124.25,443,20,0
1743614400,2025.04.02 17:20:00,3124.25,3127.08,3123.77,3126.44,394,20,0
1743614700,2025.04.02 17:25:00,3126.42,3128.45,3126.25,3126.54,422,20,0
1743615000,2025.04.02 17:30:00,3126.72,3127.43,3124.12,3125.29,416,20,0
1743615300,2025.04.02 17:35:00,3125.29,3125.88,3123.99,3125.30,383,20,0
1743615600,2025.04.02 17:40:00,3125.22,3126.71,3124.18,3125.79,423,20,0
1743615900,2025.04.02 17:45:00,3125.82,3129.28,3125.74,3128.78,426,20,0
1743616200,2025.04.02 17:50:00,3128.88,3129.23,3126.42,3126.71,450,20,0
1743616500,2025.04.02 17:55:00,3126.57,3127.34,3124.58,3124.94,417,20,0
1743616800,2025.04.02 18:00:00,3124.94,3128.12,3124.02,3127.46,411,20,0
1743617100,2025.04.02 18:05:00,3127.47,3127.47,3124.33,3124.78,369,20,0
1743617400,2025.04.02 18:10:00,3124.85,3125.97,3124.74,3125.74,392,20,0
1743617700,2025.04.02 18:15:00,3125.74,3128.07,3124.65,3127.36,325,20,0
1743618000,2025.04.02 18:20:00,3127.42,3127.74,3120.96,3124.21,415,20,0
1743618300,2025.04.02 18:25:00,3124.21,3125.59,3122.95,3124.58,387,20,0
1743618600,2025.04.02 18:30:00,3124.58,3127.54,3124.05,3127.17,425,20,0
1743618900,2025.04.02 18:35:00,3127.08,3127.91,3125.91,3126.84,401,20,0
1743619200,2025.04.02 18:40:00,3126.88,3127.50,3124.48,3127.33,422,20,0
1743619500,2025.04.02 18:45:00,3127.33,3127.79,3125.76,3127.09,372,20,0
1743619800,2025.04.02 18:50:00,3127.08,3127.79,3126.34,3126.69,335,20,0
1743620100,2025.04.02 18:55:00,3126.69,3126.69,3125.17,3125.77,307,20,0
1743620400,2025.04.02 19:00:00,3125.84,3128.33,3125.84,3128.09,352,20,0
1743620700,2025.04.02 19:05:00,3128.10,3129.51,3127.97,3129.42,430,20,0
1743621000,2025.04.02 19:10:00,3129.39,3130.20,3128.99,3129.88,391,20,0
1743621300,2025.04.02 19:15:00,3129.88,3130.20,3129.03,3129.52,375,20,0
1743621600,2025.04.02 19:20:00,3129.57,3131.17,3129.39,3131.13,360,20,0
1743621900,2025.04.02 19:25:00,3131.13,3134.26,3130.69,3132.31,459,20,0
1743622200,2025.04.02 19:30:00,3132.30,3134.04,3132.12,3133.63,423,20,0
1743622500,2025.04.02 19:35:00,3133.66,3133.77,3131.47,3131.49,418,20,0
1743622800,2025.04.02 19:40:00,3131.51,3132.68,3130.83,3132.61,333,20,0
1743623100,2025.04.02 19:45:00,3132.61,3133.68,3129.63,3129.75,398,20,0
1743623400,2025.04.02 19:50:00,3129.75,3131.01,3127.20,3130.99,448,20,0
1743623700,2025.04.02 19:55:00,3130.99,3132.63,3129.60,3131.42,438,20,0
1743624000,2025.04.02 20:00:00,3131.42,3131.42,3128.63,3129.02,364,20,0
1743624300,2025.04.02 20:05:00,3129.02,3130.89,3129.02,3130.00,347,20,0
1743624600,2025.04.02 20:10:00,3129.83,3130.45,3128.70,3129.43,385,20,0
1743624900,2025.04.02 20:15:00,3129.44,3129.48,3127.43,3127.61,427,20,0
1743625200,2025.04.02 20:20:00,3127.67,3129.00,3125.79,3126.12,419,20,0
1743625500,2025.04.02 20:25:00,3126.15,3126.31,3123.27,3124.43,426,20,0
1743625800,2025.04.02 20:30:00,3124.31,3124.39,3121.49,3123.06,387,20,0
1743626100,2025.04.02 20:35:00,3123.07,3123.07,3121.19,3121.45,399,20,0
1743626400,2025.04.02 20:40:00,3121.48,3123.86,3120.70,3123.80,388,20,0
1743626700,2025.04.02 20:45:00,3123.78,3123.94,3122.55,3122.91,378,20,0
1743627000,2025.04.02 20:50:00,3122.91,3123.65,3122.65,3123.60,329,20,0
1743627300,2025.04.02 20:55:00,3123.54,3124.82,3122.84,3123.55,408,20,0
1743627600,2025.04.02 21:00:00,3123.55,3126.21,3123.50,3125.20,383,20,0
1743627900,2025.04.02 21:05:00,3125.17,3125.27,3122.29,3123.07,323,20,0
1743628200,2025.04.02 21:10:00,3123.07,3123.58,3122.07,3123.37,313,20,0
1743628500,2025.04.02 21:15:00,3123.37,3125.20,3123.30,3124.09,357,20,0
1743628800,2025.04.02 21:20:00,3124.09,3124.13,3120.77,3120.94,400,20,0
1743629100,2025.04.02 21:25:00,3120.94,3120.95,3118.77,3119.00,405,20,0
1743629400,2025.04.02 21:30:00,3118.99,3120.51,3118.77,3119.57,359,20,0
1743629700,2025.04.02 21:35:00,3119.57,3122.83,3119.30,3121.77,332,20,0
1743630000,2025.04.02 21:40:00,3121.79,3123.12,3121.79,3122.77,247,20,0
1743630300,2025.04.02 21:45:00,3122.76,3123.45,3121.50,3122.26,285,20,0
1743630600,2025.04.02 21:50:00,3122.26,3122.41,3121.42,3122.35,198,20,0
1743630900,2025.04.02 21:55:00,3122.35,3122.39,3121.00,3121.90,232,20,0
1743631200,2025.04.02 22:00:00,3121.90,3124.87,3121.55,3124.28,277,20,0
1743631500,2025.04.02 22:05:00,3124.21,3125.14,3124.15,3124.98,238,20,0
1743631800,2025.04.02 22:10:00,3124.95,3124.97,3123.03,3123.14,265,20,0
1743632100,2025.04.02 22:15:00,3123.14,3123.76,3121.98,3123.20,249,20,0
1743632400,2025.04.02 22:20:00,3123.21,3125.81,3123.08,3125.78,250,20,0
1743632700,2025.04.02 22:25:00,3125.78,3126.10,3125.38,3125.62,264,20,0
1743633000,2025.04.02 22:30:00,3125.62,3127.19,3125.55,3127.12,261,20,0
1743633300,2025.04.02 22:35:00,3127.13,3127.21,3125.89,3126.17,269,20,0
1743633600,2025.04.02 22:40:00,3126.18,3126.55,3125.53,3126.48,210,20,0
1743633900,2025.04.02 22:45:00,3126.48,3126.58,3125.18,3125.41,233,20,0
1743634200,2025.04.02 22:50:00,3125.41,3125.46,3124.57,3124.73,289,20,0
1743634500,2025.04.02 22:55:00,3124.64,3126.10,3124.09,3124.18,376,20,0
1743634800,2025.04.02 23:00:00,3124.29,3125.14,3123.61,3123.76,287,20,0
1743635100,2025.04.02 23:05:00,3123.80,3124.72,3123.77,3123.99,148,20,0
1743635400,2025.04.02 23:10:00,3123.93,3124.88,3105.16,3118.24,408,20,0
1743635700,2025.04.02 23:15:00,3118.14,3128.19,3107.10,3120.46,516,20,0
1743636000,2025.04.02 23:20:00,3120.25,3129.33,3117.35,3122.51,503,20,0
1743636300,2025.04.02 23:25:00,3122.51,3143.08,3121.75,3135.70,572,20,0
1743636600,2025.04.02 23:30:00,3133.19,3137.29,3128.90,3135.08,562,20,0
1743636900,2025.04.02 23:35:00,3134.46,3134.94,3125.28,3131.06,555,20,0
1743637200,2025.04.02 23:40:00,3131.14,3134.94,3128.49,3130.49,527,20,0
1743637500,2025.04.02 23:45:00,3130.46,3137.21,3129.79,3131.35,537,20,0
1743637800,2025.04.02 23:50:00,3131.40,3133.65,3125.79,3132.93,451,20,0
1743638100,2025.04.02 23:55:00,3133.04,3136.71,3130.92,3133.77,279,20,0
1743642000,2025.04.03 01:00:00,3133.93,3139.82,3126.48,3130.02,338,20,0
1743642300,2025.04.03 01:05:00,3129.91,3143.07,3123.90,3142.18,534,20,0
1743642600,2025.04.03 01:10:00,3142.12,3146.43,3141.05,3144.36,540,20,0
1743642900,2025.04.03 01:15:00,3144.47,3147.41,3137.66,3141.33,526,20,0
1743643200,2025.04.03 01:20:00,3141.34,3143.57,3137.09,3138.17,466,20,0
1743643500,2025.04.03 01:25:00,3138.73,3139.15,3132.00,3136.73,507,20,0
1743643800,2025.04.03 01:30:00,3136.73,3138.81,3135.76,3137.95,432,20,0
1743644100,2025.04.03 01:35:00,3137.95,3144.48,3137.77,3142.15,480,20,0
1743644400,2025.04.03 01:40:00,3142.19,3144.17,3140.80,3142.46,410,20,0
1743644700,2025.04.03 01:45:00,3142.54,3145.17,3142.54,3144.58,360,20,0
1743645000,2025.04.03 01:50:00,3144.58,3145.11,3141.18,3141.98,431,20,0
1743645300,2025.04.03 01:55:00,3141.98,3146.05,3141.14,3145.61,317,20,0
1743645600,2025.04.03 02:00:00,3145.86,3150.33,3145.86,3148.45,447,20,0
1743645900,2025.04.03 02:05:00,3148.53,3153.18,3148.53,3153.01,451,20,0
1743646200,2025.04.03 02:10:00,3153.01,3157.02,3152.30,3156.83,431,20,0
1743646500,2025.04.03 02:15:00,3156.80,3159.30,3156.37,3157.67,474,20,0
1743646800,2025.04.03 02:20:00,3157.72,3159.09,3155.87,3156.74,421,20,0
1743647100,2025.04.03 02:25:00,3156.75,3159.87,3155.79,3159.59,411,20,0
1743647400,2025.04.03 02:30:00,3159.71,3159.86,3157.39,3157.97,446,20,0
1743647700,2025.04.03 02:35:00,3158.02,3159.96,3157.23,3159.93,375,20,0
1743648000,2025.04.03 02:40:00,3159.90,3160.85,3158.99,3160.81,344,20,0
1743648300,2025.04.03 02:45:00,3161.11,3165.49,3160.17,3164.42,474,20,0
1743648600,2025.04.03 02:50:00,3164.47,3167.59,3163.96,3164.05,472,20,0
1743648900,2025.04.03 02:55:00,3164.05,3164.06,3159.42,3162.53,455,20,0
1743649200,2025.04.03 03:00:00,3162.67,3164.80,3160.79,3163.20,500,20,0
1743649500,2025.04.03 03:05:00,3163.05,3163.66,3153.92,3154.77,502,20,0
1743649800,2025.04.03 03:10:00,3154.68,3156.39,3149.47,3150.12,522,20,0
1743650100,2025.04.03 03:15:00,3150.44,3152.00,3142.95,3142.95,473,20,0
1743650400,2025.04.03 03:20:00,3142.67,3144.97,3140.64,3143.47,497,20,0
1743650700,2025.04.03 03:25:00,3143.55,3148.75,3142.36,3148.10,470,20,0
1743651000,2025.04.03 03:30:00,3148.23,3149.40,3144.40,3148.79,482,20,0
1743651300,2025.04.03 03:35:00,3148.93,3154.61,3148.92,3152.16,445,20,0
1743651600,2025.04.03 03:40:00,3152.14,3155.54,3146.45,3146.67,499,20,0
1743651900,2025.04.03 03:45:00,3146.73,3150.67,3146.08,3149.74,457,20,0
1743652200,2025.04.03 03:50:00,3149.74,3151.21,3148.11,3150.40,467,20,0
1743652500,2025.04.03 03:55:00,3150.37,3152.66,3148.79,3151.32,388,20,0
1743652800,2025.04.03 04:00:00,3151.30,3156.10,3149.23,3153.13,553,20,0
1743653100,2025.04.03 04:05:00,3152.90,3156.36,3150.09,3155.78,547,20,0
1743653400,2025.04.03 04:10:00,3155.73,3156.38,3148.35,3151.72,549,20,0
1743653700,2025.04.03 04:15:00,3151.80,3153.20,3148.07,3151.03,497,20,0
1743654000,2025.04.03 04:20:00,3150.83,3151.51,3148.78,3150.25,453,20,0
1743654300,2025.04.03 04:25:00,3150.29,3154.48,3149.76,3152.36,470,20,0
1743654600,2025.04.03 04:30:00,3152.40,3156.39,3152.15,3155.45,467,20,0
1743654900,2025.04.03 04:35:00,3155.54,3162.86,3154.72,3157.03,507,20,0
1743655200,2025.04.03 04:40:00,3156.96,3161.47,3156.64,3160.07,489,20,0
1743655500,2025.04.03 04:45:00,3160.07,3160.34,3153.46,3153.49,452,20,0
1743655800,2025.04.03 04:50:00,3153.57,3154.20,3150.69,3152.60,448,20,0
1743656100,2025.04.03 04:55:00,3152.58,3154.52,3151.70,3153.36,423,20,0
1743656400,2025.04.03 05:00:00,3153.44,3155.30,3152.77,3152.92,414,20,0
1743656700,2025.04.03 05:05:00,3152.86,3153.63,3150.68,3150.82,430,20,0
1743657000,2025.04.03 05:10:00,3150.84,3153.11,3150.41,3151.89,412,20,0
1743657300,2025.04.03 05:15:00,3151.89,3154.57,3151.34,3153.36,335,20,0
1743657600,2025.04.03 05:20:00,3153.38,3153.38,3151.43,3152.25,307,20,0
1743657900,2025.04.03 05:25:00,3152.02,3152.02,3147.95,3150.01,392,20,0
1743658200,2025.04.03 05:30:00,3150.02,3150.99,3146.19,3146.39,474,20,0
1743658500,2025.04.03 05:35:00,3146.36,3147.79,3144.66,3147.64,429,20,0
1743658800,2025.04.03 05:40:00,3147.83,3149.45,3144.62,3148.77,442,20,0
1743659100,2025.04.03 05:45:00,3148.75,3149.01,3145.43,3145.58,396,20,0
1743659400,2025.04.03 05:50:00,3145.68,3146.96,3142.19,3143.69,450,20,0
1743659700,2025.04.03 05:55:00,3143.73,3145.12,3143.11,3145.12,414,20,0
1743660000,2025.04.03 06:00:00,3145.08,3149.77,3144.87,3149.00,501,20,0
1743660300,2025.04.03 06:05:00,3148.93,3152.19,3144.83,3145.05,489,20,0
1743660600,2025.04.03 06:10:00,3144.87,3150.00,3144.87,3149.20,440,20,0
1743660900,2025.04.03 06:15:00,3149.18,3149.33,3146.39,3147.46,397,20,0
1743661200,2025.04.03 06:20:00,3147.92,3149.28,3146.77,3148.12,424,20,0
1743661500,2025.04.03 06:25:00,3148.11,3148.48,3146.50,3148.20,393,20,0
1743661800,2025.04.03 06:30:00,3148.28,3149.86,3148.20,3148.73,322,20,0
1743662100,2025.04.03 06:35:00,3148.57,3149.66,3146.35,3146.97,338,20,0
1743662400,2025.04.03 06:40:00,3147.04,3148.48,3146.15,3148.06,351,20,0
1743662700,2025.04.03 06:45:00,3147.96,3150.11,3147.49,3148.88,328,20,0
1743663000,2025.04.03 06:50:00,3148.92,3150.16,3147.79,3149.11,322,20,0
1743663300,2025.04.03 06:55:00,3149.09,3149.16,3147.00,3148.02,322,20,0
1743663600,2025.04.03 07:00:00,3147.96,3148.88,3147.00,3147.68,282,20,0
1743663900,2025.04.03 07:05:00,3147.67,3149.61,3147.15,3147.64,339,20,0
1743664200,2025.04.03 07:10:00,3147.71,3149.39,3147.36,3149.20,294,20,0
1743664500,2025.04.03 07:15:00,3149.18,3149.67,3148.27,3148.59,170,20,0
1743664800,2025.04.03 07:20:00,3148.54,3149.03,3147.30,3147.82,235,20,0
1743665100,2025.04.03 07:25:00,3147.79,3149.12,3147.76,3148.09,243,20,0
1743665400,2025.04.03 07:30:00,3148.01,3148.06,3146.12,3147.20,317,20,0
1743665700,2025.04.03 07:35:00,3147.20,3147.20,3146.02,3146.55,236,20,0
1743666000,2025.04.03 07:40:00,3146.55,3147.15,3145.75,3145.99,217,20,0
1743666300,2025.04.03 07:45:00,3145.99,3146.02,3141.74,3141.74,350,20,0
1743666600,2025.04.03 07:50:00,3141.68,3142.69,3139.08,3142.30,394,20,0
1743666900,2025.04.03 07:55:00,3142.39,3143.58,3140.04,3140.42,385,20,0
1743667200,2025.04.03 08:00:00,3140.34,3140.81,3136.67,3140.29,396,20,0
1743667500,2025.04.03 08:05:00,3140.29,3140.92,3138.48,3140.11,349,20,0
1743667800,2025.04.03 08:10:00,3140.07,3140.13,3135.21,3135.83,391,20,0
1743668100,2025.04.03 08:15:00,3135.82,3136.04,3130.64,3131.83,438,20,0
1743668400,2025.04.03 08:20:00,3131.84,3134.55,3131.30,3131.74,398,20,0
1743668700,2025.04.03 08:25:00,3131.74,3131.93,3127.56,3130.56,416,20,0
1743669000,2025.04.03 08:30:00,3130.56,3131.63,3126.33,3129.20,536,20,0
1743669300,2025.04.03 08:35:00,3129.10,3133.99,3127.53,3130.47,528,20,0
1743669600,2025.04.03 08:40:00,3130.46,3132.56,3126.64,3127.77,463,20,0
1743669900,2025.04.03 08:45:00,3127.78,3129.45,3124.10,3126.47,486,20,0
1743670200,2025.04.03 08:50:00,3126.47,3131.90,3125.98,3131.84,481,20,0
1743670500,2025.04.03 08:55:00,3131.92,3133.25,3130.87,3131.39,434,20,0
1743670800,2025.04.03 09:00:00,3131.76,3133.95,3128.65,3129.85,471,20,0
1743671100,2025.04.03 09:05:00,3129.69,3130.80,3127.79,3130.25,440,20,0
1743671400,2025.04.03 09:10:00,3130.42,3132.35,3129.75,3130.89,425,20,0
1743671700,2025.04.03 09:15:00,3130.89,3131.33,3127.86,3128.40,487,20,0
1743672000,2025.04.03 09:20:00,3128.30,3128.32,3124.91,3127.29,480,20,0
1743672300,2025.04.03 09:25:00,3127.29,3129.28,3121.48,3122.15,449,20,0
1743672600,2025.04.03 09:30:00,3122.31,3123.88,3116.62,3123.83,522,20,0
1743672900,2025.04.03 09:35:00,3123.93,3125.59,3123.08,3125.55,510,20,0
1743673200,2025.04.03 09:40:00,3125.44,3126.14,3123.25,3124.44,466,20,0
1743673500,2025.04.03 09:45:00,3124.44,3130.43,3122.18,3130.42,515,20,0
1743673800,2025.04.03 09:50:00,3130.48,3131.61,3126.46,3128.17,497,20,0
1743674100,2025.04.03 09:55:00,3128.17,3130.42,3127.39,3127.58,467,20,0
1743674400,2025.04.03 10:00:00,3127.59,3127.96,3124.03,3124.03,486,20,0
1743674700,2025.04.03 10:05:00,3124.04,3125.43,3121.59,3121.72,479,20,0
1743675000,2025.04.03 10:10:00,3121.74,3122.86,3119.85,3121.00,460,20,0
1743675300,2025.04.03 10:15:00,3121.00,3122.97,3120.06,3122.33,458,20,0
1743675600,2025.04.03 10:20:00,3122.32,3124.53,3121.47,3123.93,484,20,0
1743675900,2025.04.03 10:25:00,3123.93,3125.83,3122.60,3124.93,447,20,0
1743676200,2025.04.03 10:30:00,3124.96,3125.84,3122.04,3124.92,430,20,0
1743676500,2025.04.03 10:35:00,3124.72,3126.38,3122.93,3123.08,414,20,0
1743676800,2025.04.03 10:40:00,3123.21,3123.83,3121.14,3122.48,362,20,0
1743677100,2025.04.03 10:45:00,3122.33,3125.81,3121.84,3125.62,413,20,0
1743677400,2025.04.03 10:50:00,3125.66,3128.63,3125.62,3128.22,399,20,0
1743677700,2025.04.03 10:55:00,3128.15,3130.13,3128.15,3129.11,406,20,0
1743678000,2025.04.03 11:00:00,3129.20,3130.97,3128.01,3128.54,439,20,0
1743678300,2025.04.03 11:05:00,3128.52,3132.09,3128.38,3129.46,431,20,0
1743678600,2025.04.03 11:10:00,3129.46,3129.80,3127.28,3129.49,414,20,0
1743678900,2025.04.03 11:15:00,3129.47,3131.51,3129.15,3131.51,315,20,0
1743679200,2025.04.03 11:20:00,3131.51,3131.51,3127.91,3130.10,422,20,0
1743679500,2025.04.03 11:25:00,3130.07,3131.19,3127.94,3128.37,340,20,0
1743679800,2025.04.03 11:30:00,3128.33,3130.71,3127.93,3130.28,313,20,0
1743680100,2025.04.03 11:35:00,3130.28,3130.41,3128.48,3128.74,343,20,0
1743680400,2025.04.03 11:40:00,3128.65,3130.15,3128.16,3128.59,394,20,0
1743680700,2025.04.03 11:45:00,3128.58,3128.60,3126.09,3127.75,455,20,0
1743681000,2025.04.03 11:50:00,3127.74,3129.58,3127.74,3129.39,369,20,0
1743681300,2025.04.03 11:55:00,3129.35,3129.88,3128.43,3129.07,365,20,0
1743681600,2025.04.03 12:00:00,3129.07,3129.13,3127.24,3128.35,353,20,0
1743681900,2025.04.03 12:05:00,3128.33,3128.95,3126.89,3127.78,410,20,0
1743682200,2025.04.03 12:10:00,3127.71,3129.33,3127.14,3128.51,447,20,0
1743682500,2025.04.03 12:15:00,3128.52,3129.54,3126.21,3127.61,439,20,0
1743682800,2025.04.03 12:20:00,3127.51,3129.14,3125.00,3125.28,453,20,0
1743683100,2025.04.03 12:25:00,3125.23,3127.49,3125.15,3125.64,451,20,0
1743683400,2025.04.03 12:30:00,3125.65,3129.05,3124.38,3129.04,411,20,0
1743683700,2025.04.03 12:35:00,3128.80,3128.80,3124.38,3125.42,456,20,0
1743684000,2025.04.03 12:40:00,3125.42,3128.83,3125.40,3127.82,412,20,0
1743684300,2025.04.03 12:45:00,3127.83,3128.19,3123.76,3125.14,448,20,0
1743684600,2025.04.03 12:50:00,3125.15,3126.04,3124.75,3125.39,412,20,0
1743684900,2025.04.03 12:55:00,3125.38,3125.69,3121.78,3121.78,401,20,0
1743685200,2025.04.03 13:00:00,3121.59,3123.01,3119.93,3121.54,512,20,0
1743685500,2025.04.03 13:05:00,3121.65,3122.36,3112.67,3113.27,494,20,0
1743685800,2025.04.03 13:10:00,3113.42,3121.25,3112.24,3119.33,542,20,0
1743686100,2025.04.03 13:15:00,3119.23,3119.85,3110.55,3113.44,520,20,0
1743686400,2025.04.03 13:20:00,3113.39,3115.48,3111.21,3111.28,508,20,0
1743686700,2025.04.03 13:25:00,3111.27,3111.86,3104.70,3107.36,502,20,0
1743687000,2025.04.03 13:30:00,3107.53,3108.12,3102.66,3102.68,534,20,0
1743687300,2025.04.03 13:35:00,3102.69,3106.82,3101.09,3106.61,516,20,0
1743687600,2025.04.03 13:40:00,3106.85,3108.19,3104.85,3107.19,507,20,0
1743687900,2025.04.03 13:45:00,3107.19,3112.83,3107.02,3109.20,471,20,0
1743688200,2025.04.03 13:50:00,3109.10,3109.25,3104.40,3104.74,502,20,0
1743688500,2025.04.03 13:55:00,3104.75,3105.02,3089.62,3094.92,503,20,0
1743688800,2025.04.03 14:00:00,3095.52,3097.89,3087.70,3096.12,538,20,0
1743689100,2025.04.03 14:05:00,3096.17,3098.32,3093.94,3097.59,520,20,0
1743689400,2025.04.03 14:10:00,3097.55,3099.66,3094.71,3098.04,516,20,0
1743689700,2025.04.03 14:15:00,3098.03,3099.98,3094.89,3095.16,479,20,0
1743690000,2025.04.03 14:20:00,3095.17,3098.09,3093.15,3095.31,462,20,0
1743690300,2025.04.03 14:25:00,3095.34,3095.89,3091.88,3092.15,414,20,0
1743690600,2025.04.03 14:30:00,3092.14,3092.14,3087.72,3091.62,524,20,0
1743690900,2025.04.03 14:35:00,3091.45,3093.21,3088.21,3089.02,501,20,0
1743691200,2025.04.03 14:40:00,3089.02,3091.13,3085.27,3090.93,506,20,0
1743691500,2025.04.03 14:45:00,3090.98,3092.66,3089.55,3092.03,460,20,0
1743691800,2025.04.03 14:50:00,3092.03,3097.29,3091.79,3094.68,483,20,0
1743692100,2025.04.03 14:55:00,3094.71,3095.15,3092.45,3093.13,475,20,0
1743692400,2025.04.03 15:00:00,3093.13,3093.86,3090.44,3092.37,493,20,0
1743692700,2025.04.03 15:05:00,3092.08,3094.66,3090.88,3092.56,469,20,0
1743693000,2025.04.03 15:10:00,3092.01,3092.17,3087.40,3090.52,519,20,0
1743693300,2025.04.03 15:15:00,3090.45,3090.89,3087.70,3088.89,485,20,0
1743693600,2025.04.03 15:20:00,3088.88,3089.16,3081.08,3081.08,525,20,0
1743693900,2025.04.03 15:25:00,3080.90,3080.90,3075.00,3078.56,544,20,0
1743694200,2025.04.03 15:30:00,3078.59,3079.19,3068.38,3068.54,560,20,0
1743694500,2025.04.03 15:35:00,3068.41,3072.98,3062.81,3065.33,570,20,0
1743694800,2025.04.03 15:40:00,3065.29,3066.76,3062.08,3066.18,545,20,0
1743695100,2025.04.03 15:45:00,3065.77,3074.03,3065.08,3072.65,565,20,0
1743695400,2025.04.03 15:50:00,3072.35,3077.61,3072.02,3077.20,548,20,0
1743695700,2025.04.03 15:55:00,3077.18,3080.20,3075.31,3076.25,545,20,0
1743696000,2025.04.03 16:00:00,3076.36,3076.36,3067.75,3068.10,542,20,0
1743696300,2025.04.03 16:05:00,3068.12,3068.75,3063.19,3064.89,560,20,0
1743696600,2025.04.03 16:10:00,3064.62,3065.47,3054.24,3059.37,561,20,0
1743696900,2025.04.03 16:15:00,3059.33,3069.56,3056.35,3067.21,560,20,0
1743697200,2025.04.03 16:20:00,3067.25,3067.63,3059.58,3065.48,526,20,0
1743697500,2025.04.03 16:25:00,3065.18,3067.72,3060.28,3065.57,519,20,0
1743697800,2025.04.03 16:30:00,3065.56,3071.60,3064.07,3070.42,559,20,0
1743698100,2025.04.03 16:35:00,3070.40,3085.15,3069.90,3085.01,546,20,0
1743698400,2025.04.03 16:40:00,3085.19,3088.76,3081.61,3086.66,546,20,0
1743698700,2025.04.03 16:45:00,3086.64,3093.38,3086.63,3090.16,560,20,0
1743699000,2025.04.03 16:50:00,3090.18,3093.28,3086.73,3087.84,519,20,0
1743699300,2025.04.03 16:55:00,3087.67,3089.12,3084.14,3086.23,489,20,0
1743699600,2025.04.03 17:00:00,3086.12,3100.71,3086.12,3099.58,559,20,0
1743699900,2025.04.03 17:05:00,3099.30,3107.13,3096.06,3105.69,552,20,0
1743700200,2025.04.03 17:10:00,3105.71,3116.57,3104.07,3113.85,551,20,0
1743700500,2025.04.03 17:15:00,3114.29,3119.38,3113.61,3114.73,552,20,0
1743700800,2025.04.03 17:20:00,3114.71,3119.00,3110.98,3118.78,528,20,0
1743701100,2025.04.03 17:25:00,3118.81,3126.55,3118.37,3125.14,563,20,0
1743701400,2025.04.03 17:30:00,3125.28,3127.36,3117.54,3121.79,552,20,0
1743701700,2025.04.03 17:35:00,3121.77,3127.82,3120.54,3122.56,545,20,0
1743702000,2025.04.03 17:40:00,3122.57,3124.85,3119.18,3123.74,521,20,0
1743702300,2025.04.03 17:45:00,3123.70,3134.33,3123.70,3134.08,546,20,0
1743702600,2025.04.03 17:50:00,3134.09,3135.47,3131.79,3133.32,506,20,0
1743702900,2025.04.03 17:55:00,3133.64,3133.97,3127.64,3128.66,529,20,0
1743703200,2025.04.03 18:00:00,3128.80,3129.25,3125.11,3126.94,511,20,0
1743703500,2025.04.03 18:05:00,3126.88,3127.76,3118.45,3118.67,520,20,0
1743703800,2025.04.03 18:10:00,3118.57,3119.65,3110.27,3111.30,540,20,0
1743704100,2025.04.03 18:15:00,3111.53,3113.42,3105.95,3107.18,537,20,0
1743704400,2025.04.03 18:20:00,3107.20,3110.82,3107.11,3110.74,524,20,0
1743704700,2025.04.03 18:25:00,3110.75,3112.39,3103.99,3106.22,518,20,0
1743705000,2025.04.03 18:30:00,3106.27,3110.80,3106.05,3109.72,512,20,0
1743705300,2025.04.03 18:35:00,3109.23,3112.21,3107.85,3109.65,501,20,0
1743705600,2025.04.03 18:40:00,3109.63,3113.49,3105.54,3112.85,501,20,0
1743705900,2025.04.03 18:45:00,3112.84,3112.85,3108.04,3110.99,434,20,0
1743706200,2025.04.03 18:50:00,3110.95,3110.95,3105.65,3108.58,470,20,0
1743706500,2025.04.03 18:55:00,3108.58,3110.76,3107.97,3110.65,488,20,0
1743706800,2025.04.03 19:00:00,3110.67,3114.14,3109.71,3112.54,475,20,0
1743707100,2025.04.03 19:05:00,3112.30,3113.40,3104.16,3106.56,503,20,0
1743707400,2025.04.03 19:10:00,3106.56,3110.73,3106.43,3108.83,480,20,0
1743707700,2025.04.03 19:15:00,3108.72,3109.34,3107.52,3108.16,437,20,0
1743708000,2025.04.03 19:20:00,3108.15,3108.41,3101.83,3103.81,423,20,0
1743708300,2025.04.03 19:25:00,3103.80,3108.43,3102.01,3108.42,484,20,0
1743708600,2025.04.03 19:30:00,3108.42,3109.55,3106.46,3107.85,402,20,0
1743708900,2025.04.03 19:35:00,3107.78,3109.07,3107.05,3107.84,425,20,0
1743709200,2025.04.03 19:40:00,3107.84,3110.72,3107.84,3109.34,416,20,0
1743709500,2025.04.03 19:45:00,3109.34,3110.36,3108.39,3109.18,429,20,0
1743709800,2025.04.03 19:50:00,3109.24,3110.58,3108.87,3109.48,417,20,0
1743710100,2025.04.03 19:55:00,3109.48,3110.15,3107.28,3107.47,457,20,0
1743710400,2025.04.03 20:00:00,3107.48,3107.53,3103.50,3104.15,457,20,0
1743710700,2025.04.03 20:05:00,3104.43,3104.43,3102.07,3103.64,419,20,0
1743711000,2025.04.03 20:10:00,3103.64,3104.23,3102.11,3103.83,427,20,0
1743711300,2025.04.03 20:15:00,3103.83,3105.48,3100.78,3103.46,419,20,0
1743711600,2025.04.03 20:20:00,3103.44,3105.10,3102.35,3102.48,446,20,0
1743711900,2025.04.03 20:25:00,3102.50,3103.66,3100.76,3100.77,463,20,0
1743712200,2025.04.03 20:30:00,3100.88,3104.53,3100.09,3102.87,434,20,0
1743712500,2025.04.03 20:35:00,3102.86,3106.12,3102.85,3105.41,408,20,0
1743712800,2025.04.03 20:40:00,3105.36,3107.77,3105.36,3106.55,360,20,0
1743713100,2025.04.03 20:45:00,3106.55,3108.64,3106.09,3107.94,333,20,0
1743713400,2025.04.03 20:50:00,3107.94,3108.77,3107.61,3108.71,358,20,0
1743713700,2025.04.03 20:55:00,3108.72,3109.79,3108.38,3109.49,390,20,0
1743714000,2025.04.03 21:00:00,3109.48,3110.18,3107.59,3107.61,418,20,0
1743714300,2025.04.03 21:05:00,3107.61,3108.53,3106.92,3108.41,360,20,0
1743714600,2025.04.03 21:10:00,3108.40,3109.26,3107.09,3107.23,381,20,0
1743714900,2025.04.03 21:15:00,3107.23,3108.39,3105.28,3105.43,358,20,0
1743715200,2025.04.03 21:20:00,3105.42,3106.16,3102.88,3103.28,418,20,0
1743715500,2025.04.03 21:25:00,3103.26,3104.89,3103.13,3104.88,364,20,0
1743715800,2025.04.03 21:30:00,3104.90,3104.99,3102.15,3103.09,373,20,0
1743716100,2025.04.03 21:35:00,3103.10,3104.80,3102.28,3104.75,360,20,0
1743716400,2025.04.03 21:40:00,3104.75,3106.78,3104.74,3106.44,358,20,0
1743716700,2025.04.03 21:45:00,3106.48,3106.80,3105.43,3106.10,335,20,0
1743717000,2025.04.03 21:50:00,3106.12,3109.68,3106.11,3109.68,315,20,0
1743717300,2025.04.03 21:55:00,3109.67,3111.63,3109.13,3111.57,358,20,0
1743717600,2025.04.03 22:00:00,3111.60,3112.74,3111.01,3112.35,324,20,0
1743717900,2025.04.03 22:05:00,3112.44,3112.54,3110.42,3110.49,324,20,0
1743718200,2025.04.03 22:10:00,3110.48,3111.86,3110.19,3111.65,328,20,0
1743718500,2025.04.03 22:15:00,3111.66,3113.19,3108.89,3112.89,408,20,0
1743718800,2025.04.03 22:20:00,3112.85,3112.93,3109.19,3109.26,378,20,0
1743719100,2025.04.03 22:25:00,3109.25,3109.30,3106.65,3106.97,279,20,0
1743719400,2025.04.03 22:30:00,3107.13,3107.22,3104.18,3104.44,431,20,0
1743719700,2025.04.03 22:35:00,3104.45,3104.91,3102.55,3103.29,381,20,0
1743720000,2025.04.03 22:40:00,3103.41,3104.79,3102.52,3104.75,369,20,0
1743720300,2025.04.03 22:45:00,3104.74,3104.77,3102.23,3102.76,376,20,0
1743720600,2025.04.03 22:50:00,3102.59,3105.81,3101.59,3105.60,445,20,0
1743720900,2025.04.03 22:55:00,3105.60,3108.09,3105.40,3107.50,396,20,0
1743721200,2025.04.03 23:00:00,3107.48,3108.65,3107.37,3107.40,291,20,0
1743721500,2025.04.03 23:05:00,3107.40,3109.35,3107.40,3108.54,232,20,0
1743721800,2025.04.03 23:10:00,3108.54,3108.84,3107.47,3107.66,134,20,0
1743722100,2025.04.03 23:15:00,3107.67,3108.68,3107.67,3108.29,179,20,0
1743722400,2025.04.03 23:20:00,3108.32,3108.82,3108.08,3108.52,147,20,0
1743722700,2025.04.03 23:25:00,3108.50,3110.84,3108.36,3109.95,233,20,0
1743723000,2025.04.03 23:30:00,3109.93,3111.28,3109.75,3110.48,240,20,0
1743723300,2025.04.03 23:35:00,3110.45,3113.97,3110.33,3113.86,239,20,0
1743723600,2025.04.03 23:40:00,3113.88,3117.70,3113.32,3117.08,242,20,0
1743723900,2025.04.03 23:45:00,3117.23,3119.82,3115.68,3116.56,292,20,0
1743724200,2025.04.03 23:50:00,3116.56,3116.86,3112.86,3114.30,282,20,0
1743724500,2025.04.03 23:55:00,3114.40,3114.65,3113.19,3113.33,108,20,0
1743728400,2025.04.04 01:00:00,3114.21,3115.13,3113.73,3114.42,139,20,0
1743728700,2025.04.04 01:05:00,3114.40,3114.69,3113.26,3113.63,159,20,0
1743729000,2025.04.04 01:10:00,3113.71,3114.79,3113.55,3114.33,156,20,0
1743729300,2025.04.04 01:15:00,3114.32,3115.00,3113.73,3114.88,148,20,0
1743729600,2025.04.04 01:20:00,3114.88,3114.91,3113.28,3113.43,166,20,0
1743729900,2025.04.04 01:25:00,3113.41,3114.50,3112.95,3114.36,137,20,0
1743730200,2025.04.04 01:30:00,3114.49,3116.61,3114.30,3116.59,191,20,0
1743730500,2025.04.04 01:35:00,3116.63,3116.67,3115.35,3115.58,124,20,0
1743730800,2025.04.04 01:40:00,3115.57,3116.19,3114.89,3116.07,173,20,0
1743731100,2025.04.04 01:45:00,3116.02,3116.02,3112.60,3112.94,200,20,0
1743731400,2025.04.04 01:50:00,3112.63,3113.26,3112.44,3113.20,197,20,0
1743731700,2025.04.04 01:55:00,3113.19,3116.13,3112.80,3115.33,175,20,0
1743732000,2025.04.04 02:00:00,3115.35,3115.35,3112.26,3112.43,262,20,0
1743732300,2025.04.04 02:05:00,3112.42,3112.76,3110.99,3110.99,194,20,0
1743732600,2025.04.04 02:10:00,3110.98,3111.66,3109.82,3111.22,213,20,0
1743732900,2025.04.04 02:15:00,3111.22,3111.97,3110.54,3111.93,160,20,0
1743733200,2025.04.04 02:20:00,3111.93,3111.96,3110.72,3111.76,145,20,0
1743733500,2025.04.04 02:25:00,3111.82,3112.87,3111.22,3112.58,175,20,0
1743733800,2025.04.04 02:30:00,3112.60,3115.19,3112.50,3115.13,239,20,0
1743734100,2025.04.04 02:35:00,3115.12,3115.24,3114.10,3114.34,182,20,0
1743734400,2025.04.04 02:40:00,3114.09,3114.67,3113.68,3114.42,150,20,0
1743734700,2025.04.04 02:45:00,3114.44,3115.79,3113.81,3115.71,278,20,0
1743735000,2025.04.04 02:50:00,3115.70,3116.25,3115.27,3115.36,283,20,0
1743735300,2025.04.04 02:55:00,3115.23,3115.23,3112.80,3112.88,304,20,0
1743735600,2025.04.04 03:00:00,3112.88,3114.24,3111.90,3114.11,370,20,0
1743735900,2025.04.04 03:05:00,3114.12,3115.01,3112.78,3113.31,332,20,0
1743736200,2025.04.04 03:10:00,3113.45,3113.83,3112.37,3112.57,319,20,0
1743736500,2025.04.04 03:15:00,3112.56,3113.31,3111.81,3111.88,326,20,0
1743736800,2025.04.04 03:20:00,3111.85,3112.88,3111.31,3112.48,336,20,0
1743737100,2025.04.04 03:25:00,3112.48,3112.67,3109.09,3109.11,352,20,0
1743737400,2025.04.04 03:30:00,3109.17,3110.65,3107.84,3109.55,399,20,0
1743737700,2025.04.04 03:35:00,3109.53,3109.53,3106.02,3107.81,385,20,0
1743738000,2025.04.04 03:40:00,3107.81,3110.97,3107.70,3110.91,340,20,0
1743738300,2025.04.04 03:45:00,3110.91,3111.08,3108.50,3110.51,345,20,0
1743738600,2025.04.04 03:50:00,3110.51,3111.54,3109.43,3110.75,348,20,0
1743738900,2025.04.04 03:55:00,3110.79,3111.32,3109.79,3110.56,295,20,0
1743739200,2025.04.04 04:00:00,3110.56,3112.88,3110.34,3112.77,375,20,0
1743739500,2025.04.04 04:05:00,3112.79,3115.27,3112.59,3114.85,431,20,0
1743739800,2025.04.04 04:10:00,3114.78,3115.73,3113.89,3114.59,354,20,0
1743740100,2025.04.04 04:15:00,3114.59,3114.85,3111.72,3113.98,350,20,0
1743740400,2025.04.04 04:20:00,3113.96,3114.85,3113.46,3114.04,285,20,0
1743740700,2025.04.04 04:25:00,3114.05,3114.05,3111.93,3113.81,337,20,0
1743741000,2025.04.04 04:30:00,3113.81,3114.30,3110.48,3111.02,353,20,0
1743741300,2025.04.04 04:35:00,3111.07,3111.66,3109.40,3111.02,405,20,0
1743741600,2025.04.04 04:40:00,3110.96,3111.81,3109.20,3110.04,328,20,0
1743741900,2025.04.04 04:45:00,3110.01,3111.72,3109.63,3110.85,390,20,0
1743742200,2025.04.04 04:50:00,3110.87,3112.69,3109.98,3111.69,357,20,0
1743742500,2025.04.04 04:55:00,3111.63,3111.63,3109.46,3109.76,302,20,0
1743742800,2025.04.04 05:00:00,3109.77,3111.21,3107.47,3111.02,377,20,0
1743743100,2025.04.04 05:05:00,3111.02,3112.87,3110.75,3112.02,335,20,0
1743743400,2025.04.04 05:10:00,3112.02,3112.90,3111.52,3112.57,349,20,0
1743743700,2025.04.04 05:15:00,3112.57,3112.82,3110.26,3110.68,334,20,0
1743744000,2025.04.04 05:20:00,3110.66,3111.16,3106.84,3107.64,426,20,0
1743744300,2025.04.04 05:25:00,3107.64,3108.79,3104.36,3104.46,460,20,0
1743744600,2025.04.04 05:30:00,3104.45,3106.03,3102.59,3104.28,454,20,0
1743744900,2025.04.04 05:35:00,3104.24,3105.41,3091.18,3092.07,489,20,0
1743745200,2025.04.04 05:40:00,3092.53,3098.90,3091.85,3098.41,497,20,0
1743745500,2025.04.04 05:45:00,3098.40,3099.22,3092.85,3094.96,390,20,0
1743745800,2025.04.04 05:50:00,3094.96,3096.33,3093.82,3095.74,320,20,0
1743746100,2025.04.04 05:55:00,3095.73,3097.57,3093.83,3096.77,323,20,0
1743746400,2025.04.04 06:00:00,3096.78,3099.03,3095.80,3098.05,421,20,0
1743746700,2025.04.04 06:05:00,3098.01,3098.01,3086.99,3091.91,501,20,0
1743747000,2025.04.04 06:10:00,3091.90,3095.48,3091.90,3093.71,398,20,0
1743747300,2025.04.04 06:15:00,3093.71,3094.23,3091.14,3092.89,370,20,0
1743747600,2025.04.04 06:20:00,3093.14,3093.76,3089.77,3092.37,426,20,0
1743747900,2025.04.04 06:25:00,3092.38,3093.51,3090.42,3093.43,357,20,0
1743748200,2025.04.04 06:30:00,3093.44,3095.50,3093.33,3093.53,421,20,0
1743748500,2025.04.04 06:35:00,3093.47,3093.65,3092.12,3092.29,370,20,0
1743748800,2025.04.04 06:40:00,3091.92,3094.89,3091.83,3094.86,385,20,0
1743749100,2025.04.04 06:45:00,3094.85,3096.06,3093.26,3093.51,357,20,0
1743749400,2025.04.04 06:50:00,3093.53,3097.49,3092.71,3096.26,415,20,0
1743749700,2025.04.04 06:55:00,3096.26,3098.33,3095.75,3098.31,356,20,0
1743750000,2025.04.04 07:00:00,3098.39,3099.40,3096.08,3098.16,401,20,0
1743750300,2025.04.04 07:05:00,3098.17,3099.90,3097.91,3098.12,356,20,0
1743750600,2025.04.04 07:10:00,3098.11,3100.39,3097.22,3099.30,348,20,0
1743750900,2025.04.04 07:15:00,3099.40,3101.04,3098.17,3100.63,404,20,0
1743751200,2025.04.04 07:20:00,3100.66,3101.65,3098.46,3098.46,360,20,0
1743751500,2025.04.04 07:25:00,3098.46,3100.28,3098.30,3098.87,308,20,0
1743751800,2025.04.04 07:30:00,3098.86,3101.27,3097.55,3101.27,332,20,0
1743752100,2025.04.04 07:35:00,3101.27,3103.03,3101.27,3102.01,306,20,0
1743752400,2025.04.04 07:40:00,3102.04,3104.44,3101.29,3104.22,337,20,0
1743752700,2025.04.04 07:45:00,3104.15,3104.93,3102.54,3102.74,331,20,0
1743753000,2025.04.04 07:50:00,3102.74,3103.38,3099.31,3100.01,346,20,0
1743753300,2025.04.04 07:55:00,3100.01,3100.52,3098.19,3100.01,360,20,0
1743753600,2025.04.04 08:00:00,3100.06,3103.37,3098.76,3103.07,395,20,0
1743753900,2025.04.04 08:05:00,3103.07,3104.93,3102.79,3103.11,344,20,0
1743754200,2025.04.04 08:10:00,3103.18,3103.42,3101.32,3101.87,319,20,0
1743754500,2025.04.04 08:15:00,3101.87,3103.81,3101.48,3102.08,321,20,0
1743754800,2025.04.04 08:20:00,3101.94,3104.34,3101.83,3104.18,314,20,0
1743755100,2025.04.04 08:25:00,3104.19,3107.40,3103.08,3105.94,393,20,0
1743755400,2025.04.04 08:30:00,3105.97,3105.97,3103.31,3103.32,365,20,0
1743755700,2025.04.04 08:35:00,3103.31,3104.28,3101.66,3104.04,347,20,0
1743756000,2025.04.04 08:40:00,3104.03,3104.54,3102.42,3102.73,306,20,0
1743756300,2025.04.04 08:45:00,3102.80,3105.52,3102.58,3104.68,311,20,0
1743756600,2025.04.04 08:50:00,3104.60,3107.33,3104.54,3106.29,357,20,0
1743756900,2025.04.04 08:55:00,3106.22,3108.63,3106.15,3108.63,272,20,0
1743757200,2025.04.04 09:00:00,3108.63,3109.88,3107.58,3109.13,382,20,0
1743757500,2025.04.04 09:05:00,3108.92,3109.44,3106.38,3107.41,380,20,0
1743757800,2025.04.04 09:10:00,3107.57,3108.58,3107.03,3107.43,321,20,0
1743758100,2025.04.04 09:15:00,3107.43,3107.87,3104.16,3104.19,371,20,0
1743758400,2025.04.04 09:20:00,3104.21,3105.04,3102.84,3104.75,398,20,0
1743758700,2025.04.04 09:25:00,3104.60,3104.60,3102.55,3102.81,342,20,0
1743759000,2025.04.04 09:30:00,3102.81,3104.58,3101.05,3102.40,351,20,0
1743759300,2025.04.04 09:35:00,3102.42,3103.97,3100.66,3101.39,373,20,0
1743759600,2025.04.04 09:40:00,3101.30,3102.44,3101.16,3101.21,349,20,0
1743759900,2025.04.04 09:45:00,3101.21,3103.49,3100.71,3100.71,320,20,0
1743760200,2025.04.04 09:50:00,3100.72,3102.81,3100.72,3101.81,387,20,0
1743760500,2025.04.04 09:55:00,3101.82,3102.28,3100.56,3101.10,359,20,0
1743760800,2025.04.04 10:00:00,3101.07,3102.07,3094.94,3097.47,479,20,0
1743761100,2025.04.04 10:05:00,3097.44,3101.64,3096.76,3101.14,476,20,0
1743761400,2025.04.04 10:10:00,3101.14,3102.50,3099.17,3099.99,395,20,0
1743761700,2025.04.04 10:15:00,3100.13,3100.71,3097.14,3097.17,436,20,0
1743762000,2025.04.04 10:20:00,3097.18,3097.91,3092.83,3096.61,514,20,0
1743762300,2025.04.04 10:25:00,3096.63,3103.46,3096.56,3100.35,507,20,0
1743762600,2025.04.04 10:30:00,3100.33,3100.35,3095.92,3097.19,450,20,0
1743762900,2025.04.04 10:35:00,3097.18,3097.58,3094.23,3094.48,461,20,0
1743763200,2025.04.04 10:40:00,3094.48,3095.54,3093.67,3093.83,465,20,0
1743763500,2025.04.04 10:45:00,3093.82,3096.66,3093.50,3095.27,442,20,0
1743763800,2025.04.04 10:50:00,3095.28,3095.79,3092.06,3094.07,390,20,0
1743764100,2025.04.04 10:55:00,3094.03,3094.62,3092.07,3092.80,444,20,0
1743764400,2025.04.04 11:00:00,3092.83,3093.63,3088.36,3090.93,494,20,0
1743764700,2025.04.04 11:05:00,3090.95,3094.02,3090.76,3090.80,416,20,0
1743765000,2025.04.04 11:10:00,3090.61,3091.35,3088.37,3089.04,469,20,0
1743765300,2025.04.04 11:15:00,3089.03,3089.27,3085.38,3086.77,441,20,0
1743765600,2025.04.04 11:20:00,3086.73,3087.30,3081.94,3086.47,490,20,0
1743765900,2025.04.04 11:25:00,3086.08,3087.38,3083.87,3084.58,404,20,0
1743766200,2025.04.04 11:30:00,3084.54,3084.72,3080.43,3081.66,462,20,0
1743766500,2025.04.04 11:35:00,3081.67,3084.17,3080.91,3082.17,464,20,0
1743766800,2025.04.04 11:40:00,3082.18,3083.20,3078.43,3083.15,476,20,0
1743767100,2025.04.04 11:45:00,3083.15,3085.30,3083.11,3083.82,447,20,0
1743767400,2025.04.04 11:50:00,3083.86,3084.23,3081.57,3083.91,447,20,0
1743767700,2025.04.04 11:55:00,3083.92,3085.79,3083.83,3084.20,416,20,0
1743768000,2025.04.04 12:00:00,3084.18,3090.71,3083.87,3089.85,488,20,0
1743768300,2025.04.04 12:05:00,3089.77,3090.37,3086.83,3089.79,479,20,0
1743768600,2025.04.04 12:10:00,3089.63,3092.34,3089.03,3090.88,438,20,0
1743768900,2025.04.04 12:15:00,3090.88,3091.86,3089.93,3090.88,406,20,0
1743769200,2025.04.04 12:20:00,3090.90,3094.17,3090.90,3094.15,406,20,0
1743769500,2025.04.04 12:25:00,3094.19,3095.87,3093.21,3093.55,430,20,0
1743769800,2025.04.04 12:30:00,3093.55,3093.71,3090.67,3090.75,437,20,0
1743770100,2025.04.04 12:35:00,3090.63,3092.97,3088.91,3091.55,414,20,0
1743770400,2025.04.04 12:40:00,3091.55,3091.84,3088.12,3088.13,400,20,0
1743770700,2025.04.04 12:45:00,3088.13,3091.21,3086.55,3091.16,412,20,0
1743771000,2025.04.04 12:50:00,3091.15,3094.65,3090.80,3092.16,420,20,0
1743771300,2025.04.04 12:55:00,3092.12,3092.33,3089.70,3090.59,428,20,0
1743771600,2025.04.04 13:00:00,3090.66,3096.08,3090.55,3094.18,417,20,0
1743771900,2025.04.04 13:05:00,3094.02,3100.11,3093.80,3095.43,468,20,0
1743772200,2025.04.04 13:10:00,3095.45,3095.92,3093.24,3095.23,478,20,0
1743772500,2025.04.04 13:15:00,3095.28,3099.14,3095.28,3098.16,471,20,0
1743772800,2025.04.04 13:20:00,3098.06,3099.92,3093.84,3095.01,527,20,0
1743773100,2025.04.04 13:25:00,3095.20,3107.03,3094.85,3107.03,529,20,0
1743773400,2025.04.04 13:30:00,3106.96,3114.72,3104.38,3114.02,541,20,0
1743773700,2025.04.04 13:35:00,3113.83,3114.38,3108.14,3108.15,541,20,0
1743774000,2025.04.04 13:40:00,3108.11,3116.10,3106.89,3111.08,506,20,0
1743774300,2025.04.04 13:45:00,3111.15,3112.98,3109.64,3112.39,498,20,0
1743774600,2025.04.04 13:50:00,3112.43,3115.50,3107.44,3108.01,489,20,0
1743774900,2025.04.04 13:55:00,3108.04,3111.86,3104.68,3110.34,514,20,0
1743775200,2025.04.04 14:00:00,3110.35,3114.24,3109.12,3112.86,515,20,0
1743775500,2025.04.04 14:05:00,3112.87,3128.22,3112.16,3127.61,542,20,0
1743775800,2025.04.04 14:10:00,3127.62,3136.43,3126.70,3134.27,537,20,0
1743776100,2025.04.04 14:15:00,3134.38,3134.45,3127.77,3133.79,524,20,0
1743776400,2025.04.04 14:20:00,3133.80,3133.86,3128.07,3128.65,514,20,0
1743776700,2025.04.04 14:25:00,3128.63,3132.62,3126.23,3127.08,518,20,0
1743777000,2025.04.04 14:30:00,3127.27,3129.15,3119.34,3119.41,537,20,0
1743777300,2025.04.04 14:35:00,3119.68,3122.13,3114.32,3114.94,504,20,0
1743777600,2025.04.04 14:40:00,3114.98,3115.20,3106.99,3108.83,558,20,0
1743777900,2025.04.04 14:45:00,3108.90,3111.15,3095.69,3110.61,558,20,0
1743778200,2025.04.04 14:50:00,3109.94,3110.10,3104.81,3107.31,515,20,0
1743778500,2025.04.04 14:55:00,3107.32,3112.10,3107.28,3110.26,519,20,0
1743778800,2025.04.04 15:00:00,3110.32,3111.50,3100.53,3100.53,535,20,0
1743779100,2025.04.04 15:05:00,3100.49,3100.72,3094.28,3099.75,484,20,0
1743779400,2025.04.04 15:10:00,3099.82,3100.03,3091.62,3092.60,485,20,0
1743779700,2025.04.04 15:15:00,3092.84,3101.20,3091.64,3100.71,523,20,0
1743780000,2025.04.04 15:20:00,3100.88,3104.14,3093.11,3093.28,525,20,0
1743780300,2025.04.04 15:25:00,3093.28,3099.93,3091.33,3097.37,486,20,0
1743780600,2025.04.04 15:30:00,3097.36,3100.41,3088.65,3092.55,545,20,0
1743780900,2025.04.04 15:35:00,3092.46,3095.09,3078.43,3080.38,566,20,0
1743781200,2025.04.04 15:40:00,3080.54,3089.08,3070.92,3088.92,542,20,0
1743781500,2025.04.04 15:45:00,3088.82,3090.19,3075.28,3079.01,532,20,0
1743781800,2025.04.04 15:50:00,3078.98,3080.72,3070.11,3070.69,521,20,0
1743782100,2025.04.04 15:55:00,3070.69,3076.18,3069.58,3071.31,538,20,0
1743782400,2025.04.04 16:00:00,3071.13,3080.15,3070.05,3077.08,531,20,0
1743782700,2025.04.04 16:05:00,3076.94,3081.92,3073.66,3079.91,516,20,0
1743783000,2025.04.04 16:10:00,3079.71,3082.56,3077.22,3082.45,531,20,0
1743783300,2025.04.04 16:15:00,3082.35,3087.33,3081.16,3084.73,509,20,0
1743783600,2025.04.04 16:20:00,3084.84,3086.90,3082.53,3083.55,498,20,0
1743783900,2025.04.04 16:25:00,3083.59,3083.95,3075.57,3076.07,520,20,0
1743784200,2025.04.04 16:30:00,3075.72,3080.34,3070.00,3070.92,542,20,0
1743784500,2025.04.04 16:35:00,3070.85,3075.89,3059.91,3075.03,507,20,0
1743784800,2025.04.04 16:40:00,3075.18,3079.33,3072.68,3074.75,528,20,0
1743785100,2025.04.04 16:45:00,3074.73,3076.87,3071.59,3071.97,535,20,0
1743785400,2025.04.04 16:50:00,3071.81,3072.11,3064.28,3064.28,495,20,0
1743785700,2025.04.04 16:55:00,3064.29,3068.09,3061.35,3061.93,521,20,0
1743786000,2025.04.04 17:00:00,3061.76,3061.76,3053.42,3056.14,545,20,0
1743786300,2025.04.04 17:05:00,3056.82,3058.22,3048.43,3050.24,529,20,0
1743786600,2025.04.04 17:10:00,3050.17,3053.55,3047.49,3048.83,519,20,0
1743786900,2025.04.04 17:15:00,3048.81,3048.81,3041.74,3047.25,543,20,0
1743787200,2025.04.04 17:20:00,3047.75,3058.66,3046.99,3055.56,544,20,0
1743787500,2025.04.04 17:25:00,3055.36,3055.36,3047.14,3047.81,539,20,0
1743787800,2025.04.04 17:30:00,3047.77,3051.32,3046.12,3046.37,530,20,0
1743788100,2025.04.04 17:35:00,3046.28,3047.03,3041.85,3043.96,547,20,0
1743788400,2025.04.04 17:40:00,3043.96,3046.41,3041.97,3042.62,515,20,0
1743788700,2025.04.04 17:45:00,3042.71,3042.71,3029.89,3030.36,550,20,0
1743789000,2025.04.04 17:50:00,3030.22,3050.71,3027.06,3048.92,556,20,0
1743789300,2025.04.04 17:55:00,3048.70,3050.22,3038.23,3038.23,533,20,0
1743789600,2025.04.04 18:00:00,3038.37,3050.26,3036.30,3045.26,523,20,0
1743789900,2025.04.04 18:05:00,3045.31,3046.58,3037.56,3038.72,531,20,0
1743790200,2025.04.04 18:10:00,3038.05,3047.87,3031.33,3043.73,543,20,0
1743790500,2025.04.04 18:15:00,3043.83,3044.52,3038.12,3039.00,524,20,0
1743790800,2025.04.04 18:20:00,3038.99,3040.48,3034.96,3037.21,529,20,0
1743791100,2025.04.04 18:25:00,3037.21,3037.61,3023.68,3026.23,560,20,0
1743791400,2025.04.04 18:30:00,3026.32,3035.44,3024.65,3024.98,545,20,0
1743791700,2025.04.04 18:35:00,3024.97,3026.12,3018.49,3022.98,520,20,0
1743792000,2025.04.04 18:40:00,3022.79,3026.83,3017.39,3017.86,538,20,0
1743792300,2025.04.04 18:45:00,3017.89,3025.09,3017.11,3021.55,553,20,0
1743792600,2025.04.04 18:50:00,3021.54,3022.59,3017.79,3019.32,509,20,0
1743792900,2025.04.04 18:55:00,3019.32,3023.40,3019.11,3021.83,460,20,0
1743793200,2025.04.04 19:00:00,3021.97,3025.94,3020.46,3020.46,533,20,0
1743793500,2025.04.04 19:05:00,3020.53,3024.29,3019.53,3021.00,475,20,0
1743793800,2025.04.04 19:10:00,3021.02,3024.19,3017.68,3022.39,515,20,0
1743794100,2025.04.04 19:15:00,3022.48,3028.16,3020.97,3027.18,518,20,0
1743794400,2025.04.04 19:20:00,3026.87,3029.49,3022.03,3023.45,486,20,0
1743794700,2025.04.04 19:25:00,3022.70,3032.19,3022.70,3030.76,498,20,0
1743795000,2025.04.04 19:30:00,3030.70,3032.60,3027.14,3029.05,489,20,0
1743795300,2025.04.04 19:35:00,3029.07,3034.64,3026.72,3033.59,508,20,0
1743795600,2025.04.04 19:40:00,3033.50,3036.82,3032.02,3032.56,448,20,0
1743795900,2025.04.04 19:45:00,3032.56,3032.65,3029.21,3031.00,480,20,0
1743796200,2025.04.04 19:50:00,3030.93,3031.79,3029.92,3030.86,413,20,0
1743796500,2025.04.04 19:55:00,3030.94,3031.63,3029.60,3031.13,424,20,0
1743796800,2025.04.04 20:00:00,3030.89,3032.89,3029.58,3030.89,452,20,0
1743797100,2025.04.04 20:05:00,3030.89,3032.78,3026.79,3027.05,422,20,0
1743797400,2025.04.04 20:10:00,3027.07,3027.73,3024.60,3027.24,468,20,0
1743797700,2025.04.04 20:15:00,3027.24,3027.80,3022.84,3023.01,472,20,0
1743798000,2025.04.04 20:20:00,3024.02,3024.52,3021.05,3023.15,491,20,0
1743798300,2025.04.04 20:25:00,3023.18,3024.05,3017.35,3017.92,503,20,0
1743798600,2025.04.04 20:30:00,3018.22,3024.77,3015.93,3024.33,490,20,0
1743798900,2025.04.04 20:35:00,3024.64,3027.55,3023.21,3025.68,487,20,0
1743799200,2025.04.04 20:40:00,3025.55,3028.50,3022.61,3023.88,453,20,0
1743799500,2025.04.04 20:45:00,3023.87,3025.43,3022.87,3023.67,434,20,0
1743799800,2025.04.04 20:50:00,3023.67,3026.56,3022.72,3024.62,455,20,0
1743800100,2025.04.04 20:55:00,3024.69,3026.25,3023.86,3025.99,412,20,0
1743800400,2025.04.04 21:00:00,3025.89,3027.91,3022.90,3022.91,466,20,0
1743800700,2025.04.04 21:05:00,3022.99,3024.77,3022.99,3024.56,440,20,0
1743801000,2025.04.04 21:10:00,3024.47,3024.96,3022.28,3024.21,415,20,0
1743801300,2025.04.04 21:15:00,3024.30,3025.64,3022.46,3023.85,371,20,0
1743801600,2025.04.04 21:20:00,3023.86,3024.12,3021.81,3021.97,357,20,0
1743801900,2025.04.04 21:25:00,3021.96,3024.61,3021.63,3024.59,366,20,0
1743802200,2025.04.04 21:30:00,3024.59,3025.97,3023.84,3024.82,374,20,0
1743802500,2025.04.04 21:35:00,3024.84,3026.01,3021.87,3022.03,428,20,0
1743802800,2025.04.04 21:40:00,3021.98,3022.84,3021.47,3021.99,378,20,0
1743803100,2025.04.04 21:45:00,3021.95,3021.98,3018.00,3020.26,442,20,0
1743803400,2025.04.04 21:50:00,3020.42,3025.94,3019.96,3025.66,450,20,0
1743803700,2025.04.04 21:55:00,3025.66,3025.77,3022.46,3025.32,417,20,0
1743804000,2025.04.04 22:00:00,3025.50,3027.77,3024.65,3027.77,454,20,0
1743804300,2025.04.04 22:05:00,3027.77,3027.77,3023.65,3023.73,417,20,0
1743804600,2025.04.04 22:10:00,3023.65,3024.35,3022.14,3023.67,390,20,0
1743804900,2025.04.04 22:15:00,3023.67,3032.22,3022.09,3030.76,441,20,0
1743805200,2025.04.04 22:20:00,3030.76,3032.66,3028.53,3032.37,375,20,0
1743805500,2025.04.04 22:25:00,3032.37,3034.60,3027.08,3028.54,460,20,0
1743805800,2025.04.04 22:30:00,3028.55,3030.40,3027.74,3029.88,452,20,0
1743806100,2025.04.04 22:35:00,3029.89,3030.29,3027.71,3029.34,453,20,0
1743806400,2025.04.04 22:40:00,3029.37,3031.47,3029.37,3030.07,416,20,0
1743806700,2025.04.04 22:45:00,3030.07,3040.93,3030.02,3037.80,502,20,0
1743807000,2025.04.04 22:50:00,3037.87,3038.35,3035.62,3036.44,469,20,0
1743807300,2025.04.04 22:55:00,3036.31,3038.04,3035.85,3036.40,505,20,0
1743807600,2025.04.04 23:00:00,3036.42,3037.94,3036.23,3036.43,383,20,0
1743807900,2025.04.04 23:05:00,3036.43,3037.13,3033.82,3036.69,262,20,0
1743808200,2025.04.04 23:10:00,3036.64,3038.47,3035.60,3038.46,317,20,0
1743808500,2025.04.04 23:15:00,3038.35,3040.96,3037.80,3037.96,280,20,0
1743808800,2025.04.04 23:20:00,3037.99,3038.31,3035.90,3037.92,277,20,0
1743809100,2025.04.04 23:25:00,3037.92,3039.33,3037.02,3038.07,345,20,0
1743809400,2025.04.04 23:30:00,3038.07,3038.47,3036.67,3036.73,276,20,0
1743809700,2025.04.04 23:35:00,3036.72,3038.23,3036.56,3037.00,248,20,0
1743810000,2025.04.04 23:40:00,3037.00,3037.37,3035.80,3036.08,242,20,0
1743810300,2025.04.04 23:45:00,3036.10,3038.08,3035.80,3038.00,238,20,0
1743810600,2025.04.04 23:50:00,3038.02,3038.58,3036.67,3037.21,234,20,0
1743810900,2025.04.04 23:55:00,3037.18,3039.65,3036.70,3038.66,164,20,0
1743987600,2025.04.07 01:00:00,3028.17,3031.39,3018.22,3028.03,769,20,0
1743987900,2025.04.07 01:05:00,3028.03,3028.06,2994.06,3013.02,439,20,0
1743988200,2025.04.07 01:10:00,3013.07,3032.29,3012.87,3032.25,535,20,0
1743988500,2025.04.07 01:15:00,3032.18,3032.18,3019.78,3021.52,463,20,0
1743988800,2025.04.07 01:20:00,3021.50,3023.29,2999.57,3012.76,444,20,0
1743989100,2025.04.07 01:25:00,3012.82,3016.93,3012.82,3015.07,304,20,0
1743989400,2025.04.07 01:30:00,3014.91,3015.98,3007.87,3013.03,369,20,0
1743989700,2025.04.07 01:35:00,3012.87,3020.16,3012.58,3019.19,361,20,0
1743990000,2025.04.07 01:40:00,3019.19,3021.69,3012.88,3016.17,471,20,0
1743990300,2025.04.07 01:45:00,3016.52,3017.30,3011.98,3015.49,355,20,0
1743990600,2025.04.07 01:50:00,3015.49,3016.05,3004.87,3009.20,306,20,0
1743990900,2025.04.07 01:55:00,3009.14,3010.79,3007.81,3010.49,217,20,0
1743991200,2025.04.07 02:00:00,3009.95,3016.05,3008.93,3014.26,236,20,0
1743991500,2025.04.07 02:05:00,3014.26,3017.03,3012.62,3013.06,207,20,0
1743991800,2025.04.07 02:10:00,3013.06,3013.96,3005.26,3009.11,307,20,0
1743992100,2025.04.07 02:15:00,3009.38,3009.38,2998.54,2999.72,276,20,0
1743992400,2025.04.07 02:20:00,2999.59,2999.59,2988.64,2992.46,431,20,0
1743992700,2025.04.07 02:25:00,2992.46,2994.18,2983.37,2984.92,469,20,0
1743993000,2025.04.07 02:30:00,2985.33,2987.20,2977.57,2981.09,496,20,0
1743993300,2025.04.07 02:35:00,2980.97,2986.03,2977.29,2980.86,420,20,0
1743993600,2025.04.07 02:40:00,2980.82,2990.57,2980.81,2987.58,373,20,0
1743993900,2025.04.07 02:45:00,2987.54,2998.03,2984.54,2995.88,421,20,0
1743994200,2025.04.07 02:50:00,2995.82,2999.76,2989.42,2993.33,443,20,0
1743994500,2025.04.07 02:55:00,2993.74,3001.91,2993.73,2999.79,453,20,0
1743994800,2025.04.07 03:00:00,2999.79,3009.45,2999.54,3000.63,530,20,0
1743995100,2025.04.07 03:05:00,2999.65,3002.37,2986.14,2989.05,500,20,0
1743995400,2025.04.07 03:10:00,2988.28,2988.56,2973.01,2981.86,548,20,0
1743995700,2025.04.07 03:15:00,2981.72,2990.36,2976.05,2986.14,428,20,0
1743996000,2025.04.07 03:20:00,2986.14,2991.14,2982.00,2983.87,420,20,0
1743996300,2025.04.07 03:25:00,2983.87,2987.90,2982.19,2985.40,379,20,0
1743996600,2025.04.07 03:30:00,2985.24,2988.93,2979.85,2985.16,389,20,0
1743996900,2025.04.07 03:35:00,2985.40,2992.73,2985.37,2987.47,405,20,0
1743997200,2025.04.07 03:40:00,2987.47,2989.54,2980.53,2982.96,424,20,0
1743997500,2025.04.07 03:45:00,2982.96,2983.13,2972.90,2981.21,432,20,0
1743997800,2025.04.07 03:50:00,2981.21,2984.80,2978.37,2980.93,433,20,0
1743998100,2025.04.07 03:55:00,2981.09,2988.70,2978.57,2978.99,504,20,0
1743998400,2025.04.07 04:00:00,2979.03,2995.52,2973.55,2980.23,559,20,0
1743998700,2025.04.07 04:05:00,2980.21,2995.01,2972.26,2992.99,572,20,0
1743999000,2025.04.07 04:10:00,2992.91,3008.78,2991.78,3006.62,561,20,0
1743999300,2025.04.07 04:15:00,3006.62,3014.35,3005.00,3013.02,557,20,0
1743999600,2025.04.07 04:20:00,3013.40,3020.23,3010.06,3019.06,560,20,0
1743999900,2025.04.07 04:25:00,3019.18,3020.38,3015.98,3019.35,564,20,0
1744000200,2025.04.07 04:30:00,3019.01,3030.98,3016.23,3028.53,570,20,0
1744000500,2025.04.07 04:35:00,3028.50,3049.34,3021.98,3048.56,549,20,0
1744000800,2025.04.07 04:40:00,3048.60,3054.91,3038.98,3051.89,587,20,0
1744001100,2025.04.07 04:45:00,3052.17,3054.70,3045.18,3048.25,578,20,0
1744001400,2025.04.07 04:50:00,3048.31,3048.31,3037.14,3041.88,581,20,0
1744001700,2025.04.07 04:55:00,3042.19,3045.83,3036.53,3038.37,566,20,0
1744002000,2025.04.07 05:00:00,3038.43,3045.94,3036.28,3045.94,525,20,0
1744002300,2025.04.07 05:05:00,3046.35,3054.68,3045.21,3054.26,570,20,0
1744002600,2025.04.07 05:10:00,3053.90,3055.38,3046.90,3052.81,522,20,0
1744002900,2025.04.07 05:15:00,3052.78,3053.52,3046.34,3048.74,367,20,0
1744003200,2025.04.07 05:20:00,3048.26,3051.91,3043.84,3044.40,437,20,0
1744003500,2025.04.07 05:25:00,3044.47,3045.80,3040.10,3042.50,423,20,0
1744003800,2025.04.07 05:30:00,3042.50,3045.05,3033.03,3036.15,533,20,0
1744004100,2025.04.07 05:35:00,3036.18,3036.31,3027.32,3033.97,530,20,0
1744004400,2025.04.07 05:40:00,3034.05,3037.07,3032.32,3032.55,457,20,0
1744004700,2025.04.07 05:45:00,3032.92,3035.05,3026.89,3030.68,494,20,0
1744005000,2025.04.07 05:50:00,3030.97,3035.28,3030.26,3034.93,423,20,0
1744005300,2025.04.07 05:55:00,3034.94,3035.75,3024.32,3026.00,461,20,0
1744005600,2025.04.07 06:00:00,3026.16,3029.42,3021.85,3027.75,471,20,0
1744005900,2025.04.07 06:05:00,3027.76,3030.21,3023.52,3026.13,455,20,0
1744006200,2025.04.07 06:10:00,3026.09,3028.20,3023.48,3026.07,434,20,0
1744006500,2025.04.07 06:15:00,3026.07,3031.27,3025.56,3030.69,446,20,0
1744006800,2025.04.07 06:20:00,3030.42,3030.85,3027.91,3028.64,376,20,0
1744007100,2025.04.07 06:25:00,3028.79,3030.37,3027.29,3029.95,342,20,0
1744007400,2025.04.07 06:30:00,3029.75,3029.97,3027.35,3028.27,405,20,0
1744007700,2025.04.07 06:35:00,3028.29,3029.83,3026.88,3029.27,321,20,0
1744008000,2025.04.07 06:40:00,3029.27,3033.89,3026.02,3027.09,369,20,0
1744008300,2025.04.07 06:45:00,3027.09,3029.09,3019.42,3019.67,381,20,0
1744008600,2025.04.07 06:50:00,3019.58,3023.18,3018.56,3019.37,353,20,0
1744008900,2025.04.07 06:55:00,3019.36,3019.40,3016.99,3019.13,421,20,0
1744009200,2025.04.07 07:00:00,3019.10,3026.22,3018.99,3025.67,369,20,0
1744009500,2025.04.07 07:05:00,3025.53,3027.98,3023.26,3027.25,304,20,0
1744009800,2025.04.07 07:10:00,3027.31,3031.80,3026.27,3027.07,347,20,0
1744010100,2025.04.07 07:15:00,3026.85,3028.13,3025.86,3026.37,266,20,0
1744010400,2025.04.07 07:20:00,3026.46,3027.84,3023.86,3027.45,288,20,0
1744010700,2025.04.07 07:25:00,3027.45,3030.14,3026.01,3026.57,256,20,0
1744011000,2025.04.07 07:30:00,3026.54,3030.59,3025.27,3027.59,296,20,0
1744011300,2025.04.07 07:35:00,3027.63,3032.86,3027.22,3032.20,308,20,0
1744011600,2025.04.07 07:40:00,3032.13,3032.13,3027.48,3028.09,263,20,0
1744011900,2025.04.07 07:45:00,3028.09,3029.11,3026.10,3027.21,247,20,0
1744012200,2025.04.07 07:50:00,3027.21,3029.81,3026.31,3029.36,286,20,0
1744012500,2025.04.07 07:55:00,3029.46,3035.68,3029.46,3035.53,350,20,0
1744012800,2025.04.07 08:00:00,3035.42,3037.47,3031.53,3031.53,379,20,0
1744013100,2025.04.07 08:05:00,3031.82,3033.50,3029.83,3030.24,363,20,0
1744013400,2025.04.07 08:10:00,3030.24,3030.44,3024.91,3029.50,326,20,0
1744013700,2025.04.07 08:15:00,3029.50,3038.18,3029.27,3038.09,373,20,0
1744014000,2025.04.07 08:20:00,3038.08,3039.86,3035.26,3038.61,409,20,0
1744014300,2025.04.07 08:25:00,3038.82,3040.11,3037.40,3038.85,383,20,0
1744014600,2025.04.07 08:30:00,3038.88,3044.51,3038.88,3039.68,480,20,0
1744014900,2025.04.07 08:35:00,3039.72,3040.75,3033.91,3036.49,486,20,0
1744015200,2025.04.07 08:40:00,3036.51,3040.40,3035.75,3039.29,442,20,0
1744015500,2025.04.07 08:45:00,3039.29,3043.41,3039.04,3041.74,408,20,0
1744015800,2025.04.07 08:50:00,3041.74,3041.74,3033.91,3034.13,387,20,0
1744016100,2025.04.07 08:55:00,3034.50,3035.15,3031.81,3031.99,431,20,0
1744016400,2025.04.07 09:00:00,3031.93,3033.50,3028.49,3030.09,515,20,0
1744016700,2025.04.07 09:05:00,3030.18,3030.27,3024.44,3027.41,515,20,0
1744017000,2025.04.07 09:10:00,3027.40,3029.74,3022.28,3026.81,531,20,0
1744017300,2025.04.07 09:15:00,3026.76,3028.00,3021.62,3023.42,504,20,0
1744017600,2025.04.07 09:20:00,3023.38,3025.31,3019.10,3020.90,515,20,0
1744017900,2025.04.07 09:25:00,3021.09,3022.30,3016.68,3018.33,541,20,0
1744018200,2025.04.07 09:30:00,3018.49,3024.91,3018.49,3024.28,499,20,0
1744018500,2025.04.07 09:35:00,3024.69,3031.39,3024.62,3029.28,523,20,0
1744018800,2025.04.07 09:40:00,3029.28,3029.83,3026.72,3027.76,469,20,0
1744019100,2025.04.07 09:45:00,3027.73,3027.73,3025.00,3025.06,495,20,0
1744019400,2025.04.07 09:50:00,3025.06,3026.73,3018.74,3025.36,533,20,0
1744019700,2025.04.07 09:55:00,3025.37,3030.63,3025.04,3029.44,525,20,0
1744020000,2025.04.07 10:00:00,3029.35,3030.71,3024.15,3024.80,546,20,0
1744020300,2025.04.07 10:05:00,3024.80,3026.53,3018.27,3018.27,531,20,0
1744020600,2025.04.07 10:10:00,3018.29,3020.39,3013.38,3014.10,539,20,0
1744020900,2025.04.07 10:15:00,3014.27,3024.03,3013.77,3015.67,533,20,0
1744021200,2025.04.07 10:20:00,3015.67,3026.90,3015.67,3026.38,562,20,0
1744021500,2025.04.07 10:25:00,3025.49,3026.54,3018.67,3019.00,538,20,0
1744021800,2025.04.07 10:30:00,3018.98,3026.42,3018.98,3022.83,526,20,0
1744022100,2025.04.07 10:35:00,3022.69,3024.23,3019.25,3019.57,525,20,0
1744022400,2025.04.07 10:40:00,3019.16,3022.32,3019.15,3019.36,498,20,0
1744022700,2025.04.07 10:45:00,3019.19,3025.68,3018.12,3023.59,530,20,0
1744023000,2025.04.07 10:50:00,3023.59,3029.10,3022.37,3022.58,493,20,0
1744023300,2025.04.07 10:55:00,3022.48,3022.64,3016.09,3018.45,474,20,0
1744023600,2025.04.07 11:00:00,3018.52,3022.27,3017.87,3022.00,515,20,0
1744023900,2025.04.07 11:05:00,3022.00,3026.42,3020.77,3024.90,502,20,0
1744024200,2025.04.07 11:10:00,3024.92,3028.17,3024.65,3027.79,497,20,0
1744024500,2025.04.07 11:15:00,3027.74,3029.67,3025.56,3026.62,514,20,0
1744024800,2025.04.07 11:20:00,3026.56,3028.32,3024.79,3026.13,489,20,0
1744025100,2025.04.07 11:25:00,3026.12,3029.57,3023.06,3023.29,501,20,0
1744025400,2025.04.07 11:30:00,3023.40,3026.47,3022.53,3023.69,498,20,0
1744025700,2025.04.07 11:35:00,3023.54,3026.95,3021.01,3026.93,473,20,0
1744026000,2025.04.07 11:40:00,3027.08,3028.73,3023.91,3027.52,481,20,0
1744026300,2025.04.07 11:45:00,3027.52,3029.45,3026.71,3028.48,447,20,0
1744026600,2025.04.07 11:50:00,3028.44,3034.76,3027.95,3034.63,508,20,0
1744026900,2025.04.07 11:55:00,3034.68,3035.34,3031.04,3031.23,425,20,0
1744027200,2025.04.07 12:00:00,3031.21,3033.40,3027.79,3032.39,450,20,0
1744027500,2025.04.07 12:05:00,3032.39,3032.75,3026.50,3029.57,463,20,0
1744027800,2025.04.07 12:10:00,3029.66,3029.99,3025.65,3027.83,432,20,0
1744028100,2025.04.07 12:15:00,3027.86,3027.86,3019.54,3020.66,429,20,0
1744028400,2025.04.07 12:20:00,3020.64,3024.11,3019.68,3022.05,476,20,0
1744028700,2025.04.07 12:25:00,3022.05,3026.74,3021.95,3026.74,522,20,0
1744029000,2025.04.07 12:30:00,3026.65,3031.64,3024.18,3026.51,529,20,0
1744029300,2025.04.07 12:35:00,3026.53,3030.43,3026.25,3028.29,474,20,0
1744029600,2025.04.07 12:40:00,3028.46,3030.52,3025.32,3025.61,442,20,0
1744029900,2025.04.07 12:45:00,3025.64,3028.53,3024.12,3026.21,437,20,0
1744030200,2025.04.07 12:50:00,3026.21,3026.29,3022.30,3023.55,510,20,0
1744030500,2025.04.07 12:55:00,3023.58,3026.21,3019.73,3025.13,473,20,0
1744030800,2025.04.07 13:00:00,3025.03,3030.68,3025.02,3027.04,489,20,0
1744031100,2025.04.07 13:05:00,3026.97,3030.36,3024.07,3029.58,488,20,0
1744031400,2025.04.07 13:10:00,3029.58,3029.58,3024.99,3026.05,442,20,0
1744031700,2025.04.07 13:15:00,3026.67,3031.04,3026.33,3030.45,468,20,0
1744032000,2025.04.07 13:20:00,3030.41,3032.12,3029.11,3029.43,467,20,0
1744032300,2025.04.07 13:25:00,3029.46,3033.16,3028.51,3032.43,456,20,0
1744032600,2025.04.07 13:30:00,3032.59,3036.03,3031.87,3035.93,500,20,0
1744032900,2025.04.07 13:35:00,3035.81,3036.14,3032.25,3033.78,483,20,0
1744033200,2025.04.07 13:40:00,3033.78,3036.33,3032.14,3032.23,517,20,0
1744033500,2025.04.07 13:45:00,3032.25,3035.18,3030.05,3034.00,452,20,0
1744033800,2025.04.07 13:50:00,3034.03,3036.41,3033.50,3034.31,443,20,0
1744034100,2025.04.07 13:55:00,3034.31,3035.60,3030.98,3031.33,429,20,0
1744034400,2025.04.07 14:00:00,3031.35,3036.92,3031.01,3035.37,497,20,0
1744034700,2025.04.07 14:05:00,3035.29,3041.59,3034.40,3040.19,477,20,0
1744035000,2025.04.07 14:10:00,3040.39,3042.28,3036.40,3040.09,511,20,0
1744035300,2025.04.07 14:15:00,3040.28,3042.01,3038.81,3041.41,442,20,0
1744035600,2025.04.07 14:20:00,3041.40,3043.98,3038.66,3043.31,512,20,0
1744035900,2025.04.07 14:25:00,3043.30,3043.43,3039.29,3040.15,532,20,0
1744036200,2025.04.07 14:30:00,3040.17,3042.05,3038.80,3041.05,507,20,0
1744036500,2025.04.07 14:35:00,3041.08,3046.04,3039.79,3041.37,516,20,0
1744036800,2025.04.07 14:40:00,3041.43,3044.84,3039.20,3039.67,528,20,0
1744037100,2025.04.07 14:45:00,3039.67,3040.26,3035.37,3038.63,492,20,0
1744037400,2025.04.07 14:50:00,3038.64,3039.58,3034.65,3035.95,509,20,0
1744037700,2025.04.07 14:55:00,3035.84,3036.56,3030.24,3031.13,503,20,0
1744038000,2025.04.07 15:00:00,3031.12,3031.48,3026.79,3027.44,546,20,0
1744038300,2025.04.07 15:05:00,3027.48,3029.17,3025.66,3028.99,514,20,0
1744038600,2025.04.07 15:10:00,3029.00,3029.00,3025.00,3025.71,536,20,0
1744038900,2025.04.07 15:15:00,3025.73,3031.37,3024.58,3030.04,550,20,0
1744039200,2025.04.07 15:20:00,3030.04,3031.42,3026.26,3029.14,572,20,0
1744039500,2025.04.07 15:25:00,3029.04,3030.87,3025.81,3026.89,553,20,0
1744039800,2025.04.07 15:30:00,3026.60,3030.10,3021.43,3021.52,553,20,0
1744040100,2025.04.07 15:35:00,3021.66,3021.66,3015.03,3015.93,577,20,0
1744040400,2025.04.07 15:40:00,3016.25,3020.20,3014.80,3020.20,552,20,0
1744040700,2025.04.07 15:45:00,3020.36,3027.70,3019.67,3025.94,555,20,0
1744041000,2025.04.07 15:50:00,3026.00,3032.47,3024.09,3032.03,537,20,0
1744041300,2025.04.07 15:55:00,3032.00,3032.80,3028.19,3031.23,487,20,0
1744041600,2025.04.07 16:00:00,3031.25,3033.97,3029.25,3029.61,565,20,0
1744041900,2025.04.07 16:05:00,3029.60,3030.52,3025.99,3030.09,551,20,0
1744042200,2025.04.07 16:10:00,3030.09,3030.09,3024.61,3027.54,512,20,0
1744042500,2025.04.07 16:15:00,3027.59,3028.02,3021.54,3026.65,549,20,0
1744042800,2025.04.07 16:20:00,3026.64,3028.12,3024.52,3027.50,502,20,0
1744043100,2025.04.07 16:25:00,3027.56,3030.12,3024.13,3024.80,514,20,0
1744043400,2025.04.07 16:30:00,3024.71,3026.63,3014.52,3014.80,567,20,0
1744043700,2025.04.07 16:35:00,3014.79,3015.01,3005.52,3011.05,572,20,0
1744044000,2025.04.07 16:40:00,3010.90,3013.73,3002.20,3006.90,576,20,0
1744044300,2025.04.07 16:45:00,3006.91,3010.90,3004.07,3007.16,564,20,0
1744044600,2025.04.07 16:50:00,3007.01,3011.00,3006.43,3010.15,559,20,0
1744044900,2025.04.07 16:55:00,3010.19,3019.02,3009.42,3015.49,575,20,0
1744045200,2025.04.07 17:00:00,3015.31,3017.39,3010.97,3014.24,574,20,0
1744045500,2025.04.07 17:05:00,3014.20,3019.71,3013.44,3015.41,579,20,0
1744045800,2025.04.07 17:10:00,3015.30,3032.30,3014.70,3027.50,595,20,0
1744046100,2025.04.07 17:15:00,3027.67,3037.77,3026.62,3028.05,589,20,0
1744046400,2025.04.07 17:20:00,3028.10,3030.08,3016.21,3017.68,579,20,0
1744046700,2025.04.07 17:25:00,3017.97,3018.56,3005.75,3009.87,573,20,0
1744047000,2025.04.07 17:30:00,3008.90,3013.70,3005.19,3006.48,593,20,0
1744047300,2025.04.07 17:35:00,3006.15,3008.03,2997.22,2998.18,580,20,0
1744047600,2025.04.07 17:40:00,2998.09,3004.24,2998.09,3003.28,575,20,0
1744047900,2025.04.07 17:45:00,3003.24,3008.98,3001.46,3002.45,558,20,0
1744048200,2025.04.07 17:50:00,3002.36,3006.17,2996.61,3000.15,583,20,0
1744048500,2025.04.07 17:55:00,3000.12,3004.02,2998.71,2999.29,569,20,0
1744048800,2025.04.07 18:00:00,2999.25,3004.64,2997.50,3000.45,571,20,0
1744049100,2025.04.07 18:05:00,3000.31,3000.46,2991.69,2991.71,567,20,0
1744049400,2025.04.07 18:10:00,2991.93,2992.25,2983.85,2984.53,569,20,0
1744049700,2025.04.07 18:15:00,2984.83,2998.51,2984.49,2998.15,587,20,0
1744050000,2025.04.07 18:20:00,2998.07,2998.07,2989.61,2989.80,546,20,0
1744050300,2025.04.07 18:25:00,2989.73,2993.19,2984.64,2987.12,546,20,0
1744050600,2025.04.07 18:30:00,2987.04,2988.58,2981.52,2981.79,554,20,0
1744050900,2025.04.07 18:35:00,2982.02,2986.08,2981.18,2984.91,565,20,0
1744051200,2025.04.07 18:40:00,2984.72,2986.61,2982.83,2984.39,551,20,0
1744051500,2025.04.07 18:45:00,2984.42,2985.71,2981.13,2982.20,546,20,0
1744051800,2025.04.07 18:50:00,2982.04,2983.72,2979.96,2981.84,542,20,0
1744052100,2025.04.07 18:55:00,2981.85,2988.09,2981.68,2987.54,540,20,0
1744052400,2025.04.07 19:00:00,2987.53,2987.81,2979.87,2980.81,533,20,0
1744052700,2025.04.07 19:05:00,2980.80,2982.32,2979.74,2980.32,520,20,0
1744053000,2025.04.07 19:10:00,2980.32,2983.14,2977.49,2980.03,508,20,0
1744053300,2025.04.07 19:15:00,2979.97,2985.36,2979.60,2981.75,505,20,0
1744053600,2025.04.07 19:20:00,2981.75,2981.97,2975.26,2978.55,519,20,0
1744053900,2025.04.07 19:25:00,2978.59,2982.45,2977.38,2978.04,526,20,0
1744054200,2025.04.07 19:30:00,2977.92,2984.79,2977.64,2984.35,513,20,0
1744054500,2025.04.07 19:35:00,2984.34,2984.70,2978.87,2979.15,426,20,0
1744054800,2025.04.07 19:40:00,2979.19,2981.27,2975.11,2975.22,458,20,0
1744055100,2025.04.07 19:45:00,2975.14,2975.58,2972.07,2972.74,474,20,0
1744055400,2025.04.07 19:50:00,2972.62,2974.45,2971.10,2972.12,538,20,0
1744055700,2025.04.07 19:55:00,2972.16,2972.74,2970.11,2970.48,483,20,0
1744056000,2025.04.07 20:00:00,2970.58,2975.21,2965.65,2966.51,516,20,0
1744056300,2025.04.07 20:05:00,2966.40,2970.68,2961.04,2962.21,511,20,0
1744056600,2025.04.07 20:10:00,2962.41,2966.82,2959.66,2966.40,549,20,0
1744056900,2025.04.07 20:15:00,2966.13,2969.21,2964.79,2967.71,528,20,0
1744057200,2025.04.07 20:20:00,2967.44,2969.66,2965.07,2969.57,565,20,0
1744057500,2025.04.07 20:25:00,2969.48,2970.75,2956.90,2959.14,556,20,0
1744057800,2025.04.07 20:30:00,2959.05,2962.55,2956.66,2962.40,528,20,0
1744058100,2025.04.07 20:35:00,2962.43,2967.68,2961.32,2965.40,491,20,0
1744058400,2025.04.07 20:40:00,2965.40,2968.79,2964.22,2968.17,469,20,0
1744058700,2025.04.07 20:45:00,2968.18,2969.87,2966.13,2967.70,497,20,0
1744059000,2025.04.07 20:50:00,2967.69,2972.81,2967.46,2971.89,449,20,0
1744059300,2025.04.07 20:55:00,2971.89,2973.63,2970.04,2970.04,427,20,0
1744059600,2025.04.07 21:00:00,2970.04,2972.57,2969.39,2971.64,468,20,0
1744059900,2025.04.07 21:05:00,2971.64,2973.39,2969.39,2970.29,463,20,0
1744060200,2025.04.07 21:10:00,2970.29,2971.78,2969.40,2971.01,415,20,0
1744060500,2025.04.07 21:15:00,2971.01,2973.39,2969.78,2971.51,408,20,0
1744060800,2025.04.07 21:20:00,2971.78,2974.08,2970.56,2972.72,369,20,0
1744061100,2025.04.07 21:25:00,2972.70,2972.90,2969.10,2969.65,428,20,0
1744061400,2025.04.07 21:30:00,2969.65,2971.82,2968.58,2971.82,416,20,0
1744061700,2025.04.07 21:35:00,2971.78,2976.10,2971.48,2974.89,430,20,0
1744062000,2025.04.07 21:40:00,2974.94,2976.60,2971.48,2971.75,455,20,0
1744062300,2025.04.07 21:45:00,2971.75,2972.38,2970.04,2970.27,391,20,0
1744062600,2025.04.07 21:50:00,2970.27,2970.32,2965.10,2965.30,420,20,0
1744062900,2025.04.07 21:55:00,2965.28,2966.29,2964.10,2965.80,391,20,0
1744063200,2025.04.07 22:00:00,2965.77,2972.11,2965.37,2971.35,470,20,0
1744063500,2025.04.07 22:05:00,2971.34,2972.78,2968.62,2968.62,376,20,0
1744063800,2025.04.07 22:10:00,2968.60,2971.68,2968.03,2971.67,397,20,0
1744064100,2025.04.07 22:15:00,2971.39,2971.99,2969.38,2971.87,397,20,0
1744064400,2025.04.07 22:20:00,2971.88,2975.14,2971.88,2974.90,448,20,0
1744064700,2025.04.07 22:25:00,2974.90,2975.41,2972.93,2974.04,386,20,0
1744065000,2025.04.07 22:30:00,2974.01,2978.30,2973.39,2977.48,447,20,0
1744065300,2025.04.07 22:35:00,2977.48,2981.75,2975.97,2979.68,494,20,0
1744065600,2025.04.07 22:40:00,2979.65,2980.63,2978.07,2978.31,492,20,0
1744065900,2025.04.07 22:45:00,2978.39,2978.84,2976.74,2977.04,356,20,0
1744066200,2025.04.07 22:50:00,2976.84,2978.37,2975.99,2976.03,365,20,0
1744066500,2025.04.07 22:55:00,2976.01,2978.69,2974.78,2976.02,407,20,0
1744066800,2025.04.07 23:00:00,2976.45,2976.50,2970.17,2975.46,404,20,0
1744067100,2025.04.07 23:05:00,2975.46,2977.80,2975.45,2977.24,236,20,0
1744067400,2025.04.07 23:10:00,2977.24,2980.61,2977.20,2979.32,243,20,0
1744067700,2025.04.07 23:15:00,2979.28,2983.19,2979.28,2982.46,322,20,0
1744068000,2025.04.07 23:20:00,2982.48,2985.83,2982.48,2985.20,260,20,0
1744068300,2025.04.07 23:25:00,2985.18,2985.81,2982.75,2983.94,295,20,0
1744068600,2025.04.07 23:30:00,2983.87,2985.76,2983.31,2984.76,204,20,0
1744068900,2025.04.07 23:35:00,2984.76,2985.90,2984.15,2984.80,214,20,0
1744069200,2025.04.07 23:40:00,2984.70,2986.05,2984.63,2985.19,197,20,0
1744069500,2025.04.07 23:45:00,2985.17,2985.17,2983.38,2983.88,228,20,0
1744069800,2025.04.07 23:50:00,2983.88,2984.19,2982.46,2983.02,233,20,0
1744070100,2025.04.07 23:55:00,2983.18,2983.87,2982.49,2982.58,185,20,0
1744074000,2025.04.08 01:00:00,2982.52,2986.47,2981.98,2982.03,178,20,0
1744074300,2025.04.08 01:05:00,2981.99,2983.72,2981.19,2983.10,299,20,0
1744074600,2025.04.08 01:10:00,2983.14,2984.01,2981.59,2983.79,157,20,0
1744074900,2025.04.08 01:15:00,2983.79,2984.71,2983.78,2984.33,242,20,0
1744075200,2025.04.08 01:20:00,2984.35,2984.41,2982.39,2983.29,144,20,0
1744075500,2025.04.08 01:25:00,2983.31,2985.70,2983.07,2985.65,130,20,0
1744075800,2025.04.08 01:30:00,2985.65,2987.74,2984.58,2987.69,168,20,0
1744076100,2025.04.08 01:35:00,2987.69,2988.22,2986.22,2986.43,143,20,0
1744076400,2025.04.08 01:40:00,2986.42,2986.43,2983.63,2983.84,136,20,0
1744076700,2025.04.08 01:45:00,2983.80,2985.72,2983.47,2985.72,127,20,0
1744077000,2025.04.08 01:50:00,2985.72,2988.11,2985.55,2987.86,150,20,0
1744077300,2025.04.08 01:55:00,2988.15,2988.51,2986.44,2986.71,169,20,0
1744077600,2025.04.08 02:00:00,2986.71,2986.71,2985.25,2985.78,167,20,0
1744077900,2025.04.08 02:05:00,2985.78,2987.32,2985.78,2986.49,156,20,0
1744078200,2025.04.08 02:10:00,2986.66,2986.92,2984.97,2985.75,156,20,0
1744078500,2025.04.08 02:15:00,2985.75,2985.78,2982.70,2982.74,183,20,0
1744078800,2025.04.08 02:20:00,2982.88,2984.06,2981.95,2983.51,198,20,0
1744079100,2025.04.08 02:25:00,2983.51,2984.15,2981.58,2981.91,176,20,0
1744079400,2025.04.08 02:30:00,2981.73,2983.18,2980.77,2980.77,190,20,0
1744079700,2025.04.08 02:35:00,2980.88,2981.47,2978.93,2979.33,216,20,0
1744080000,2025.04.08 02:40:00,2979.28,2980.72,2978.48,2979.95,252,20,0
1744080300,2025.04.08 02:45:00,2979.95,2982.87,2979.95,2982.08,253,20,0
1744080600,2025.04.08 02:50:00,2982.09,2983.18,2980.11,2981.18,271,20,0
1744080900,2025.04.08 02:55:00,2981.20,2982.57,2980.63,2981.22,258,20,0
1744081200,2025.04.08 03:00:00,2981.12,2983.90,2980.34,2983.63,451,20,0
1744081500,2025.04.08 03:05:00,2983.48,2983.82,2981.31,2982.48,339,20,0
1744081800,2025.04.08 03:10:00,2982.73,2987.14,2982.73,2985.16,396,20,0
1744082100,2025.04.08 03:15:00,2985.25,2986.31,2983.73,2984.69,382,20,0
1744082400,2025.04.08 03:20:00,2984.70,2988.47,2984.49,2988.25,371,20,0
1744082700,2025.04.08 03:25:00,2988.32,2989.06,2987.98,2989.00,286,20,0
1744083000,2025.04.08 03:30:00,2988.99,2991.93,2988.74,2990.22,375,20,0
1744083300,2025.04.08 03:35:00,2990.15,2992.72,2988.92,2992.32,274,20,0
1744083600,2025.04.08 03:40:00,2992.30,2992.62,2990.61,2991.68,324,20,0
1744083900,2025.04.08 03:45:00,2991.68,2991.85,2989.04,2990.61,379,20,0
1744084200,2025.04.08 03:50:00,2990.41,2990.41,2986.50,2986.52,417,20,0
1744084500,2025.04.08 03:55:00,2986.82,2986.84,2983.23,2985.22,432,20,0
1744084800,2025.04.08 04:00:00,2985.22,2992.42,2983.58,2990.87,553,20,0
1744085100,2025.04.08 04:05:00,2990.61,2997.30,2988.79,2997.19,506,20,0
1744085400,2025.04.08 04:10:00,2997.13,3000.83,2994.60,2995.44,479,20,0
1744085700,2025.04.08 04:15:00,2995.44,2997.28,2989.60,2995.24,517,20,0
1744086000,2025.04.08 04:20:00,2995.23,2997.05,2994.15,2994.42,426,20,0
1744086300,2025.04.08 04:25:00,2994.41,2999.64,2993.98,2996.06,475,20,0
1744086600,2025.04.08 04:30:00,2996.10,2998.99,2994.99,2998.99,474,20,0
1744086900,2025.04.08 04:35:00,2999.08,3003.08,2997.45,2998.46,491,20,0
1744087200,2025.04.08 04:40:00,2998.44,3001.03,2998.44,3000.06,435,20,0
1744087500,2025.04.08 04:45:00,3000.09,3001.18,2997.27,2997.91,397,20,0
1744087800,2025.04.08 04:50:00,2997.91,2999.30,2996.79,2997.18,348,20,0
1744088100,2025.04.08 04:55:00,2997.05,3000.17,2996.28,2999.75,370,20,0
1744088400,2025.04.08 05:00:00,2999.86,3002.89,2999.02,3000.42,445,20,0
1744088700,2025.04.08 05:05:00,3000.42,3004.71,3000.33,3002.59,454,20,0
1744089000,2025.04.08 05:10:00,3002.60,3003.58,3000.64,3002.51,345,20,0
1744089300,2025.04.08 05:15:00,3002.80,3003.34,3001.68,3001.79,248,20,0
1744089600,2025.04.08 05:20:00,3001.73,3002.44,2998.25,3000.01,316,20,0
1744089900,2025.04.08 05:25:00,3000.02,3001.26,2999.53,2999.69,260,20,0
1744090200,2025.04.08 05:30:00,2999.65,3003.06,2998.52,3002.92,349,20,0
1744090500,2025.04.08 05:35:00,3002.87,3004.79,3002.73,3003.37,422,20,0
1744090800,2025.04.08 05:40:00,3003.45,3004.34,3001.20,3003.69,338,20,0
1744091100,2025.04.08 05:45:00,3003.64,3004.19,3002.21,3003.51,353,20,0
1744091400,2025.04.08 05:50:00,3003.46,3003.69,3000.92,3001.71,283,20,0
1744091700,2025.04.08 05:55:00,3001.71,3001.86,2999.61,3000.83,327,20,0
1744092000,2025.04.08 06:00:00,3000.83,3001.04,2997.34,2997.80,382,20,0
1744092300,2025.04.08 06:05:00,2997.80,2998.08,2995.73,2996.48,398,20,0
1744092600,2025.04.08 06:10:00,2996.57,2996.80,2993.15,2995.27,356,20,0
1744092900,2025.04.08 06:15:00,2995.32,2999.36,2994.02,2999.36,354,20,0
1744093200,2025.04.08 06:20:00,2999.36,3000.69,2997.92,2998.22,380,20,0
1744093500,2025.04.08 06:25:00,2998.22,2998.22,2994.64,2995.32,357,20,0
1744093800,2025.04.08 06:30:00,2995.24,2997.88,2994.77,2996.09,310,20,0
1744094100,2025.04.08 06:35:00,2996.02,2996.79,2994.88,2996.65,242,20,0
1744094400,2025.04.08 06:40:00,2996.63,2998.41,2995.31,2998.20,256,20,0
1744094700,2025.04.08 06:45:00,2998.20,2998.97,2997.09,2997.10,247,20,0
1744095000,2025.04.08 06:50:00,2997.19,2997.26,2994.69,2995.65,266,20,0
1744095300,2025.04.08 06:55:00,2995.65,2995.72,2993.60,2994.70,309,20,0
1744095600,2025.04.08 07:00:00,2994.70,2999.28,2994.18,2998.13,283,20,0
1744095900,2025.04.08 07:05:00,2998.42,2999.85,2998.29,2999.12,270,20,0
1744096200,2025.04.08 07:10:00,2999.12,2999.66,2998.21,2998.38,249,20,0
1744096500,2025.04.08 07:15:00,2998.41,2998.84,2997.23,2997.28,259,20,0
1744096800,2025.04.08 07:20:00,2997.10,2997.63,2995.23,2995.24,245,20,0
1744097100,2025.04.08 07:25:00,2995.25,2997.11,2995.25,2995.84,223,20,0
1744097400,2025.04.08 07:30:00,2995.86,2995.93,2992.66,2993.26,284,20,0
1744097700,2025.04.08 07:35:00,2993.26,2994.86,2990.88,2994.84,319,20,0
1744098000,2025.04.08 07:40:00,2994.77,2997.29,2994.37,2995.40,373,20,0
1744098300,2025.04.08 07:45:00,2995.40,2998.42,2994.64,2997.72,332,20,0
1744098600,2025.04.08 07:50:00,2997.72,3000.43,2997.63,3000.17,290,20,0
1744098900,2025.04.08 07:55:00,2999.97,3002.91,2999.97,3002.27,338,20,0
1744099200,2025.04.08 08:00:00,3002.27,3002.33,3000.39,3000.88,339,20,0
1744099500,2025.04.08 08:05:00,3000.88,3002.59,3000.05,3002.22,291,20,0
1744099800,2025.04.08 08:10:00,3002.22,3004.40,3000.54,3004.09,270,20,0
1744100100,2025.04.08 08:15:00,3004.09,3005.12,3001.56,3001.80,328,20,0
1744100400,2025.04.08 08:20:00,3001.93,3003.46,3000.84,3002.21,296,20,0
1744100700,2025.04.08 08:25:00,3002.20,3002.30,2999.77,2999.94,291,20,0
1744101000,2025.04.08 08:30:00,2999.94,3004.46,2999.46,3003.39,480,20,0
1744101300,2025.04.08 08:35:00,3003.40,3005.21,3002.25,3003.75,352,20,0
1744101600,2025.04.08 08:40:00,3003.53,3004.50,2999.77,3000.36,380,20,0
1744101900,2025.04.08 08:45:00,3000.36,3004.79,3000.31,3004.44,348,20,0
1744102200,2025.04.08 08:50:00,3004.56,3008.17,3002.37,3005.74,368,20,0
1744102500,2025.04.08 08:55:00,3005.76,3006.01,3003.23,3005.65,366,20,0
1744102800,2025.04.08 09:00:00,3005.68,3006.39,3003.90,3005.21,462,20,0
1744103100,2025.04.08 09:05:00,3005.28,3005.51,3003.27,3004.02,390,20,0
1744103400,2025.04.08 09:10:00,3004.01,3005.11,3002.46,3004.66,418,20,0
1744103700,2025.04.08 09:15:00,3004.55,3009.76,3004.29,3009.76,414,20,0
1744104000,2025.04.08 09:20:00,3009.60,3013.37,3007.85,3010.00,488,20,0
1744104300,2025.04.08 09:25:00,3009.99,3013.34,3009.76,3011.84,457,20,0
1744104600,2025.04.08 09:30:00,3011.69,3013.69,3010.71,3013.39,471,20,0
1744104900,2025.04.08 09:35:00,3013.39,3014.79,3011.66,3014.69,436,20,0
1744105200,2025.04.08 09:40:00,3014.72,3015.64,3012.32,3013.70,378,20,0
1744105500,2025.04.08 09:45:00,3013.75,3013.93,3012.25,3012.54,343,20,0
1744105800,2025.04.08 09:50:00,3012.56,3013.98,3010.93,3013.17,397,20,0
1744106100,2025.04.08 09:55:00,3013.24,3013.29,3011.64,3013.19,392,20,0
1744106400,2025.04.08 10:00:00,3013.21,3013.43,3008.26,3009.25,492,20,0
1744106700,2025.04.08 10:05:00,3009.01,3012.30,3008.93,3011.59,444,20,0
1744107000,2025.04.08 10:10:00,3011.57,3012.94,3009.56,3012.06,464,20,0
1744107300,2025.04.08 10:15:00,3012.16,3013.86,3008.38,3009.71,494,20,0
1744107600,2025.04.08 10:20:00,3009.71,3011.99,3007.58,3008.46,432,20,0
1744107900,2025.04.08 10:25:00,3008.35,3011.08,3008.18,3010.08,451,20,0
1744108200,2025.04.08 10:30:00,3009.92,3011.29,3008.58,3008.68,432,20,0
1744108500,2025.04.08 10:35:00,3008.68,3009.05,3004.90,3005.99,447,20,0
1744108800,2025.04.08 10:40:00,3006.11,3007.85,3002.24,3003.09,404,20,0
1744109100,2025.04.08 10:45:00,3003.09,3006.54,3001.96,3004.86,428,20,0
1744109400,2025.04.08 10:50:00,3004.90,3005.73,3003.05,3005.26,356,20,0
1744109700,2025.04.08 10:55:00,3005.25,3005.25,3003.01,3003.70,420,20,0
1744110000,2025.04.08 11:00:00,3003.74,3004.39,3001.32,3001.99,408,20,0
1744110300,2025.04.08 11:05:00,3002.06,3006.45,3002.06,3005.92,387,20,0
1744110600,2025.04.08 11:10:00,3005.98,3008.01,3005.61,3007.35,342,20,0
1744110900,2025.04.08 11:15:00,3007.37,3008.14,3006.26,3007.86,326,20,0
1744111200,2025.04.08 11:20:00,3007.83,3008.73,3006.90,3007.83,308,20,0
1744111500,2025.04.08 11:25:00,3007.88,3009.29,3007.09,3008.82,270,20,0
1744111800,2025.04.08 11:30:00,3008.79,3008.91,3006.40,3007.40,293,20,0
1744112100,2025.04.08 11:35:00,3007.40,3008.13,3003.73,3004.48,312,20,0
1744112400,2025.04.08 11:40:00,3004.39,3009.01,3003.62,3007.43,328,20,0
1744112700,2025.04.08 11:45:00,3007.35,3007.68,3004.22,3004.35,303,20,0
1744113000,2025.04.08 11:50:00,3004.35,3006.88,3004.35,3006.87,285,20,0
1744113300,2025.04.08 11:55:00,3006.85,3008.03,3006.22,3007.44,278,20,0
1744113600,2025.04.08 12:00:00,3007.32,3007.32,3002.41,3006.47,335,20,0
1744113900,2025.04.08 12:05:00,3006.45,3006.80,3004.76,3005.47,256,20,0
1744114200,2025.04.08 12:10:00,3005.46,3006.13,3003.03,3003.10,290,20,0
1744114500,2025.04.08 12:15:00,3002.72,3003.16,3000.20,3000.50,316,20,0
1744114800,2025.04.08 12:20:00,3000.42,3000.96,2997.39,2998.74,339,20,0
1744115100,2025.04.08 12:25:00,2998.74,2998.74,2994.91,2995.83,439,20,0
1744115400,2025.04.08 12:30:00,2995.75,3003.41,2995.75,3001.79,425,20,0
1744115700,2025.04.08 12:35:00,3001.87,3004.08,3001.04,3003.90,360,20,0
1744116000,2025.04.08 12:40:00,3003.97,3007.66,3003.97,3006.35,435,20,0
1744116300,2025.04.08 12:45:00,3006.34,3007.42,3003.59,3004.15,361,20,0
1744116600,2025.04.08 12:50:00,3004.12,3006.96,3003.26,3006.61,341,20,0
1744116900,2025.04.08 12:55:00,3006.68,3007.81,3005.93,3006.88,378,20,0
1744117200,2025.04.08 13:00:00,3006.91,3008.55,3005.52,3008.18,406,20,0
1744117500,2025.04.08 13:05:00,3008.21,3008.55,3004.36,3004.39,347,20,0
1744117800,2025.04.08 13:10:00,3004.41,3005.80,3004.06,3005.32,312,20,0
1744118100,2025.04.08 13:15:00,3005.36,3007.07,3004.70,3006.19,330,20,0
1744118400,2025.04.08 13:20:00,3006.19,3007.23,3004.61,3005.65,307,20,0
1744118700,2025.04.08 13:25:00,3005.65,3008.75,3005.46,3007.95,346,20,0
1744119000,2025.04.08 13:30:00,3007.95,3009.82,3007.01,3007.29,350,20,0
1744119300,2025.04.08 13:35:00,3007.29,3008.00,3005.42,3007.56,332,20,0
1744119600,2025.04.08 13:40:00,3007.58,3008.14,3006.02,3008.09,232,20,0
1744119900,2025.04.08 13:45:00,3008.08,3010.14,3007.46,3010.14,265,20,0
1744120200,2025.04.08 13:50:00,3010.14,3010.20,3007.07,3008.52,281,20,0
1744120500,2025.04.08 13:55:00,3008.59,3009.97,3008.18,3008.93,270,20,0
1744120800,2025.04.08 14:00:00,3008.90,3011.77,3008.90,3010.14,419,20,0
1744121100,2025.04.08 14:05:00,3010.13,3011.44,3008.86,3009.67,428,20,0
1744121400,2025.04.08 14:10:00,3009.67,3011.65,3008.58,3011.34,381,20,0
1744121700,2025.04.08 14:15:00,3011.34,3012.22,3010.50,3012.12,353,20,0
1744122000,2025.04.08 14:20:00,3012.09,3014.13,3011.36,3013.55,371,20,0
1744122300,2025.04.08 14:25:00,3013.47,3014.06,3010.37,3010.65,348,20,0
1744122600,2025.04.08 14:30:00,3010.53,3012.51,3010.38,3012.51,289,20,0
1744122900,2025.04.08 14:35:00,3012.56,3013.24,3010.40,3010.50,344,20,0
1744123200,2025.04.08 14:40:00,3010.71,3011.99,3008.89,3009.86,323,20,0
1744123500,2025.04.08 14:45:00,3009.87,3012.71,3009.11,3010.85,384,20,0
1744123800,2025.04.08 14:50:00,3010.96,3017.04,3009.74,3015.13,459,20,0
1744124100,2025.04.08 14:55:00,3015.07,3019.36,3014.97,3017.36,444,20,0
1744124400,2025.04.08 15:00:00,3017.37,3018.51,3014.34,3017.02,503,20,0
1744124700,2025.04.08 15:05:00,3017.03,3018.76,3014.20,3018.55,455,20,0
1744125000,2025.04.08 15:10:00,3018.55,3019.47,3015.26,3017.83,466,20,0
1744125300,2025.04.08 15:15:00,3017.85,3017.85,3014.34,3014.53,475,20,0
1744125600,2025.04.08 15:20:00,3014.57,3014.57,3005.64,3005.86,541,20,0
1744125900,2025.04.08 15:25:00,3005.86,3009.63,3003.53,3009.61,502,20,0
1744126200,2025.04.08 15:30:00,3009.58,3012.93,3006.77,3012.40,499,20,0
1744126500,2025.04.08 15:35:00,3012.32,3012.89,3009.60,3010.89,439,20,0
1744126800,2025.04.08 15:40:00,3010.89,3011.26,3006.88,3007.00,419,20,0
1744127100,2025.04.08 15:45:00,3007.03,3008.47,3005.22,3006.67,464,20,0
1744127400,2025.04.08 15:50:00,3006.67,3007.34,3002.74,3003.29,406,20,0
1744127700,2025.04.08 15:55:00,3003.58,3005.51,3002.42,3002.53,445,20,0
1744128000,2025.04.08 16:00:00,3002.54,3005.58,3002.53,3004.81,504,20,0
1744128300,2025.04.08 16:05:00,3004.81,3008.91,3004.64,3007.33,499,20,0
1744128600,2025.04.08 16:10:00,3006.47,3020.23,3006.21,3018.44,568,20,0
1744128900,2025.04.08 16:15:00,3018.54,3022.61,3016.47,3020.86,561,20,0
1744129200,2025.04.08 16:20:00,3020.82,3021.82,3014.90,3017.91,544,20,0
1744129500,2025.04.08 16:25:00,3017.95,3018.63,3013.20,3013.65,523,20,0
1744129800,2025.04.08 16:30:00,3013.76,3017.07,3011.88,3012.32,551,20,0
1744130100,2025.04.08 16:35:00,3012.32,3012.32,3006.70,3010.30,566,20,0
1744130400,2025.04.08 16:40:00,3010.50,3010.72,3006.39,3007.13,567,20,0
1744130700,2025.04.08 16:45:00,3007.11,3008.46,3004.84,3005.77,557,20,0
1744131000,2025.04.08 16:50:00,3005.61,3009.85,3003.93,3009.70,542,20,0
1744131300,2025.04.08 16:55:00,3009.83,3011.75,3009.10,3010.28,540,20,0
1744131600,2025.04.08 17:00:00,3010.36,3015.07,3009.11,3014.63,562,20,0
1744131900,2025.04.08 17:05:00,3014.94,3017.83,3013.77,3014.96,559,20,0
1744132200,2025.04.08 17:10:00,3014.96,3015.89,3009.80,3011.49,559,20,0
1744132500,2025.04.08 17:15:00,3011.46,3012.74,3008.76,3010.74,521,20,0
1744132800,2025.04.08 17:20:00,3010.81,3014.77,3009.90,3010.39,512,20,0
1744133100,2025.04.08 17:25:00,3010.34,3013.50,3008.35,3012.45,509,20,0
1744133400,2025.04.08 17:30:00,3012.41,3014.70,3010.21,3013.98,533,20,0
1744133700,2025.04.08 17:35:00,3013.96,3017.53,3013.35,3016.12,536,20,0
1744134000,2025.04.08 17:40:00,3016.05,3016.90,3013.60,3013.93,529,20,0
1744134300,2025.04.08 17:45:00,3013.89,3018.05,3012.90,3016.37,534,20,0
1744134600,2025.04.08 17:50:00,3016.36,3016.38,3008.86,3009.31,537,20,0
1744134900,2025.04.08 17:55:00,3009.26,3009.52,3005.84,3006.16,505,20,0
1744135200,2025.04.08 18:00:00,3006.20,3007.95,3004.87,3005.62,542,20,0
1744135500,2025.04.08 18:05:00,3005.92,3007.70,3004.76,3005.92,528,20,0
1744135800,2025.04.08 18:10:00,3005.95,3006.35,3002.49,3004.38,496,20,0
1744136100,2025.04.08 18:15:00,3004.45,3009.13,3004.44,3008.69,502,20,0
1744136400,2025.04.08 18:20:00,3008.70,3009.94,3006.39,3007.69,515,20,0
1744136700,2025.04.08 18:25:00,3007.64,3008.79,3006.65,3007.70,474,20,0
1744137000,2025.04.08 18:30:00,3007.71,3008.36,3005.87,3008.36,414,20,0
1744137300,2025.04.08 18:35:00,3008.28,3012.22,3008.16,3009.04,440,20,0
1744137600,2025.04.08 18:40:00,3009.07,3009.25,3004.63,3004.97,428,20,0
1744137900,2025.04.08 18:45:00,3005.03,3006.28,3003.55,3003.84,417,20,0
1744138200,2025.04.08 18:50:00,3003.88,3005.27,3002.58,3005.26,432,20,0
1744138500,2025.04.08 18:55:00,3005.25,3005.67,3001.19,3001.34,431,20,0
1744138800,2025.04.08 19:00:00,3001.38,3001.45,2997.41,2997.74,457,20,0
1744139100,2025.04.08 19:05:00,2997.75,2997.90,2994.47,2996.62,494,20,0
1744139400,2025.04.08 19:10:00,2996.62,3000.61,2996.60,2999.22,499,20,0
1744139700,2025.04.08 19:15:00,2999.38,2999.48,2996.12,2996.60,458,20,0
1744140000,2025.04.08 19:20:00,2996.60,2998.28,2993.82,2995.06,452,20,0
1744140300,2025.04.08 19:25:00,2995.05,2995.83,2992.45,2994.65,487,20,0
1744140600,2025.04.08 19:30:00,2994.66,2995.90,2991.08,2991.08,531,20,0
1744140900,2025.04.08 19:35:00,2991.05,2992.32,2988.16,2988.16,492,20,0
1744141200,2025.04.08 19:40:00,2988.25,2989.42,2985.20,2985.46,506,20,0
1744141500,2025.04.08 19:45:00,2985.47,2990.90,2984.32,2988.45,532,20,0
1744141800,2025.04.08 19:50:00,2988.46,2989.16,2985.33,2986.65,481,20,0
1744142100,2025.04.08 19:55:00,2986.65,2988.96,2985.28,2986.00,492,20,0
1744142400,2025.04.08 20:00:00,2986.00,2986.28,2980.67,2982.38,530,20,0
1744142700,2025.04.08 20:05:00,2982.39,2984.60,2981.48,2983.12,519,20,0
1744143000,2025.04.08 20:10:00,2983.08,2983.26,2976.46,2980.93,517,20,0
1744143300,2025.04.08 20:15:00,2981.10,2984.17,2980.95,2982.36,516,20,0
1744143600,2025.04.08 20:20:00,2982.40,2983.09,2978.23,2979.56,508,20,0
1744143900,2025.04.08 20:25:00,2979.61,2981.75,2975.33,2976.32,530,20,0
1744144200,2025.04.08 20:30:00,2976.49,2977.65,2974.71,2975.94,539,20,0
1744144500,2025.04.08 20:35:00,2975.93,2979.85,2975.15,2978.90,503,20,0
1744144800,2025.04.08 20:40:00,2978.94,2983.75,2978.22,2983.33,521,20,0
1744145100,2025.04.08 20:45:00,2983.33,2986.70,2981.85,2986.59,492,20,0
1744145400,2025.04.08 20:50:00,2986.68,2987.40,2984.79,2985.30,491,20,0
1744145700,2025.04.08 20:55:00,2985.26,2985.49,2982.80,2985.12,480,20,0
1744146000,2025.04.08 21:00:00,2985.13,2985.58,2983.21,2983.21,484,20,0
1744146300,2025.04.08 21:05:00,2983.24,2983.96,2982.06,2982.54,442,20,0
1744146600,2025.04.08 21:10:00,2982.50,2984.97,2979.34,2980.57,487,20,0
1744146900,2025.04.08 21:15:00,2980.57,2985.51,2979.96,2983.64,406,20,0
1744147200,2025.04.08 21:20:00,2983.64,2985.37,2983.21,2985.37,394,20,0
1744147500,2025.04.08 21:25:00,2985.11,2985.86,2984.34,2985.65,348,20,0
1744147800,2025.04.08 21:30:00,2985.65,2992.21,2985.65,2989.45,532,20,0
1744148100,2025.04.08 21:35:00,2989.46,2991.41,2988.79,2990.33,482,20,0
1744148400,2025.04.08 21:40:00,2990.29,2990.56,2986.19,2986.62,465,20,0
1744148700,2025.04.08 21:45:00,2986.64,2988.07,2985.65,2986.11,371,20,0
1744149000,2025.04.08 21:50:00,2986.11,2986.16,2982.17,2982.17,363,20,0
1744149300,2025.04.08 21:55:00,2982.18,2983.65,2981.61,2983.56,433,20,0
1744149600,2025.04.08 22:00:00,2983.54,2987.41,2983.35,2987.34,423,20,0
1744149900,2025.04.08 22:05:00,2987.33,2987.49,2983.77,2984.06,403,20,0
1744150200,2025.04.08 22:10:00,2983.99,2984.27,2981.63,2982.47,395,20,0
1744150500,2025.04.08 22:15:00,2982.41,2982.58,2978.96,2979.57,450,20,0
1744150800,2025.04.08 22:20:00,2979.54,2979.80,2977.99,2979.24,449,20,0
1744151100,2025.04.08 22:25:00,2979.29,2982.84,2979.17,2981.19,477,20,0
1744151400,2025.04.08 22:30:00,2981.21,2981.50,2978.92,2979.23,397,20,0
1744151700,2025.04.08 22:35:00,2979.21,2979.21,2976.62,2976.98,398,20,0
1744152000,2025.04.08 22:40:00,2976.98,2982.81,2976.92,2981.66,461,20,0
1744152300,2025.04.08 22:45:00,2981.66,2983.35,2980.84,2983.02,398,20,0
1744152600,2025.04.08 22:50:00,2983.02,2987.28,2982.47,2987.20,408,20,0
1744152900,2025.04.08 22:55:00,2987.21,2987.22,2984.31,2985.02,467,20,0
1744153200,2025.04.08 23:00:00,2984.81,2986.47,2983.52,2984.05,313,20,0
1744153500,2025.04.08 23:05:00,2984.05,2986.44,2983.50,2983.59,241,20,0
1744153800,2025.04.08 23:10:00,2983.58,2984.16,2980.33,2980.33,314,20,0
1744154100,2025.04.08 23:15:00,2980.33,2980.34,2977.09,2980.07,305,20,0
1744154400,2025.04.08 23:20:00,2980.00,2980.47,2977.73,2977.97,229,20,0
1744154700,2025.04.08 23:25:00,2978.06,2980.67,2978.02,2980.65,229,20,0
1744155000,2025.04.08 23:30:00,2980.63,2981.73,2979.14,2981.64,229,20,0
1744155300,2025.04.08 23:35:00,2981.75,2981.75,2980.48,2980.95,148,20,0
1744155600,2025.04.08 23:40:00,2980.92,2981.21,2980.20,2980.73,188,20,0
1744155900,2025.04.08 23:45:00,2980.70,2982.84,2980.66,2982.21,214,20,0
1744156200,2025.04.08 23:50:00,2982.21,2982.67,2981.59,2982.54,230,20,0
1744156500,2025.04.08 23:55:00,2982.55,2983.04,2982.06,2982.33,107,20,0
1744160400,2025.04.09 01:00:00,2984.24,2985.47,2982.43,2982.59,235,20,0
1744160700,2025.04.09 01:05:00,2982.75,2982.75,2981.11,2982.71,168,20,0
1744161000,2025.04.09 01:10:00,2982.69,2982.71,2981.25,2981.61,151,20,0
1744161300,2025.04.09 01:15:00,2981.62,2982.67,2981.00,2981.42,112,20,0
1744161600,2025.04.09 01:20:00,2981.47,2985.03,2981.47,2984.25,216,20,0
1744161900,2025.04.09 01:25:00,2984.11,2985.09,2983.47,2984.50,142,20,0
1744162200,2025.04.09 01:30:00,2984.44,2985.28,2982.80,2982.80,170,20,0
1744162500,2025.04.09 01:35:00,2982.80,2984.49,2982.40,2982.89,180,20,0
1744162800,2025.04.09 01:40:00,2982.89,2982.89,2980.61,2980.71,206,20,0
1744163100,2025.04.09 01:45:00,2980.71,2981.79,2980.21,2980.45,193,20,0
1744163400,2025.04.09 01:50:00,2980.43,2982.28,2980.29,2981.35,183,20,0
1744163700,2025.04.09 01:55:00,2981.36,2983.00,2981.36,2981.78,178,20,0
1744164000,2025.04.09 02:00:00,2981.81,2989.43,2981.81,2989.19,221,20,0
1744164300,2025.04.09 02:05:00,2989.15,2990.79,2986.09,2986.58,305,20,0
1744164600,2025.04.09 02:10:00,2986.70,2986.72,2984.60,2985.00,225,20,0
1744164900,2025.04.09 02:15:00,2984.93,2985.06,2980.87,2981.97,289,20,0
1744165200,2025.04.09 02:20:00,2981.97,2983.05,2979.31,2979.50,249,20,0
1744165500,2025.04.09 02:25:00,2979.49,2982.07,2979.25,2981.12,234,20,0
1744165800,2025.04.09 02:30:00,2981.00,2981.25,2977.95,2978.51,241,20,0
1744166100,2025.04.09 02:35:00,2978.54,2978.54,2970.15,2974.33,432,20,0
1744166400,2025.04.09 02:40:00,2974.33,2975.44,2972.90,2973.81,348,20,0
1744166700,2025.04.09 02:45:00,2973.83,2975.08,2970.46,2970.61,368,20,0
1744167000,2025.04.09 02:50:00,2970.60,2976.57,2970.43,2976.52,380,20,0
1744167300,2025.04.09 02:55:00,2976.40,2979.87,2976.19,2978.06,395,20,0
1744167600,2025.04.09 03:00:00,2978.19,2980.00,2975.06,2977.91,504,20,0
1744167900,2025.04.09 03:05:00,2977.92,2984.62,2977.74,2980.88,498,20,0
1744168200,2025.04.09 03:10:00,2980.87,2984.81,2977.16,2977.91,437,20,0
1744168500,2025.04.09 03:15:00,2977.90,2979.57,2975.66,2979.15,452,20,0
1744168800,2025.04.09 03:20:00,2979.13,2984.15,2978.69,2984.15,481,20,0
1744169100,2025.04.09 03:25:00,2984.14,2985.49,2982.17,2984.28,441,20,0
1744169400,2025.04.09 03:30:00,2984.25,2987.02,2980.39,2980.42,463,20,0
1744169700,2025.04.09 03:35:00,2980.39,2981.11,2976.86,2979.69,459,20,0
1744170000,2025.04.09 03:40:00,2979.76,2984.59,2979.54,2984.55,432,20,0
1744170300,2025.04.09 03:45:00,2984.68,2986.08,2978.76,2979.57,450,20,0
1744170600,2025.04.09 03:50:00,2979.58,2983.92,2978.31,2981.33,432,20,0
1744170900,2025.04.09 03:55:00,2981.34,2982.20,2974.80,2980.30,512,20,0
1744171200,2025.04.09 04:00:00,2980.32,2981.13,2972.47,2973.34,571,20,0
1744171500,2025.04.09 04:05:00,2973.34,2978.04,2973.26,2977.92,528,20,0
1744171800,2025.04.09 04:10:00,2978.35,2980.57,2975.81,2978.63,514,20,0
1744172100,2025.04.09 04:15:00,2978.63,2981.85,2977.23,2979.83,557,20,0
1744172400,2025.04.09 04:20:00,2979.80,2986.67,2979.45,2983.30,535,20,0
1744172700,2025.04.09 04:25:00,2983.27,2991.53,2981.92,2990.20,545,20,0
1744173000,2025.04.09 04:30:00,2990.04,2998.65,2988.50,2994.55,574,20,0
1744173300,2025.04.09 04:35:00,2994.52,2999.72,2994.36,2997.66,558,20,0
1744173600,2025.04.09 04:40:00,2997.70,3002.76,2996.35,3000.06,561,20,0
1744173900,2025.04.09 04:45:00,3000.27,3004.63,2999.68,3003.50,535,20,0
1744174200,2025.04.09 04:50:00,3003.47,3008.64,3001.81,3008.47,499,20,0
1744174500,2025.04.09 04:55:00,3008.38,3009.67,3005.40,3008.70,464,20,0
1744174800,2025.04.09 05:00:00,3008.61,3011.05,3005.69,3005.97,490,20,0
1744175100,2025.04.09 05:05:00,3006.01,3008.95,3004.30,3005.52,482,20,0
1744175400,2025.04.09 05:10:00,3005.58,3008.57,3005.03,3007.55,453,20,0
1744175700,2025.04.09 05:15:00,3007.54,3009.43,3005.11,3009.19,436,20,0
1744176000,2025.04.09 05:20:00,3009.09,3009.09,3001.50,3002.54,471,20,0
1744176300,2025.04.09 05:25:00,3002.52,3007.40,3000.06,3004.56,471,20,0
1744176600,2025.04.09 05:30:00,3004.55,3006.85,3002.80,3006.42,473,20,0
1744176900,2025.04.09 05:35:00,3006.42,3007.70,3004.40,3004.77,445,20,0
1744177200,2025.04.09 05:40:00,3004.79,3006.19,3004.54,3006.10,339,20,0
1744177500,2025.04.09 05:45:00,3006.08,3008.65,3000.03,3001.34,422,20,0
1744177800,2025.04.09 05:50:00,3001.35,3003.61,3000.50,3002.90,407,20,0
1744178100,2025.04.09 05:55:00,3003.01,3004.00,3001.86,3003.06,351,20,0
1744178400,2025.04.09 06:00:00,3002.97,3005.50,3002.64,3005.38,393,20,0
1744178700,2025.04.09 06:05:00,3005.38,3005.85,3004.13,3005.34,374,20,0
1744179000,2025.04.09 06:10:00,3005.34,3007.88,3005.20,3007.58,369,20,0
1744179300,2025.04.09 06:15:00,3007.58,3008.32,3006.00,3006.19,377,20,0
1744179600,2025.04.09 06:20:00,3006.17,3006.92,3004.58,3004.81,405,20,0
1744179900,2025.04.09 06:25:00,3004.86,3008.74,3004.82,3008.29,375,20,0
1744180200,2025.04.09 06:30:00,3008.30,3009.50,3007.55,3008.85,412,20,0
1744180500,2025.04.09 06:35:00,3008.86,3008.86,3003.01,3006.21,423,20,0
1744180800,2025.04.09 06:40:00,3006.23,3008.10,3005.90,3006.76,394,20,0
1744181100,2025.04.09 06:45:00,3006.59,3009.01,3006.55,3008.03,375,20,0
1744181400,2025.04.09 06:50:00,3008.03,3008.81,3006.70,3006.72,373,20,0
1744181700,2025.04.09 06:55:00,3006.72,3006.96,3003.53,3004.46,410,20,0
1744182000,2025.04.09 07:00:00,3004.46,3005.96,2999.93,3005.68,470,20,0
1744182300,2025.04.09 07:05:00,3005.77,3008.26,3004.49,3007.65,479,20,0
1744182600,2025.04.09 07:10:00,3007.53,3009.10,3005.76,3006.65,454,20,0
1744182900,2025.04.09 07:15:00,3006.65,3009.21,3006.16,3008.83,349,20,0
1744183200,2025.04.09 07:20:00,3008.81,3012.02,3008.80,3011.34,412,20,0
1744183500,2025.04.09 07:25:00,3011.38,3011.62,3007.72,3008.31,430,20,0
1744183800,2025.04.09 07:30:00,3008.51,3009.77,3007.49,3008.94,365,20,0
1744184100,2025.04.09 07:35:00,3008.92,3011.82,3008.05,3011.38,372,20,0
1744184400,2025.04.09 07:40:00,3011.38,3011.77,3008.44,3010.28,443,20,0
1744184700,2025.04.09 07:45:00,3010.29,3010.90,3008.38,3010.90,341,20,0
1744185000,2025.04.09 07:50:00,3010.90,3011.65,3008.98,3010.38,333,20,0
1744185300,2025.04.09 07:55:00,3010.38,3014.01,3009.45,3012.37,393,20,0
1744185600,2025.04.09 08:00:00,3012.37,3012.37,3005.53,3005.94,445,20,0
1744185900,2025.04.09 08:05:00,3005.92,3009.93,3005.77,3009.04,385,20,0
1744186200,2025.04.09 08:10:00,3009.03,3018.18,3008.80,3016.78,440,20,0
1744186500,2025.04.09 08:15:00,3015.63,3020.34,3013.82,3019.71,522,20,0
1744186800,2025.04.09 08:20:00,3019.70,3020.57,3016.12,3017.96,454,20,0
1744187100,2025.04.09 08:25:00,3017.97,3018.94,3016.97,3017.63,423,20,0
1744187400,2025.04.09 08:30:00,3017.49,3018.49,3013.44,3013.62,512,20,0
1744187700,2025.04.09 08:35:00,3013.62,3017.05,3012.95,3014.70,467,20,0
1744188000,2025.04.09 08:40:00,3014.66,3016.52,3012.08,3015.36,489,20,0
1744188300,2025.04.09 08:45:00,3015.76,3017.83,3014.39,3017.25,428,20,0
1744188600,2025.04.09 08:50:00,3017.28,3018.36,3016.33,3017.25,409,20,0
1744188900,2025.04.09 08:55:00,3017.24,3017.83,3015.24,3015.53,416,20,0
1744189200,2025.04.09 09:00:00,3015.43,3019.48,3014.82,3018.91,467,20,0
1744189500,2025.04.09 09:05:00,3018.95,3023.08,3015.41,3017.46,534,20,0
1744189800,2025.04.09 09:10:00,3017.55,3025.18,3017.55,3020.38,522,20,0
1744190100,2025.04.09 09:15:00,3020.37,3025.95,3019.84,3025.75,518,20,0
1744190400,2025.04.09 09:20:00,3025.74,3033.03,3024.48,3030.62,521,20,0
1744190700,2025.04.09 09:25:00,3030.56,3032.87,3027.39,3029.43,506,20,0
1744191000,2025.04.09 09:30:00,3029.40,3035.66,3028.61,3033.87,513,20,0
1744191300,2025.04.09 09:35:00,3034.00,3034.04,3029.41,3031.31,465,20,0
1744191600,2025.04.09 09:40:00,3031.31,3032.59,3027.89,3030.36,459,20,0
1744191900,2025.04.09 09:45:00,3030.38,3032.21,3029.54,3031.17,462,20,0
1744192200,2025.04.09 09:50:00,3031.18,3033.49,3030.53,3033.23,459,20,0
1744192500,2025.04.09 09:55:00,3033.29,3040.84,3033.08,3038.93,517,20,0
1744192800,2025.04.09 10:00:00,3038.93,3043.47,3034.37,3041.76,543,20,0
1744193100,2025.04.09 10:05:00,3041.98,3044.69,3040.38,3043.70,492,20,0
1744193400,2025.04.09 10:10:00,3043.69,3052.10,3042.20,3045.20,531,20,0
1744193700,2025.04.09 10:15:00,3045.29,3046.14,3041.27,3041.27,523,20,0
1744194000,2025.04.09 10:20:00,3041.46,3046.22,3041.17,3043.68,497,20,0
1744194300,2025.04.09 10:25:00,3043.65,3046.44,3042.14,3043.18,460,20,0
1744194600,2025.04.09 10:30:00,3043.13,3045.95,3041.66,3043.06,468,20,0
1744194900,2025.04.09 10:35:00,3043.06,3046.19,3041.31,3045.00,429,20,0
1744195200,2025.04.09 10:40:00,3045.13,3048.33,3044.87,3045.99,464,20,0
1744195500,2025.04.09 10:45:00,3045.99,3047.24,3043.09,3046.41,439,20,0
1744195800,2025.04.09 10:50:00,3046.41,3047.46,3044.52,3044.82,436,20,0
1744196100,2025.04.09 10:55:00,3044.88,3045.14,3039.69,3040.95,500,20,0
1744196400,2025.04.09 11:00:00,3041.08,3041.76,3038.33,3041.23,501,20,0
1744196700,2025.04.09 11:05:00,3041.22,3042.71,3039.11,3041.40,466,20,0
1744197000,2025.04.09 11:10:00,3041.40,3047.44,3041.25,3043.59,472,20,0
1744197300,2025.04.09 11:15:00,3043.47,3050.95,3043.47,3048.93,476,20,0
1744197600,2025.04.09 11:20:00,3048.93,3051.13,3047.39,3050.41,395,20,0
1744197900,2025.04.09 11:25:00,3050.41,3050.93,3045.41,3045.43,425,20,0
1744198200,2025.04.09 11:30:00,3045.42,3045.68,3040.36,3040.47,427,20,0
1744198500,2025.04.09 11:35:00,3040.38,3045.68,3040.38,3043.93,415,20,0
1744198800,2025.04.09 11:40:00,3044.01,3046.41,3043.57,3044.78,345,20,0
1744199100,2025.04.09 11:45:00,3044.80,3046.84,3043.13,3045.03,400,20,0
1744199400,2025.04.09 11:50:00,3045.03,3045.03,3041.77,3042.73,421,20,0
1744199700,2025.04.09 11:55:00,3042.73,3044.67,3042.64,3043.88,379,20,0
1744200000,2025.04.09 12:00:00,3044.05,3046.37,3041.42,3045.22,420,20,0
1744200300,2025.04.09 12:05:00,3045.48,3046.10,3039.56,3039.71,430,20,0
1744200600,2025.04.09 12:10:00,3039.73,3043.57,3038.83,3042.31,432,20,0
1744200900,2025.04.09 12:15:00,3042.31,3046.18,3041.91,3046.03,355,20,0
1744201200,2025.04.09 12:20:00,3045.91,3048.05,3044.81,3046.98,423,20,0
1744201500,2025.04.09 12:25:00,3046.98,3047.61,3043.55,3043.67,402,20,0
1744201800,2025.04.09 12:30:00,3043.80,3048.35,3043.61,3047.98,397,20,0
1744202100,2025.04.09 12:35:00,3047.96,3049.74,3046.26,3048.52,433,20,0
1744202400,2025.04.09 12:40:00,3048.28,3048.85,3046.44,3047.04,361,20,0
1744202700,2025.04.09 12:45:00,3047.03,3047.12,3044.78,3046.29,379,20,0
1744203000,2025.04.09 12:50:00,3046.36,3047.30,3044.56,3046.41,367,20,0
1744203300,2025.04.09 12:55:00,3046.42,3046.99,3044.89,3044.90,332,20,0
1744203600,2025.04.09 13:00:00,3044.91,3045.77,3043.78,3045.00,410,20,0
1744203900,2025.04.09 13:05:00,3044.84,3047.02,3043.88,3045.14,467,20,0
1744204200,2025.04.09 13:10:00,3045.17,3045.80,3040.58,3041.49,481,20,0
1744204500,2025.04.09 13:15:00,3041.18,3042.50,3038.68,3038.72,462,20,0
1744204800,2025.04.09 13:20:00,3039.03,3040.92,3038.28,3040.22,450,20,0
1744205100,2025.04.09 13:25:00,3040.10,3041.77,3038.50,3039.43,373,20,0
1744205400,2025.04.09 13:30:00,3039.43,3044.13,3039.37,3043.08,414,20,0
1744205700,2025.04.09 13:35:00,3043.08,3043.31,3041.68,3042.91,324,20,0
1744206000,2025.04.09 13:40:00,3042.92,3044.55,3042.55,3043.15,360,20,0
1744206300,2025.04.09 13:45:00,3043.15,3044.40,3041.35,3043.79,377,20,0
1744206600,2025.04.09 13:50:00,3043.79,3045.24,3042.17,3042.46,404,20,0
1744206900,2025.04.09 13:55:00,3042.46,3044.87,3042.26,3042.69,352,20,0
1744207200,2025.04.09 14:00:00,3042.82,3045.62,3035.95,3043.74,559,20,0
1744207500,2025.04.09 14:05:00,3043.66,3045.48,3041.02,3041.45,533,20,0
1744207800,2025.04.09 14:10:00,3041.54,3045.75,3041.47,3045.75,497,20,0
1744208100,2025.04.09 14:15:00,3045.62,3057.49,3045.37,3055.29,521,20,0
1744208400,2025.04.09 14:20:00,3055.49,3064.45,3055.49,3063.07,553,20,0
1744208700,2025.04.09 14:25:00,3063.06,3064.71,3059.82,3060.27,530,20,0
1744209000,2025.04.09 14:30:00,3060.28,3065.21,3058.26,3058.77,534,20,0
1744209300,2025.04.09 14:35:00,3058.70,3067.08,3057.93,3063.76,531,20,0
1744209600,2025.04.09 14:40:00,3063.57,3064.45,3060.42,3063.55,492,20,0
1744209900,2025.04.09 14:45:00,3062.94,3067.94,3061.03,3063.11,464,20,0
1744210200,2025.04.09 14:50:00,3063.17,3063.60,3058.42,3060.87,510,20,0
1744210500,2025.04.09 14:55:00,3061.03,3067.80,3058.56,3066.73,518,20,0
1744210800,2025.04.09 15:00:00,3066.65,3073.08,3066.52,3069.43,545,20,0
1744211100,2025.04.09 15:05:00,3069.37,3070.76,3064.28,3064.53,514,20,0
1744211400,2025.04.09 15:10:00,3064.57,3064.79,3058.52,3062.93,540,20,0
1744211700,2025.04.09 15:15:00,3062.83,3067.51,3060.75,3060.87,545,20,0
1744212000,2025.04.09 15:20:00,3060.89,3061.04,3050.55,3051.73,560,20,0
1744212300,2025.04.09 15:25:00,3051.74,3054.69,3048.93,3053.86,544,20,0
1744212600,2025.04.09 15:30:00,3053.91,3055.10,3048.10,3050.69,531,20,0
1744212900,2025.04.09 15:35:00,3050.78,3053.36,3047.33,3049.07,516,20,0
1744213200,2025.04.09 15:40:00,3049.15,3051.03,3043.95,3043.95,502,20,0
1744213500,2025.04.09 15:45:00,3043.95,3051.23,3042.80,3044.47,554,20,0
1744213800,2025.04.09 15:50:00,3044.38,3050.02,3042.65,3049.91,524,20,0
1744214100,2025.04.09 15:55:00,3049.80,3050.08,3043.40,3047.21,465,20,0
1744214400,2025.04.09 16:00:00,3047.28,3051.63,3047.28,3048.77,531,20,0
1744214700,2025.04.09 16:05:00,3048.69,3057.23,3048.38,3055.68,563,20,0
1744215000,2025.04.09 16:10:00,3055.67,3060.56,3055.67,3056.60,543,20,0
1744215300,2025.04.09 16:15:00,3056.80,3060.05,3056.05,3058.32,541,20,0
1744215600,2025.04.09 16:20:00,3058.32,3061.47,3056.67,3061.00,548,20,0
1744215900,2025.04.09 16:25:00,3060.81,3060.98,3057.87,3060.58,525,20,0
1744216200,2025.04.09 16:30:00,3060.57,3072.45,3060.18,3072.38,563,20,0
1744216500,2025.04.09 16:35:00,3072.40,3077.94,3071.79,3075.66,569,20,0
1744216800,2025.04.09 16:40:00,3075.99,3076.85,3071.88,3072.70,563,20,0
1744217100,2025.04.09 16:45:00,3072.86,3075.68,3067.56,3074.02,567,20,0
1744217400,2025.04.09 16:50:00,3074.01,3076.41,3070.56,3076.15,550,20,0
1744217700,2025.04.09 16:55:00,3076.16,3076.73,3073.98,3075.30,528,20,0
1744218000,2025.04.09 17:00:00,3075.34,3076.47,3071.78,3073.17,536,20,0
1744218300,2025.04.09 17:05:00,3073.49,3076.14,3068.43,3072.93,531,20,0
1744218600,2025.04.09 17:10:00,3073.00,3078.04,3072.08,3073.50,530,20,0
1744218900,2025.04.09 17:15:00,3074.78,3081.98,3074.78,3081.30,531,20,0
1744219200,2025.04.09 17:20:00,3081.21,3084.53,3079.26,3082.91,533,20,0
1744219500,2025.04.09 17:25:00,3082.72,3084.23,3081.58,3083.41,495,20,0
1744219800,2025.04.09 17:30:00,3083.42,3083.93,3077.93,3078.20,514,20,0
1744220100,2025.04.09 17:35:00,3078.34,3081.63,3077.41,3078.56,501,20,0
1744220400,2025.04.09 17:40:00,3078.59,3078.75,3075.33,3075.86,515,20,0
1744220700,2025.04.09 17:45:00,3075.88,3079.41,3074.49,3076.02,480,20,0
1744221000,2025.04.09 17:50:00,3076.13,3076.13,3069.70,3070.21,517,20,0
1744221300,2025.04.09 17:55:00,3070.20,3073.64,3069.15,3070.46,503,20,0
1744221600,2025.04.09 18:00:00,3070.52,3070.52,3065.90,3067.37,526,20,0
1744221900,2025.04.09 18:05:00,3067.33,3073.41,3065.20,3071.66,534,20,0
1744222200,2025.04.09 18:10:00,3071.75,3075.31,3071.05,3074.95,479,20,0
1744222500,2025.04.09 18:15:00,3074.96,3082.65,3074.96,3082.63,486,20,0
1744222800,2025.04.09 18:20:00,3082.60,3086.48,3082.53,3085.23,496,20,0
1744223100,2025.04.09 18:25:00,3085.15,3087.74,3082.63,3084.44,519,20,0
1744223400,2025.04.09 18:30:00,3084.53,3087.60,3083.73,3085.00,463,20,0
1744223700,2025.04.09 18:35:00,3084.98,3086.68,3084.81,3084.86,455,20,0
1744224000,2025.04.09 18:40:00,3084.88,3085.96,3078.88,3079.11,475,20,0
1744224300,2025.04.09 18:45:00,3079.11,3081.56,3078.47,3080.54,451,20,0
1744224600,2025.04.09 18:50:00,3080.50,3084.29,3080.39,3083.05,417,20,0
1744224900,2025.04.09 18:55:00,3083.07,3086.38,3081.17,3086.12,377,20,0
1744225200,2025.04.09 19:00:00,3086.29,3086.82,3082.65,3084.68,405,20,0
1744225500,2025.04.09 19:05:00,3084.68,3085.60,3083.17,3083.78,304,20,0
1744225800,2025.04.09 19:10:00,3083.78,3089.97,3082.79,3088.76,452,20,0
1744226100,2025.04.09 19:15:00,3088.66,3090.65,3087.61,3088.77,434,20,0
1744226400,2025.04.09 19:20:00,3088.76,3088.89,3085.10,3085.23,431,20,0
1744226700,2025.04.09 19:25:00,3085.39,3085.99,3083.78,3085.94,438,20,0
1744227000,2025.04.09 19:30:00,3085.96,3089.20,3085.69,3088.59,389,20,0
1744227300,2025.04.09 19:35:00,3088.59,3090.60,3087.81,3088.47,423,20,0
1744227600,2025.04.09 19:40:00,3088.48,3088.60,3085.88,3088.20,404,20,0
1744227900,2025.04.09 19:45:00,3088.20,3090.86,3087.89,3090.33,416,20,0
1744228200,2025.04.09 19:50:00,3090.34,3092.68,3090.10,3092.27,424,20,0
1744228500,2025.04.09 19:55:00,3092.27,3094.79,3091.39,3092.34,441,20,0
1744228800,2025.04.09 20:00:00,3092.34,3095.06,3086.95,3087.74,502,20,0
1744229100,2025.04.09 20:05:00,3087.59,3089.23,3084.71,3084.98,472,20,0
1744229400,2025.04.09 20:10:00,3084.99,3089.30,3084.22,3089.30,439,20,0
1744229700,2025.04.09 20:15:00,3089.30,3097.95,3088.41,3092.06,527,20,0
1744230000,2025.04.09 20:20:00,3092.06,3098.89,3072.58,3072.58,582,20,0
1744230300,2025.04.09 20:25:00,3072.64,3080.82,3059.51,3060.03,560,20,0
1744230600,2025.04.09 20:30:00,3059.83,3070.33,3051.24,3067.55,594,20,0
1744230900,2025.04.09 20:35:00,3067.58,3069.23,3053.10,3059.25,591,20,0
1744231200,2025.04.09 20:40:00,3059.72,3067.84,3056.74,3063.94,569,20,0
1744231500,2025.04.09 20:45:00,3063.90,3074.07,3063.87,3070.59,552,20,0
1744231800,2025.04.09 20:50:00,3070.09,3075.43,3064.07,3068.82,563,20,0
1744232100,2025.04.09 20:55:00,3068.87,3069.81,3059.52,3060.23,523,20,0
1744232400,2025.04.09 21:00:00,3060.04,3068.85,3058.16,3065.00,518,20,0
1744232700,2025.04.09 21:05:00,3064.98,3065.73,3053.70,3058.36,565,20,0
1744233000,2025.04.09 21:10:00,3058.31,3060.23,3051.43,3052.42,559,20,0
1744233300,2025.04.09 21:15:00,3052.51,3054.40,3048.66,3052.65,540,20,0
1744233600,2025.04.09 21:20:00,3052.44,3064.53,3051.98,3063.97,559,20,0
1744233900,2025.04.09 21:25:00,3064.01,3067.25,3060.72,3064.34,527,20,0
1744234200,2025.04.09 21:30:00,3064.03,3071.59,3063.98,3069.58,527,20,0
1744234500,2025.04.09 21:35:00,3069.89,3072.58,3065.94,3071.23,514,20,0
1744234800,2025.04.09 21:40:00,3071.00,3073.49,3063.81,3064.14,494,20,0
1744235100,2025.04.09 21:45:00,3064.15,3068.47,3063.40,3066.97,468,20,0
1744235400,2025.04.09 21:50:00,3067.08,3067.70,3064.25,3067.40,476,20,0
1744235700,2025.04.09 21:55:00,3067.48,3069.52,3065.61,3067.08,442,20,0
1744236000,2025.04.09 22:00:00,3067.07,3075.25,3064.23,3074.79,464,20,0
1744236300,2025.04.09 22:05:00,3074.76,3086.90,3074.76,3085.98,536,20,0
1744236600,2025.04.09 22:10:00,3086.19,3090.93,3084.30,3086.25,483,20,0
1744236900,2025.04.09 22:15:00,3086.25,3093.57,3085.58,3092.96,546,20,0
1744237200,2025.04.09 22:20:00,3092.41,3094.07,3091.47,3092.01,463,20,0
1744237500,2025.04.09 22:25:00,3092.02,3095.69,3088.47,3091.61,518,20,0
1744237800,2025.04.09 22:30:00,3091.66,3093.75,3087.53,3092.38,475,20,0
1744238100,2025.04.09 22:35:00,3093.01,3093.47,3087.61,3089.27,466,20,0
1744238400,2025.04.09 22:40:00,3089.28,3098.83,3088.87,3098.23,488,20,0
1744238700,2025.04.09 22:45:00,3098.20,3099.47,3087.99,3088.55,500,20,0
1744239000,2025.04.09 22:50:00,3088.55,3092.45,3087.99,3088.62,462,20,0
1744239300,2025.04.09 22:55:00,3088.64,3094.82,3084.42,3093.93,515,20,0
1744239600,2025.04.09 23:00:00,3093.72,3095.19,3090.28,3093.90,350,20,0
1744239900,2025.04.09 23:05:00,3093.96,3095.35,3090.87,3094.96,324,20,0
1744240200,2025.04.09 23:10:00,3094.98,3095.30,3090.21,3091.84,274,20,0
1744240500,2025.04.09 23:15:00,3091.87,3091.96,3088.82,3089.38,280,20,0
1744240800,2025.04.09 23:20:00,3089.41,3090.79,3086.20,3087.33,287,20,0
1744241100,2025.04.09 23:25:00,3087.35,3091.69,3087.08,3090.51,259,20,0
1744241400,2025.04.09 23:30:00,3090.45,3091.37,3084.00,3085.52,290,20,0
1744241700,2025.04.09 23:35:00,3085.52,3085.62,3080.39,3081.75,280,20,0
1744242000,2025.04.09 23:40:00,3081.62,3082.81,3080.29,3082.63,266,20,0
1744242300,2025.04.09 23:45:00,3082.70,3082.70,3079.47,3079.54,271,20,0
1744242600,2025.04.09 23:50:00,3079.54,3080.93,3078.16,3079.89,225,20,0
1744242900,2025.04.09 23:55:00,3079.92,3083.16,3079.70,3083.08,124,20,0
1744246800,2025.04.10 01:00:00,3081.20,3082.45,3080.01,3080.27,188,20,0
1744247100,2025.04.10 01:05:00,3080.26,3080.30,3071.46,3073.91,251,20,0
1744247400,2025.04.10 01:10:00,3073.87,3077.31,3071.55,3075.79,202,20,0
1744247700,2025.04.10 01:15:00,3075.79,3080.53,3073.84,3076.31,273,20,0
1744248000,2025.04.10 01:20:00,3076.28,3082.84,3076.25,3080.75,293,20,0
1744248300,2025.04.10 01:25:00,3080.75,3080.98,3077.56,3078.67,178,20,0
1744248600,2025.04.10 01:30:00,3078.68,3088.93,3078.54,3087.84,237,20,0
1744248900,2025.04.10 01:35:00,3087.61,3090.03,3083.38,3085.40,315,20,0
1744249200,2025.04.10 01:40:00,3085.33,3085.33,3083.01,3083.61,151,20,0
1744249500,2025.04.10 01:45:00,3083.61,3086.39,3083.12,3084.85,214,20,0
1744249800,2025.04.10 01:50:00,3084.85,3085.02,3082.54,3082.54,214,20,0
1744250100,2025.04.10 01:55:00,3082.70,3083.18,3079.96,3080.09,226,20,0
1744250400,2025.04.10 02:00:00,3080.36,3082.12,3079.65,3081.32,256,20,0
1744250700,2025.04.10 02:05:00,3081.32,3082.37,3080.67,3082.21,232,20,0
1744251000,2025.04.10 02:10:00,3082.23,3084.08,3082.19,3083.09,247,20,0
1744251300,2025.04.10 02:15:00,3082.98,3083.15,3080.37,3080.61,264,20,0
1744251600,2025.04.10 02:20:00,3080.62,3081.49,3079.67,3081.15,217,20,0
1744251900,2025.04.10 02:25:00,3081.15,3086.03,3080.99,3085.58,321,20,0
1744252200,2025.04.10 02:30:00,3085.57,3086.89,3083.70,3086.77,263,20,0
1744252500,2025.04.10 02:35:00,3086.77,3086.87,3084.82,3085.88,257,20,0
1744252800,2025.04.10 02:40:00,3085.81,3088.35,3084.93,3085.24,254,20,0
1744253100,2025.04.10 02:45:00,3085.25,3088.81,3083.70,3083.74,335,20,0
1744253400,2025.04.10 02:50:00,3083.72,3085.41,3082.31,3082.74,296,20,0
1744253700,2025.04.10 02:55:00,3082.75,3086.75,3082.55,3086.75,308,20,0
1744254000,2025.04.10 03:00:00,3086.77,3088.31,3081.18,3082.97,529,20,0
1744254300,2025.04.10 03:05:00,3082.75,3085.86,3082.42,3084.85,375,20,0
1744254600,2025.04.10 03:10:00,3084.86,3087.43,3084.59,3086.91,421,20,0
1744254900,2025.04.10 03:15:00,3086.92,3089.87,3085.96,3089.68,390,20,0
1744255200,2025.04.10 03:20:00,3089.67,3094.10,3088.33,3093.41,437,20,0
1744255500,2025.04.10 03:25:00,3093.41,3096.64,3090.06,3096.03,491,20,0
1744255800,2025.04.10 03:30:00,3096.06,3100.36,3094.60,3098.06,510,20,0
1744256100,2025.04.10 03:35:00,3098.13,3101.44,3096.68,3097.08,459,20,0
1744256400,2025.04.10 03:40:00,3096.96,3098.51,3094.03,3097.18,464,20,0
1744256700,2025.04.10 03:45:00,3097.13,3097.14,3093.12,3094.48,392,20,0
1744257000,2025.04.10 03:50:00,3094.49,3096.31,3093.31,3096.31,408,20,0
1744257300,2025.04.10 03:55:00,3096.39,3098.14,3095.78,3097.21,414,20,0
1744257600,2025.04.10 04:00:00,3097.12,3100.58,3090.76,3093.30,578,20,0
1744257900,2025.04.10 04:05:00,3093.19,3093.60,3089.64,3092.13,534,20,0
1744258200,2025.04.10 04:10:00,3092.12,3094.95,3085.11,3086.56,511,20,0
1744258500,2025.04.10 04:15:00,3086.44,3089.85,3084.75,3084.75,547,20,0
1744258800,2025.04.10 04:20:00,3084.77,3086.19,3082.86,3084.20,518,20,0
1744259100,2025.04.10 04:25:00,3084.21,3087.87,3083.83,3087.71,414,20,0
1744259400,2025.04.10 04:30:00,3087.67,3089.05,3083.96,3084.19,460,20,0
1744259700,2025.04.10 04:35:00,3084.13,3084.49,3078.43,3081.65,493,20,0
1744260000,2025.04.10 04:40:00,3081.42,3088.07,3079.24,3088.07,506,20,0
1744260300,2025.04.10 04:45:00,3088.15,3091.28,3085.42,3089.28,507,20,0
1744260600,2025.04.10 04:50:00,3089.25,3095.02,3088.24,3093.28,513,20,0
1744260900,2025.04.10 04:55:00,3093.32,3095.44,3091.64,3094.13,453,20,0
1744261200,2025.04.10 05:00:00,3094.12,3099.47,3093.99,3098.24,503,20,0
1744261500,2025.04.10 05:05:00,3098.24,3112.40,3097.19,3110.71,503,20,0
1744261800,2025.04.10 05:10:00,3110.81,3113.03,3103.43,3105.48,544,20,0
1744262100,2025.04.10 05:15:00,3105.41,3117.07,3105.32,3111.73,532,20,0
1744262400,2025.04.10 05:20:00,3111.76,3114.75,3110.65,3113.88,472,20,0
1744262700,2025.04.10 05:25:00,3113.81,3114.16,3109.87,3111.80,430,20,0
1744263000,2025.04.10 05:30:00,3111.56,3113.77,3110.64,3112.12,467,20,0
1744263300,2025.04.10 05:35:00,3112.09,3119.59,3111.97,3116.29,488,20,0
1744263600,2025.04.10 05:40:00,3116.35,3117.27,3114.13,3114.14,427,20,0
1744263900,2025.04.10 05:45:00,3114.14,3118.35,3111.50,3116.77,466,20,0
1744264200,2025.04.10 05:50:00,3116.85,3119.31,3116.44,3116.88,470,20,0
1744264500,2025.04.10 05:55:00,3116.88,3120.39,3115.56,3119.47,410,20,0
1744264800,2025.04.10 06:00:00,3119.36,3120.71,3115.95,3116.03,449,20,0
1744265100,2025.04.10 06:05:00,3116.07,3119.72,3115.25,3118.25,464,20,0
1744265400,2025.04.10 06:10:00,3118.29,3126.00,3117.97,3125.54,499,20,0
1744265700,2025.04.10 06:15:00,3125.55,3125.98,3122.25,3123.25,467,20,0
1744266000,2025.04.10 06:20:00,3123.71,3131.74,3123.27,3127.38,493,20,0
1744266300,2025.04.10 06:25:00,3127.36,3127.48,3121.53,3123.99,438,20,0
1744266600,2025.04.10 06:30:00,3123.83,3130.51,3123.19,3128.25,387,20,0
1744266900,2025.04.10 06:35:00,3128.18,3128.26,3122.99,3123.01,306,20,0
1744267200,2025.04.10 06:40:00,3122.90,3123.60,3120.59,3121.91,341,20,0
1744267500,2025.04.10 06:45:00,3121.97,3124.61,3121.81,3123.62,270,20,0
1744267800,2025.04.10 06:50:00,3123.56,3126.84,3123.17,3124.14,309,20,0
1744268100,2025.04.10 06:55:00,3124.11,3125.84,3121.56,3125.32,309,20,0
1744268400,2025.04.10 07:00:00,3125.45,3127.93,3125.17,3127.01,327,20,0
1744268700,2025.04.10 07:05:00,3126.97,3128.20,3125.73,3126.76,244,20,0
1744269000,2025.04.10 07:10:00,3126.77,3128.16,3124.93,3125.98,272,20,0
1744269300,2025.04.10 07:15:00,3125.98,3126.68,3124.38,3124.67,280,20,0
1744269600,2025.04.10 07:20:00,3124.57,3126.57,3124.32,3126.18,305,20,0
1744269900,2025.04.10 07:25:00,3126.18,3129.41,3126.18,3126.95,359,20,0
1744270200,2025.04.10 07:30:00,3126.95,3126.95,3122.62,3123.44,310,20,0
1744270500,2025.04.10 07:35:00,3123.43,3124.09,3122.18,3122.26,279,20,0
1744270800,2025.04.10 07:40:00,3122.27,3123.64,3121.10,3122.18,252,20,0
1744271100,2025.04.10 07:45:00,3122.39,3127.56,3122.18,3126.14,333,20,0
1744271400,2025.04.10 07:50:00,3126.14,3127.61,3124.92,3126.85,321,20,0
1744271700,2025.04.10 07:55:00,3126.86,3127.09,3124.23,3125.31,236,20,0
1744272000,2025.04.10 08:00:00,3125.31,3131.22,3124.74,3130.17,407,20,0
1744272300,2025.04.10 08:05:00,3130.22,3132.54,3129.23,3130.22,346,20,0
1744272600,2025.04.10 08:10:00,3130.23,3130.24,3128.31,3129.60,304,20,0
1744272900,2025.04.10 08:15:00,3129.60,3130.48,3127.38,3127.59,297,20,0
1744273200,2025.04.10 08:20:00,3127.78,3128.19,3125.83,3127.44,273,20,0
1744273500,2025.04.10 08:25:00,3127.44,3127.71,3124.98,3125.25,336,20,0
1744273800,2025.04.10 08:30:00,3125.25,3125.36,3122.70,3123.06,331,20,0
1744274100,2025.04.10 08:35:00,3123.10,3123.72,3117.16,3118.87,448,20,0
1744274400,2025.04.10 08:40:00,3118.80,3119.12,3114.01,3115.47,427,20,0
1744274700,2025.04.10 08:45:00,3115.45,3117.10,3112.77,3114.57,413,20,0
1744275000,2025.04.10 08:50:00,3114.68,3120.69,3114.68,3120.28,451,20,0
1744275300,2025.04.10 08:55:00,3120.09,3123.55,3120.05,3122.51,426,20,0
1744275600,2025.04.10 09:00:00,3122.47,3124.69,3122.28,3123.80,448,20,0
1744275900,2025.04.10 09:05:00,3123.80,3124.95,3121.76,3122.75,346,20,0
1744276200,2025.04.10 09:10:00,3122.78,3126.37,3120.31,3125.74,459,20,0
1744276500,2025.04.10 09:15:00,3125.42,3125.42,3120.73,3121.40,386,20,0
1744276800,2025.04.10 09:20:00,3121.40,3123.28,3120.14,3121.84,411,20,0
1744277100,2025.04.10 09:25:00,3121.86,3123.81,3121.18,3121.61,371,20,0
1744277400,2025.04.10 09:30:00,3121.63,3122.49,3118.92,3120.08,431,20,0
1744277700,2025.04.10 09:35:00,3119.79,3123.33,3119.79,3122.27,419,20,0
1744278000,2025.04.10 09:40:00,3122.28,3122.68,3120.49,3121.03,424,20,0
1744278300,2025.04.10 09:45:00,3120.99,3123.04,3120.28,3120.35,375,20,0
1744278600,2025.04.10 09:50:00,3120.38,3121.75,3119.50,3120.00,356,20,0
1744278900,2025.04.10 09:55:00,3119.98,3122.41,3119.48,3122.09,394,20,0
1744279200,2025.04.10 10:00:00,3122.03,3122.55,3119.00,3120.29,456,20,0
1744279500,2025.04.10 10:05:00,3120.27,3120.48,3116.77,3118.79,440,20,0
1744279800,2025.04.10 10:10:00,3118.95,3119.46,3117.79,3118.63,439,20,0
1744280100,2025.04.10 10:15:00,3118.61,3119.57,3116.78,3118.76,461,20,0
1744280400,2025.04.10 10:20:00,3118.77,3123.33,3118.14,3122.63,441,20,0
1744280700,2025.04.10 10:25:00,3122.59,3122.85,3116.90,3117.07,490,20,0
1744281000,2025.04.10 10:30:00,3117.07,3117.07,3111.51,3111.78,505,20,0
1744281300,2025.04.10 10:35:00,3111.80,3112.65,3106.56,3108.78,463,20,0
1744281600,2025.04.10 10:40:00,3108.68,3114.23,3107.90,3111.98,495,20,0
1744281900,2025.04.10 10:45:00,3111.90,3113.52,3111.04,3113.30,460,20,0
1744282200,2025.04.10 10:50:00,3113.33,3115.81,3112.98,3115.21,450,20,0
1744282500,2025.04.10 10:55:00,3115.25,3115.37,3108.51,3108.69,441,20,0
1744282800,2025.04.10 11:00:00,3108.83,3115.46,3108.68,3115.30,495,20,0
1744283100,2025.04.10 11:05:00,3115.23,3115.52,3109.72,3111.38,469,20,0
1744283400,2025.04.10 11:10:00,3111.35,3112.23,3109.29,3110.93,405,20,0
1744283700,2025.04.10 11:15:00,3110.98,3112.66,3110.24,3112.04,400,20,0
1744284000,2025.04.10 11:20:00,3111.89,3115.50,3110.56,3114.90,392,20,0
1744284300,2025.04.10 11:25:00,3114.90,3115.57,3112.27,3114.41,409,20,0
1744284600,2025.04.10 11:30:00,3114.28,3114.28,3105.90,3107.64,444,20,0
1744284900,2025.04.10 11:35:00,3107.87,3109.48,3104.74,3108.85,474,20,0
1744285200,2025.04.10 11:40:00,3108.79,3112.91,3108.43,3111.70,379,20,0
1744285500,2025.04.10 11:45:00,3112.07,3113.55,3110.56,3112.24,423,20,0
1744285800,2025.04.10 11:50:00,3112.08,3112.19,3107.93,3107.94,355,20,0
1744286100,2025.04.10 11:55:00,3107.96,3108.01,3104.76,3104.99,405,20,0
1744286400,2025.04.10 12:00:00,3104.99,3107.67,3103.78,3104.94,475,20,0
1744286700,2025.04.10 12:05:00,3105.08,3107.14,3104.12,3104.69,409,20,0
1744287000,2025.04.10 12:10:00,3104.67,3107.78,3103.46,3107.10,390,20,0
1744287300,2025.04.10 12:15:00,3107.10,3109.45,3106.77,3108.16,413,20,0
1744287600,2025.04.10 12:20:00,3108.19,3109.53,3107.88,3109.47,382,20,0
1744287900,2025.04.10 12:25:00,3109.48,3111.14,3108.65,3109.87,365,20,0
1744288200,2025.04.10 12:30:00,3109.88,3110.30,3105.20,3106.94,418,20,0
1744288500,2025.04.10 12:35:00,3106.94,3113.31,3106.67,3111.68,415,20,0
1744288800,2025.04.10 12:40:00,3111.71,3112.44,3110.21,3111.35,438,20,0
1744289100,2025.04.10 12:45:00,3111.38,3112.73,3109.99,3110.12,340,20,0
1744289400,2025.04.10 12:50:00,3110.12,3113.67,3109.20,3113.29,342,20,0
1744289700,2025.04.10 12:55:00,3113.21,3117.95,3113.21,3116.22,426,20,0
1744290000,2025.04.10 13:00:00,3116.55,3118.44,3115.18,3117.30,409,20,0
1744290300,2025.04.10 13:05:00,3117.31,3117.65,3114.32,3115.45,404,20,0
1744290600,2025.04.10 13:10:00,3115.45,3118.54,3115.27,3118.49,390,20,0
1744290900,2025.04.10 13:15:00,3118.47,3119.59,3116.04,3119.27,333,20,0
1744291200,2025.04.10 13:20:00,3119.30,3120.58,3117.42,3119.44,396,20,0
1744291500,2025.04.10 13:25:00,3119.44,3122.57,3118.85,3119.15,406,20,0
1744291800,2025.04.10 13:30:00,3119.07,3119.46,3117.86,3118.88,429,20,0
1744292100,2025.04.10 13:35:00,3118.81,3121.43,3116.81,3119.55,408,20,0
1744292400,2025.04.10 13:40:00,3119.54,3119.54,3115.56,3116.48,439,20,0
1744292700,2025.04.10 13:45:00,3116.48,3119.03,3115.70,3116.75,343,20,0
1744293000,2025.04.10 13:50:00,3116.67,3119.09,3115.31,3118.98,414,20,0
1744293300,2025.04.10 13:55:00,3119.08,3120.84,3118.77,3119.73,370,20,0
1744293600,2025.04.10 14:00:00,3119.69,3120.79,3114.85,3115.97,433,20,0
1744293900,2025.04.10 14:05:00,3115.97,3116.76,3113.24,3115.58,449,20,0
1744294200,2025.04.10 14:10:00,3115.58,3116.32,3113.89,3115.99,440,20,0
1744294500,2025.04.10 14:15:00,3116.02,3118.71,3114.70,3118.45,437,20,0
1744294800,2025.04.10 14:20:00,3118.45,3118.87,3116.82,3117.50,363,20,0
1744295100,2025.04.10 14:25:00,3117.49,3122.42,3117.49,3122.27,397,20,0
1744295400,2025.04.10 14:30:00,3122.29,3124.86,3121.65,3121.75,497,20,0
1744295700,2025.04.10 14:35:00,3121.71,3124.30,3120.73,3123.14,440,20,0
1744296000,2025.04.10 14:40:00,3123.14,3124.35,3121.73,3122.11,405,20,0
1744296300,2025.04.10 14:45:00,3122.13,3123.29,3120.39,3121.05,394,20,0
1744296600,2025.04.10 14:50:00,3121.05,3121.65,3118.83,3121.47,366,20,0
1744296900,2025.04.10 14:55:00,3121.43,3125.56,3120.29,3124.54,405,20,0
1744297200,2025.04.10 15:00:00,3124.64,3125.32,3122.48,3125.32,391,20,0
1744297500,2025.04.10 15:05:00,3125.32,3129.01,3122.83,3128.44,474,20,0
1744297800,2025.04.10 15:10:00,3128.47,3128.87,3125.53,3125.82,439,20,0
1744298100,2025.04.10 15:15:00,3125.86,3127.16,3124.09,3127.10,445,20,0
1744298400,2025.04.10 15:20:00,3127.16,3128.45,3123.08,3125.54,511,20,0
1744298700,2025.04.10 15:25:00,3125.80,3128.75,3125.41,3126.13,441,20,0
1744299000,2025.04.10 15:30:00,3126.02,3133.85,3124.12,3124.95,557,20,0
1744299300,2025.04.10 15:35:00,3125.03,3125.09,3116.69,3117.50,568,20,0
1744299600,2025.04.10 15:40:00,3117.28,3125.32,3116.36,3125.09,543,20,0
1744299900,2025.04.10 15:45:00,3124.80,3130.25,3123.72,3128.78,525,20,0
1744300200,2025.04.10 15:50:00,3129.24,3130.97,3124.61,3124.86,535,20,0
1744300500,2025.04.10 15:55:00,3125.07,3125.38,3120.92,3122.99,520,20,0
1744300800,2025.04.10 16:00:00,3123.00,3126.83,3121.26,3123.03,535,20,0
1744301100,2025.04.10 16:05:00,3123.05,3126.81,3123.05,3125.82,501,20,0
1744301400,2025.04.10 16:10:00,3125.87,3127.49,3124.78,3125.65,485,20,0
1744301700,2025.04.10 16:15:00,3125.68,3130.26,3125.68,3130.09,521,20,0
1744302000,2025.04.10 16:20:00,3130.04,3136.62,3129.53,3134.70,521,20,0
1744302300,2025.04.10 16:25:00,3134.66,3135.89,3130.75,3132.64,477,20,0
1744302600,2025.04.10 16:30:00,3132.69,3132.96,3119.46,3121.03,568,20,0
1744302900,2025.04.10 16:35:00,3121.17,3127.63,3120.53,3123.40,563,20,0
1744303200,2025.04.10 16:40:00,3123.28,3123.97,3119.99,3121.67,556,20,0
1744303500,2025.04.10 16:45:00,3122.05,3126.86,3121.28,3124.72,542,20,0
1744303800,2025.04.10 16:50:00,3124.72,3127.56,3122.86,3124.27,560,20,0
1744304100,2025.04.10 16:55:00,3124.25,3124.62,3116.19,3116.85,551,20,0
1744304400,2025.04.10 17:00:00,3116.92,3135.35,3116.80,3134.95,564,20,0
1744304700,2025.04.10 17:05:00,3135.01,3142.69,3134.94,3142.15,573,20,0
1744305000,2025.04.10 17:10:00,3142.18,3144.95,3139.00,3142.71,561,20,0
1744305300,2025.04.10 17:15:00,3142.79,3145.27,3141.23,3144.06,530,20,0
1744305600,2025.04.10 17:20:00,3143.94,3148.49,3143.94,3148.49,505,20,0
1744305900,2025.04.10 17:25:00,3148.39,3149.23,3143.77,3144.64,537,20,0
1744306200,2025.04.10 17:30:00,3144.54,3148.78,3144.14,3146.45,533,20,0
1744306500,2025.04.10 17:35:00,3146.47,3152.26,3145.23,3151.74,548,20,0
1744306800,2025.04.10 17:40:00,3151.77,3152.60,3148.84,3151.18,508,20,0
1744307100,2025.04.10 17:45:00,3151.17,3151.21,3144.95,3149.58,517,20,0
1744307400,2025.04.10 17:50:00,3149.62,3152.84,3148.00,3151.30,489,20,0
1744307700,2025.04.10 17:55:00,3151.42,3154.72,3148.36,3154.43,513,20,0
1744308000,2025.04.10 18:00:00,3154.64,3159.57,3154.56,3159.48,538,20,0
1744308300,2025.04.10 18:05:00,3159.52,3159.57,3156.57,3157.42,504,20,0
1744308600,2025.04.10 18:10:00,3157.44,3159.60,3156.55,3159.41,501,20,0
1744308900,2025.04.10 18:15:00,3159.27,3164.81,3158.73,3163.62,526,20,0
1744309200,2025.04.10 18:20:00,3163.57,3165.32,3162.17,3164.74,488,20,0
1744309500,2025.04.10 18:25:00,3164.77,3170.63,3164.74,3170.58,487,20,0
1744309800,2025.04.10 18:30:00,3170.58,3171.81,3162.46,3165.22,554,20,0
1744310100,2025.04.10 18:35:00,3165.23,3174.42,3165.23,3174.42,524,20,0
1744310400,2025.04.10 18:40:00,3174.51,3174.85,3166.38,3168.29,541,20,0
1744310700,2025.04.10 18:45:00,3168.15,3169.03,3164.50,3166.55,518,20,0
1744311000,2025.04.10 18:50:00,3166.74,3169.08,3164.58,3166.39,529,20,0
1744311300,2025.04.10 18:55:00,3166.41,3166.99,3154.87,3158.17,553,20,0
1744311600,2025.04.10 19:00:00,3158.01,3160.37,3154.77,3160.23,528,20,0
1744311900,2025.04.10 19:05:00,3160.43,3161.34,3155.88,3156.57,530,20,0
1744312200,2025.04.10 19:10:00,3156.61,3159.91,3154.23,3159.83,515,20,0
1744312500,2025.04.10 19:15:00,3160.00,3161.19,3156.10,3156.90,490,20,0
1744312800,2025.04.10 19:20:00,3157.03,3161.95,3157.03,3161.94,486,20,0
1744313100,2025.04.10 19:25:00,3161.94,3165.18,3159.40,3162.49,534,20,0
1744313400,2025.04.10 19:30:00,3162.58,3165.54,3160.22,3163.53,526,20,0
1744313700,2025.04.10 19:35:00,3163.24,3167.14,3161.72,3162.51,494,20,0
1744314000,2025.04.10 19:40:00,3162.56,3165.56,3162.24,3164.66,483,20,0
1744314300,2025.04.10 19:45:00,3164.82,3166.33,3162.92,3165.57,463,20,0
1744314600,2025.04.10 19:50:00,3165.52,3166.27,3161.88,3161.88,448,20,0
1744314900,2025.04.10 19:55:00,3161.90,3162.79,3158.43,3158.56,451,20,0
1744315200,2025.04.10 20:00:00,3158.48,3158.84,3156.12,3156.70,448,20,0
1744315500,2025.04.10 20:05:00,3156.70,3157.26,3151.58,3153.72,468,20,0
1744315800,2025.04.10 20:10:00,3153.71,3158.06,3152.88,3157.63,454,20,0
1744316100,2025.04.10 20:15:00,3157.68,3161.75,3156.84,3160.15,420,20,0
1744316400,2025.04.10 20:20:00,3160.10,3163.60,3159.18,3160.72,436,20,0
1744316700,2025.04.10 20:25:00,3160.69,3162.71,3159.07,3159.95,502,20,0
1744317000,2025.04.10 20:30:00,3159.86,3162.62,3158.29,3162.07,448,20,0
1744317300,2025.04.10 20:35:00,3162.01,3164.47,3161.39,3162.00,441,20,0
1744317600,2025.04.10 20:40:00,3162.07,3165.43,3161.79,3163.82,376,20,0
1744317900,2025.04.10 20:45:00,3163.69,3164.25,3160.75,3163.13,365,20,0
1744318200,2025.04.10 20:50:00,3163.11,3164.65,3160.31,3160.67,374,20,0
1744318500,2025.04.10 20:55:00,3160.76,3162.99,3159.76,3162.70,410,20,0
1744318800,2025.04.10 21:00:00,3162.76,3163.96,3161.07,3163.00,388,20,0
1744319100,2025.04.10 21:05:00,3163.00,3163.00,3159.90,3160.37,413,20,0
1744319400,2025.04.10 21:10:00,3160.38,3161.50,3158.08,3158.42,454,20,0
1744319700,2025.04.10 21:15:00,3158.34,3161.47,3158.26,3160.64,413,20,0
1744320000,2025.04.10 21:20:00,3160.63,3165.39,3160.62,3164.13,413,20,0
1744320300,2025.04.10 21:25:00,3164.12,3166.63,3163.61,3164.66,482,20,0
1744320600,2025.04.10 21:30:00,3164.74,3170.15,3164.19,3169.04,478,20,0
1744320900,2025.04.10 21:35:00,3169.02,3171.66,3168.69,3171.52,423,20,0
1744321200,2025.04.10 21:40:00,3171.46,3174.02,3170.95,3173.88,443,20,0
1744321500,2025.04.10 21:45:00,3173.87,3174.98,3172.77,3174.49,385,20,0
1744321800,2025.04.10 21:50:00,3174.49,3175.53,3171.16,3172.55,466,20,0
1744322100,2025.04.10 21:55:00,3172.52,3174.70,3171.60,3173.32,453,20,0
1744322400,2025.04.10 22:00:00,3173.29,3175.57,3172.50,3175.56,429,20,0
1744322700,2025.04.10 22:05:00,3175.54,3175.59,3168.00,3169.48,481,20,0
1744323000,2025.04.10 22:10:00,3169.66,3172.08,3169.66,3170.35,380,20,0
1744323300,2025.04.10 22:15:00,3170.35,3171.95,3168.43,3171.79,381,20,0
1744323600,2025.04.10 22:20:00,3171.80,3173.02,3171.19,3172.63,385,20,0
1744323900,2025.04.10 22:25:00,3172.56,3173.93,3171.15,3171.45,387,20,0
1744324200,2025.04.10 22:30:00,3171.45,3175.64,3170.03,3175.53,468,20,0
1744324500,2025.04.10 22:35:00,3175.53,3175.77,3171.26,3171.67,403,20,0
1744324800,2025.04.10 22:40:00,3171.49,3174.94,3171.21,3174.08,417,20,0
1744325100,2025.04.10 22:45:00,3174.17,3175.98,3173.40,3174.70,416,20,0
1744325400,2025.04.10 22:50:00,3174.62,3176.24,3173.52,3176.14,327,20,0
1744325700,2025.04.10 22:55:00,3176.14,3176.14,3170.31,3170.84,411,20,0
1744326000,2025.04.10 23:00:00,3170.91,3174.53,3170.45,3173.11,255,20,0
1744326300,2025.04.10 23:05:00,3173.15,3176.30,3172.18,3176.22,204,20,0
1744326600,2025.04.10 23:10:00,3176.22,3176.31,3173.13,3174.44,196,20,0
1744326900,2025.04.10 23:15:00,3174.38,3174.53,3173.05,3173.87,142,20,0
1744327200,2025.04.10 23:20:00,3173.85,3173.94,3172.43,3173.13,117,20,0
1744327500,2025.04.10 23:25:00,3173.13,3173.30,3170.07,3170.13,159,20,0
1744327800,2025.04.10 23:30:00,3170.16,3172.37,3170.03,3170.88,221,20,0
1744328100,2025.04.10 23:35:00,3170.88,3172.07,3168.56,3168.56,197,20,0
1744328400,2025.04.10 23:40:00,3168.58,3172.63,3168.47,3172.63,258,20,0
1744328700,2025.04.10 23:45:00,3172.64,3173.36,3171.39,3172.85,220,20,0
1744329000,2025.04.10 23:50:00,3172.80,3174.83,3172.51,3174.83,263,20,0
1744329300,2025.04.10 23:55:00,3174.85,3176.06,3174.41,3175.77,155,20,0
1744333200,2025.04.11 01:00:00,3177.55,3179.83,3176.26,3179.42,188,20,0
1744333500,2025.04.11 01:05:00,3179.45,3179.81,3177.15,3179.71,196,20,0
1744333800,2025.04.11 01:10:00,3179.68,3179.89,3178.84,3179.68,181,20,0
1744334100,2025.04.11 01:15:00,3179.72,3179.77,3177.70,3178.24,183,20,0
1744334400,2025.04.11 01:20:00,3178.17,3181.02,3178.14,3180.26,172,20,0
1744334700,2025.04.11 01:25:00,3180.18,3180.54,3178.78,3179.50,193,20,0
1744335000,2025.04.11 01:30:00,3179.53,3187.87,3178.05,3183.06,346,20,0
1744335300,2025.04.11 01:35:00,3182.95,3185.90,3182.10,3185.04,315,20,0
1744335600,2025.04.11 01:40:00,3185.04,3187.30,3184.17,3187.01,302,20,0
1744335900,2025.04.11 01:45:00,3186.93,3189.94,3186.91,3188.32,368,20,0
1744336200,2025.04.11 01:50:00,3188.40,3188.94,3183.34,3185.71,381,20,0
1744336500,2025.04.11 01:55:00,3185.76,3189.08,3184.06,3189.00,346,20,0
1744336800,2025.04.11 02:00:00,3189.08,3190.62,3188.61,3189.77,340,20,0
1744337100,2025.04.11 02:05:00,3189.75,3189.85,3188.43,3189.16,247,20,0
1744337400,2025.04.11 02:10:00,3189.16,3189.68,3183.50,3183.66,305,20,0
1744337700,2025.04.11 02:15:00,3183.66,3184.70,3183.08,3184.33,232,20,0
1744338000,2025.04.11 02:20:00,3184.33,3187.52,3183.92,3184.51,256,20,0
1744338300,2025.04.11 02:25:00,3184.47,3188.29,3183.96,3188.16,250,20,0
1744338600,2025.04.11 02:30:00,3188.16,3188.30,3185.57,3186.00,273,20,0
1744338900,2025.04.11 02:35:00,3186.01,3189.48,3185.74,3187.89,267,20,0
1744339200,2025.04.11 02:40:00,3187.88,3189.33,3187.54,3189.22,267,20,0
1744339500,2025.04.11 02:45:00,3189.29,3189.29,3187.20,3188.69,233,20,0
1744339800,2025.04.11 02:50:00,3188.71,3190.53,3188.51,3189.98,330,20,0
1744340100,2025.04.11 02:55:00,3189.99,3191.28,3188.90,3188.90,357,20,0
1744340400,2025.04.11 03:00:00,3188.96,3189.96,3186.67,3186.76,457,20,0
1744340700,2025.04.11 03:05:00,3186.76,3187.28,3185.05,3185.80,422,20,0
1744341000,2025.04.11 03:10:00,3185.66,3190.54,3185.66,3190.11,410,20,0
1744341300,2025.04.11 03:15:00,3190.10,3191.33,3188.65,3191.07,382,20,0
1744341600,2025.04.11 03:20:00,3191.07,3198.91,3190.24,3198.90,480,20,0
1744341900,2025.04.11 03:25:00,3198.89,3199.87,3192.63,3194.43,524,20,0
1744342200,2025.04.11 03:30:00,3194.74,3201.78,3194.73,3201.46,566,20,0
1744342500,2025.04.11 03:35:00,3201.45,3207.25,3201.45,3206.58,565,20,0
1744342800,2025.04.11 03:40:00,3206.51,3217.85,3205.97,3212.57,558,20,0
1744343100,2025.04.11 03:45:00,3212.51,3215.86,3206.72,3209.50,561,20,0
1744343400,2025.04.11 03:50:00,3210.28,3210.35,3203.40,3204.91,523,20,0
1744343700,2025.04.11 03:55:00,3204.99,3210.25,3204.45,3205.60,510,20,0
1744344000,2025.04.11 04:00:00,3205.57,3216.08,3205.25,3214.97,574,20,0
1744344300,2025.04.11 04:05:00,3214.95,3219.49,3210.22,3211.20,569,20,0
1744344600,2025.04.11 04:10:00,3210.99,3215.23,3208.21,3210.47,552,20,0
1744344900,2025.04.11 04:15:00,3210.46,3212.06,3201.13,3207.66,559,20,0
1744345200,2025.04.11 04:20:00,3207.56,3209.85,3202.68,3208.32,540,20,0
1744345500,2025.04.11 04:25:00,3208.25,3212.58,3208.23,3210.70,526,20,0
1744345800,2025.04.11 04:30:00,3210.77,3212.91,3207.95,3210.24,535,20,0
1744346100,2025.04.11 04:35:00,3210.12,3214.36,3208.03,3209.62,541,20,0
1744346400,2025.04.11 04:40:00,3209.44,3216.10,3208.44,3214.84,535,20,0
1744346700,2025.04.11 04:45:00,3214.97,3215.96,3211.72,3215.81,545,20,0
1744347000,2025.04.11 04:50:00,3215.71,3215.90,3210.06,3210.17,494,20,0
1744347300,2025.04.11 04:55:00,3210.08,3210.20,3205.41,3207.04,510,20,0
1744347600,2025.04.11 05:00:00,3207.10,3213.33,3206.02,3211.68,496,20,0
1744347900,2025.04.11 05:05:00,3211.48,3214.59,3211.02,3213.57,414,20,0
1744348200,2025.04.11 05:10:00,3213.85,3217.45,3211.76,3216.01,498,20,0
1744348500,2025.04.11 05:15:00,3216.37,3219.23,3216.37,3217.41,478,20,0
1744348800,2025.04.11 05:20:00,3217.34,3219.46,3217.34,3218.61,404,20,0
1744349100,2025.04.11 05:25:00,3218.62,3219.52,3213.90,3215.98,436,20,0
1744349400,2025.04.11 05:30:00,3216.13,3219.71,3215.59,3216.20,511,20,0
1744349700,2025.04.11 05:35:00,3216.21,3217.61,3216.18,3216.39,432,20,0
1744350000,2025.04.11 05:40:00,3216.41,3217.30,3214.80,3216.95,412,20,0
1744350300,2025.04.11 05:45:00,3216.94,3219.08,3214.98,3218.66,443,20,0
1744350600,2025.04.11 05:50:00,3218.66,3219.57,3216.97,3217.93,414,20,0
1744350900,2025.04.11 05:55:00,3217.92,3218.14,3214.82,3217.44,427,20,0
1744351200,2025.04.11 06:00:00,3217.43,3219.24,3214.23,3214.74,457,20,0
1744351500,2025.04.11 06:05:00,3214.94,3219.62,3214.12,3218.15,412,20,0
1744351800,2025.04.11 06:10:00,3218.15,3218.64,3215.38,3216.38,400,20,0
1744352100,2025.04.11 06:15:00,3216.40,3218.64,3216.17,3216.75,394,20,0
1744352400,2025.04.11 06:20:00,3216.75,3218.36,3214.81,3218.19,414,20,0
1744352700,2025.04.11 06:25:00,3218.23,3219.70,3217.28,3219.07,453,20,0
1744353000,2025.04.11 06:30:00,3219.09,3220.05,3218.58,3218.70,424,20,0
1744353300,2025.04.11 06:35:00,3218.68,3218.82,3215.03,3216.59,397,20,0
1744353600,2025.04.11 06:40:00,3216.59,3217.76,3215.16,3216.02,395,20,0
1744353900,2025.04.11 06:45:00,3216.09,3218.31,3214.72,3218.06,405,20,0
1744354200,2025.04.11 06:50:00,3218.06,3218.92,3217.52,3217.52,310,20,0
1744354500,2025.04.11 06:55:00,3217.53,3217.92,3216.28,3217.72,358,20,0
1744354800,2025.04.11 07:00:00,3217.73,3218.12,3216.56,3216.74,311,20,0
1744355100,2025.04.11 07:05:00,3216.79,3216.92,3214.62,3216.89,395,20,0
1744355400,2025.04.11 07:10:00,3216.79,3216.96,3215.57,3216.26,295,20,0
1744355700,2025.04.11 07:15:00,3216.26,3216.31,3211.09,3212.14,416,20,0
1744356000,2025.04.11 07:20:00,3212.12,3215.17,3211.49,3214.59,430,20,0
1744356300,2025.04.11 07:25:00,3214.54,3216.99,3214.34,3216.13,300,20,0
1744356600,2025.04.11 07:30:00,3216.13,3217.21,3215.03,3215.27,258,20,0
1744356900,2025.04.11 07:35:00,3215.26,3215.52,3212.64,3212.69,322,20,0
1744357200,2025.04.11 07:40:00,3212.69,3215.30,3212.39,3214.05,272,20,0
1744357500,2025.04.11 07:45:00,3214.05,3214.05,3211.14,3211.87,278,20,0
1744357800,2025.04.11 07:50:00,3211.87,3212.62,3210.08,3210.46,310,20,0
1744358100,2025.04.11 07:55:00,3210.45,3211.67,3208.45,3208.55,319,20,0
1744358400,2025.04.11 08:00:00,3208.52,3209.70,3206.50,3206.64,364,20,0
1744358700,2025.04.11 08:05:00,3206.64,3208.78,3205.74,3207.55,396,20,0
1744359000,2025.04.11 08:10:00,3207.52,3209.12,3204.02,3208.69,414,20,0
1744359300,2025.04.11 08:15:00,3208.69,3216.10,3208.16,3215.34,493,20,0
1744359600,2025.04.11 08:20:00,3215.60,3216.23,3213.62,3215.55,372,20,0
1744359900,2025.04.11 08:25:00,3215.61,3218.67,3214.92,3216.99,385,20,0
1744360200,2025.04.11 08:30:00,3217.20,3219.03,3212.77,3213.10,497,20,0
1744360500,2025.04.11 08:35:00,3213.08,3213.72,3206.77,3207.72,534,20,0
1744360800,2025.04.11 08:40:00,3207.53,3207.58,3188.87,3188.97,576,20,0
1744361100,2025.04.11 08:45:00,3189.16,3195.27,3187.32,3191.15,568,20,0
1744361400,2025.04.11 08:50:00,3191.21,3196.09,3188.55,3191.06,549,20,0
1744361700,2025.04.11 08:55:00,3191.05,3196.24,3190.54,3195.91,481,20,0
1744362000,2025.04.11 09:00:00,3195.90,3202.06,3193.15,3195.20,535,20,0
1744362300,2025.04.11 09:05:00,3195.77,3197.72,3190.19,3196.54,557,20,0
1744362600,2025.04.11 09:10:00,3196.68,3199.20,3194.12,3195.14,522,20,0
1744362900,2025.04.11 09:15:00,3195.18,3196.95,3192.64,3195.96,527,20,0
1744363200,2025.04.11 09:20:00,3196.29,3200.22,3195.31,3197.33,488,20,0
1744363500,2025.04.11 09:25:00,3197.31,3203.58,3196.86,3202.83,529,20,0
1744363800,2025.04.11 09:30:00,3202.83,3205.21,3199.99,3200.54,511,20,0
1744364100,2025.04.11 09:35:00,3200.54,3207.57,3199.87,3206.65,495,20,0
1744364400,2025.04.11 09:40:00,3206.56,3209.53,3204.38,3206.47,497,20,0
1744364700,2025.04.11 09:45:00,3206.30,3207.34,3201.07,3201.16,490,20,0
1744365000,2025.04.11 09:50:00,3201.00,3202.97,3197.56,3200.23,528,20,0
1744365300,2025.04.11 09:55:00,3200.19,3200.29,3194.93,3196.73,490,20,0
1744365600,2025.04.11 10:00:00,3196.61,3207.58,3193.99,3207.00,500,20,0
1744365900,2025.04.11 10:05:00,3207.07,3212.02,3206.68,3208.10,534,20,0
1744366200,2025.04.11 10:10:00,3208.09,3212.99,3207.79,3211.55,476,20,0
1744366500,2025.04.11 10:15:00,3211.61,3212.82,3203.99,3204.80,478,20,0
1744366800,2025.04.11 10:20:00,3204.79,3207.49,3202.65,3206.87,397,20,0
1744367100,2025.04.11 10:25:00,3206.88,3208.89,3204.91,3205.60,479,20,0
1744367400,2025.04.11 10:30:00,3205.70,3208.70,3205.05,3207.69,427,20,0
1744367700,2025.04.11 10:35:00,3207.69,3212.24,3207.32,3210.20,461,20,0
1744368000,2025.04.11 10:40:00,3210.19,3210.22,3207.17,3208.91,421,20,0
1744368300,2025.04.11 10:45:00,3208.89,3209.13,3204.39,3207.38,430,20,0
1744368600,2025.04.11 10:50:00,3207.23,3209.23,3206.42,3208.55,428,20,0
1744368900,2025.04.11 10:55:00,3208.73,3212.46,3207.17,3212.35,446,20,0
1744369200,2025.04.11 11:00:00,3212.37,3215.80,3208.44,3210.33,559,20,0
1744369500,2025.04.11 11:05:00,3210.01,3216.30,3209.84,3214.73,515,20,0
1744369800,2025.04.11 11:10:00,3214.83,3219.61,3214.49,3218.08,512,20,0
1744370100,2025.04.11 11:15:00,3218.12,3219.39,3215.92,3219.22,483,20,0
1744370400,2025.04.11 11:20:00,3219.21,3227.24,3218.73,3223.09,551,20,0
1744370700,2025.04.11 11:25:00,3223.06,3223.24,3217.83,3218.58,508,20,0
1744371000,2025.04.11 11:30:00,3219.12,3219.72,3215.96,3216.06,462,20,0
1744371300,2025.04.11 11:35:00,3215.92,3219.93,3215.06,3219.00,476,20,0
1744371600,2025.04.11 11:40:00,3218.99,3219.01,3213.36,3217.69,489,20,0
1744371900,2025.04.11 11:45:00,3217.69,3224.40,3217.02,3220.33,477,20,0
1744372200,2025.04.11 11:50:00,3220.33,3224.20,3217.91,3218.86,456,20,0
1744372500,2025.04.11 11:55:00,3218.83,3221.10,3215.60,3215.87,486,20,0
1744372800,2025.04.11 12:00:00,3215.87,3218.86,3214.64,3215.56,473,20,0
1744373100,2025.04.11 12:05:00,3215.86,3218.85,3214.89,3217.42,480,20,0
1744373400,2025.04.11 12:10:00,3217.44,3219.60,3216.44,3218.25,445,20,0
1744373700,2025.04.11 12:15:00,3218.65,3218.93,3213.42,3216.90,449,20,0
1744374000,2025.04.11 12:20:00,3216.90,3217.69,3214.99,3217.11,454,20,0
1744374300,2025.04.11 12:25:00,3217.11,3219.78,3214.46,3214.90,467,20,0
1744374600,2025.04.11 12:30:00,3215.05,3216.39,3211.80,3216.28,463,20,0
1744374900,2025.04.11 12:35:00,3216.34,3222.25,3216.26,3221.75,407,20,0
1744375200,2025.04.11 12:40:00,3221.81,3223.84,3219.56,3222.22,386,20,0
1744375500,2025.04.11 12:45:00,3222.20,3227.58,3221.93,3226.64,374,20,0
1744375800,2025.04.11 12:50:00,3226.62,3229.79,3226.44,3229.62,470,20,0
1744376100,2025.04.11 12:55:00,3229.65,3230.00,3227.08,3227.75,450,20,0
1744376400,2025.04.11 13:00:00,3227.75,3229.94,3225.44,3227.02,496,20,0
1744376700,2025.04.11 13:05:00,3226.96,3229.95,3226.20,3229.90,467,20,0
1744377000,2025.04.11 13:10:00,3229.94,3237.72,3228.62,3234.77,484,20,0
1744377300,2025.04.11 13:15:00,3234.75,3235.07,3228.23,3228.62,477,20,0
1744377600,2025.04.11 13:20:00,3228.54,3229.93,3226.30,3229.02,435,20,0
1744377900,2025.04.11 13:25:00,3229.02,3229.95,3225.17,3228.00,368,20,0
1744378200,2025.04.11 13:30:00,3228.00,3228.07,3224.67,3225.03,365,20,0
1744378500,2025.04.11 13:35:00,3225.02,3225.06,3223.24,3224.25,393,20,0
1744378800,2025.04.11 13:40:00,3224.29,3224.54,3214.89,3215.59,454,20,0
1744379100,2025.04.11 13:45:00,3215.78,3217.23,3212.34,3216.08,502,20,0
1744379400,2025.04.11 13:50:00,3215.99,3216.38,3210.18,3211.92,520,20,0
1744379700,2025.04.11 13:55:00,3211.72,3213.33,3210.53,3212.43,471,20,0
1744380000,2025.04.11 14:00:00,3212.56,3219.07,3211.97,3217.12,483,20,0
1744380300,2025.04.11 14:05:00,3217.19,3222.46,3216.06,3221.26,431,20,0
1744380600,2025.04.11 14:10:00,3221.25,3224.69,3219.43,3221.18,439,20,0
1744380900,2025.04.11 14:15:00,3221.13,3221.95,3217.03,3221.91,456,20,0
1744381200,2025.04.11 14:20:00,3222.05,3223.76,3219.00,3220.67,432,20,0
1744381500,2025.04.11 14:25:00,3220.37,3221.20,3217.40,3220.78,446,20,0
1744381800,2025.04.11 14:30:00,3220.71,3220.73,3216.60,3218.53,444,20,0
1744382100,2025.04.11 14:35:00,3218.53,3219.82,3214.98,3215.40,395,20,0
1744382400,2025.04.11 14:40:00,3215.42,3220.32,3213.22,3213.83,465,20,0
1744382700,2025.04.11 14:45:00,3214.12,3215.97,3212.77,3214.17,434,20,0
1744383000,2025.04.11 14:50:00,3214.46,3215.71,3211.43,3215.68,460,20,0
1744383300,2025.04.11 14:55:00,3215.71,3217.70,3212.44,3213.34,457,20,0
1744383600,2025.04.11 15:00:00,3213.68,3218.50,3211.21,3218.26,498,20,0
1744383900,2025.04.11 15:05:00,3218.05,3220.42,3216.74,3218.04,502,20,0
1744384200,2025.04.11 15:10:00,3218.01,3219.19,3216.06,3218.85,453,20,0
1744384500,2025.04.11 15:15:00,3218.85,3220.25,3215.20,3218.16,501,20,0
1744384800,2025.04.11 15:20:00,3218.12,3220.48,3215.90,3217.88,564,20,0
1744385100,2025.04.11 15:25:00,3217.88,3226.24,3217.88,3225.39,495,20,0
1744385400,2025.04.11 15:30:00,3224.94,3230.18,3224.94,3227.04,552,20,0
1744385700,2025.04.11 15:35:00,3227.04,3229.37,3224.59,3226.98,540,20,0
1744386000,2025.04.11 15:40:00,3226.91,3229.41,3225.73,3226.52,508,20,0
1744386300,2025.04.11 15:45:00,3226.50,3227.12,3223.11,3226.47,525,20,0
1744386600,2025.04.11 15:50:00,3226.35,3229.88,3225.71,3229.47,490,20,0
1744386900,2025.04.11 15:55:00,3229.47,3233.98,3228.92,3233.59,495,20,0
1744387200,2025.04.11 16:00:00,3233.61,3235.19,3229.19,3231.08,553,20,0
1744387500,2025.04.11 16:05:00,3231.05,3235.48,3231.05,3235.19,532,20,0
1744387800,2025.04.11 16:10:00,3235.19,3236.88,3231.74,3233.30,525,20,0
1744388100,2025.04.11 16:15:00,3233.35,3236.10,3228.82,3229.57,547,20,0
1744388400,2025.04.11 16:20:00,3229.43,3230.83,3227.79,3228.73,508,20,0
1744388700,2025.04.11 16:25:00,3228.72,3232.59,3228.15,3230.28,503,20,0
1744389000,2025.04.11 16:30:00,3230.22,3244.14,3230.22,3240.08,564,20,0
1744389300,2025.04.11 16:35:00,3240.27,3241.97,3232.34,3233.13,568,20,0
1744389600,2025.04.11 16:40:00,3233.16,3240.59,3232.51,3240.47,577,20,0
1744389900,2025.04.11 16:45:00,3240.46,3240.63,3226.61,3230.14,579,20,0
1744390200,2025.04.11 16:50:00,3230.31,3231.80,3224.51,3225.74,579,20,0
1744390500,2025.04.11 16:55:00,3225.68,3225.88,3219.62,3224.27,535,20,0
1744390800,2025.04.11 17:00:00,3223.97,3232.52,3223.05,3226.16,575,20,0
1744391100,2025.04.11 17:05:00,3226.14,3233.66,3225.32,3232.27,562,20,0
1744391400,2025.04.11 17:10:00,3232.26,3234.80,3231.06,3232.83,577,20,0
1744391700,2025.04.11 17:15:00,3232.80,3235.59,3231.46,3235.59,535,20,0
1744392000,2025.04.11 17:20:00,3235.58,3237.73,3227.53,3227.53,566,20,0
1744392300,2025.04.11 17:25:00,3227.51,3229.47,3225.17,3227.94,574,20,0
1744392600,2025.04.11 17:30:00,3227.99,3232.83,3227.29,3230.38,551,20,0
1744392900,2025.04.11 17:35:00,3229.91,3231.19,3223.02,3224.03,570,20,0
1744393200,2025.04.11 17:40:00,3224.07,3230.89,3224.07,3230.46,545,20,0
1744393500,2025.04.11 17:45:00,3230.50,3232.77,3228.36,3230.17,511,20,0
1744393800,2025.04.11 17:50:00,3230.25,3230.55,3227.12,3228.70,543,20,0
1744394100,2025.04.11 17:55:00,3228.66,3231.23,3227.76,3230.18,499,20,0
1744394400,2025.04.11 18:00:00,3230.20,3235.36,3229.48,3234.63,540,20,0
1744394700,2025.04.11 18:05:00,3234.73,3235.84,3232.49,3235.42,522,20,0
1744395000,2025.04.11 18:10:00,3235.46,3239.07,3233.48,3236.66,539,20,0
1744395300,2025.04.11 18:15:00,3236.66,3237.26,3234.84,3237.04,516,20,0
1744395600,2025.04.11 18:20:00,3236.77,3239.88,3235.04,3239.19,510,20,0
1744395900,2025.04.11 18:25:00,3239.22,3240.20,3238.56,3239.22,492,20,0
1744396200,2025.04.11 18:30:00,3239.22,3239.50,3237.85,3239.16,433,20,0
1744396500,2025.04.11 18:35:00,3239.16,3239.52,3235.31,3237.95,474,20,0
1744396800,2025.04.11 18:40:00,3237.97,3238.94,3235.76,3236.71,472,20,0
1744397100,2025.04.11 18:45:00,3236.74,3240.21,3236.74,3240.03,450,20,0
1744397400,2025.04.11 18:50:00,3240.02,3241.88,3239.30,3241.34,411,20,0
1744397700,2025.04.11 18:55:00,3241.27,3241.32,3239.59,3240.45,438,20,0
1744398000,2025.04.11 19:00:00,3240.53,3241.65,3239.28,3241.05,463,20,0
1744398300,2025.04.11 19:05:00,3240.88,3245.38,3240.88,3241.77,460,20,0
1744398600,2025.04.11 19:10:00,3241.71,3244.37,3241.71,3243.42,456,20,0
1744398900,2025.04.11 19:15:00,3243.43,3243.67,3239.75,3241.30,472,20,0
1744399200,2025.04.11 19:20:00,3241.31,3244.20,3239.81,3240.00,470,20,0
1744399500,2025.04.11 19:25:00,3240.00,3240.00,3233.14,3234.48,525,20,0
1744399800,2025.04.11 19:30:00,3234.40,3236.68,3233.55,3234.03,495,20,0
1744400100,2025.04.11 19:35:00,3233.86,3234.29,3230.27,3230.33,470,20,0
1744400400,2025.04.11 19:40:00,3230.35,3232.02,3229.03,3231.37,486,20,0
1744400700,2025.04.11 19:45:00,3231.37,3233.61,3226.82,3227.33,511,20,0
1744401000,2025.04.11 19:50:00,3227.32,3227.32,3221.39,3222.62,544,20,0
1744401300,2025.04.11 19:55:00,3222.67,3224.48,3219.72,3223.37,548,20,0
1744401600,2025.04.11 20:00:00,3223.25,3229.43,3223.25,3229.42,522,20,0
1744401900,2025.04.11 20:05:00,3229.43,3231.45,3229.03,3230.07,519,20,0
1744402200,2025.04.11 20:10:00,3230.04,3231.24,3224.59,3225.68,501,20,0
1744402500,2025.04.11 20:15:00,3225.54,3228.19,3224.58,3225.52,493,20,0
1744402800,2025.04.11 20:20:00,3225.52,3228.97,3223.75,3226.55,506,20,0
1744403100,2025.04.11 20:25:00,3226.55,3227.97,3224.38,3227.09,506,20,0
1744403400,2025.04.11 20:30:00,3227.15,3234.21,3227.03,3234.21,501,20,0
1744403700,2025.04.11 20:35:00,3234.12,3235.44,3232.69,3234.84,475,20,0
1744404000,2025.04.11 20:40:00,3234.79,3235.03,3231.30,3231.62,486,20,0
1744404300,2025.04.11 20:45:00,3231.86,3234.34,3231.43,3232.61,459,20,0
1744404600,2025.04.11 20:50:00,3232.64,3233.61,3231.94,3232.32,428,20,0
1744404900,2025.04.11 20:55:00,3232.31,3233.90,3231.49,3233.86,444,20,0
1744405200,2025.04.11 21:00:00,3233.96,3236.83,3232.64,3236.83,414,20,0
1744405500,2025.04.11 21:05:00,3237.03,3237.17,3232.81,3233.13,436,20,0
1744405800,2025.04.11 21:10:00,3233.17,3235.47,3233.17,3233.34,438,20,0
1744406100,2025.04.11 21:15:00,3233.34,3233.44,3231.17,3233.17,410,20,0
1744406400,2025.04.11 21:20:00,3233.27,3234.80,3233.21,3234.66,427,20,0
1744406700,2025.04.11 21:25:00,3234.71,3236.51,3233.84,3236.38,388,20,0
1744407000,2025.04.11 21:30:00,3236.23,3237.54,3235.98,3236.74,348,20,0
1744407300,2025.04.11 21:35:00,3236.81,3238.15,3236.28,3237.09,369,20,0
1744407600,2025.04.11 21:40:00,3237.29,3237.30,3234.95,3235.77,368,20,0
1744407900,2025.04.11 21:45:00,3235.78,3236.16,3234.83,3235.65,276,20,0
1744408200,2025.04.11 21:50:00,3235.66,3235.95,3233.52,3234.59,356,20,0
1744408500,2025.04.11 21:55:00,3234.58,3236.65,3234.52,3235.79,384,20,0
1744408800,2025.04.11 22:00:00,3235.80,3235.80,3233.01,3235.59,422,20,0
1744409100,2025.04.11 22:05:00,3235.59,3235.66,3231.08,3231.72,441,20,0
1744409400,2025.04.11 22:10:00,3231.72,3232.28,3229.89,3230.63,436,20,0
1744409700,2025.04.11 22:15:00,3230.53,3230.77,3227.38,3228.73,397,20,0
1744410000,2025.04.11 22:20:00,3228.73,3229.66,3227.73,3228.08,331,20,0
1744410300,2025.04.11 22:25:00,3228.11,3231.74,3228.11,3231.38,394,20,0
1744410600,2025.04.11 22:30:00,3231.38,3231.38,3229.38,3230.29,352,20,0
1744410900,2025.04.11 22:35:00,3230.29,3230.29,3227.90,3227.91,339,20,0
1744411200,2025.04.11 22:40:00,3227.91,3230.23,3227.76,3230.06,356,20,0
1744411500,2025.04.11 22:45:00,3230.06,3230.46,3228.54,3230.46,296,20,0
1744411800,2025.04.11 22:50:00,3230.46,3231.94,3229.84,3231.19,312,20,0
1744412100,2025.04.11 22:55:00,3231.19,3231.92,3229.35,3230.83,354,20,0
1744412400,2025.04.11 23:00:00,3230.92,3233.00,3230.74,3232.54,260,20,0
1744412700,2025.04.11 23:05:00,3232.55,3236.89,3232.13,3236.65,259,20,0
1744413000,2025.04.11 23:10:00,3236.64,3236.92,3234.18,3235.91,176,20,0
1744413300,2025.04.11 23:15:00,3235.91,3236.26,3234.94,3235.25,133,20,0
1744413600,2025.04.11 23:20:00,3235.34,3235.43,3233.34,3235.29,134,20,0
1744413900,2025.04.11 23:25:00,3235.30,3235.30,3233.82,3234.59,159,20,0
1744414200,2025.04.11 23:30:00,3234.63,3236.10,3234.13,3235.72,205,20,0
1744414500,2025.04.11 23:35:00,3235.66,3236.90,3235.35,3236.76,124,20,0
1744414800,2025.04.11 23:40:00,3236.81,3237.31,3235.52,3235.94,178,20,0
1744415100,2025.04.11 23:45:00,3236.14,3236.14,3234.72,3234.73,208,20,0
1744415400,2025.04.11 23:50:00,3234.90,3238.17,3234.07,3238.01,237,20,0
1744415700,2025.04.11 23:55:00,3238.06,3239.08,3237.80,3237.83,149,20,0
1744592400,2025.04.14 01:00:00,3219.93,3223.73,3210.11,3222.33,403,20,0
1744592700,2025.04.14 01:05:00,3222.20,3222.90,3215.49,3222.13,419,20,0
1744593000,2025.04.14 01:10:00,3222.13,3224.62,3220.30,3221.49,274,20,0
1744593300,2025.04.14 01:15:00,3221.23,3221.75,3213.62,3221.37,353,20,0
1744593600,2025.04.14 01:20:00,3221.37,3223.15,3218.70,3219.06,322,20,0
1744593900,2025.04.14 01:25:00,3219.06,3220.00,3217.46,3218.98,323,20,0
1744594200,2025.04.14 01:30:00,3218.93,3223.24,3218.93,3220.36,357,20,0
1744594500,2025.04.14 01:35:00,3220.35,3221.64,3217.27,3219.93,285,20,0
1744594800,2025.04.14 01:40:00,3220.11,3221.75,3219.80,3220.48,236,20,0
1744595100,2025.04.14 01:45:00,3220.37,3222.73,3220.23,3222.53,260,20,0
1744595400,2025.04.14 01:50:00,3222.52,3223.12,3221.57,3222.38,272,20,0
1744595700,2025.04.14 01:55:00,3222.38,3223.92,3220.54,3221.25,289,20,0
1744596000,2025.04.14 02:00:00,3221.25,3222.36,3216.89,3218.27,328,20,0
1744596300,2025.04.14 02:05:00,3218.27,3220.68,3217.68,3220.27,222,20,0
1744596600,2025.04.14 02:10:00,3220.29,3221.82,3218.70,3219.58,269,20,0
1744596900,2025.04.14 02:15:00,3219.58,3221.91,3217.54,3219.09,303,20,0
1744597200,2025.04.14 02:20:00,3219.09,3220.29,3217.29,3218.93,221,20,0
1744597500,2025.04.14 02:25:00,3218.93,3219.84,3218.18,3218.66,187,20,0
1744597800,2025.04.14 02:30:00,3218.55,3221.27,3218.05,3220.16,234,20,0
1744598100,2025.04.14 02:35:00,3220.16,3220.47,3218.29,3219.36,167,20,0
1744598400,2025.04.14 02:40:00,3219.42,3220.04,3218.21,3219.71,154,20,0
1744598700,2025.04.14 02:45:00,3219.70,3221.87,3218.55,3221.85,301,20,0
1744599000,2025.04.14 02:50:00,3221.85,3222.28,3219.43,3220.55,300,20,0
1744599300,2025.04.14 02:55:00,3220.55,3224.50,3219.40,3223.75,300,20,0
1744599600,2025.04.14 03:00:00,3223.79,3224.74,3220.84,3221.36,413,20,0
1744599900,2025.04.14 03:05:00,3221.36,3223.98,3221.36,3223.31,360,20,0
1744600200,2025.04.14 03:10:00,3223.32,3224.80,3221.45,3222.83,301,20,0
1744600500,2025.04.14 03:15:00,3222.83,3224.84,3221.98,3224.61,259,20,0
1744600800,2025.04.14 03:20:00,3224.60,3227.19,3223.92,3224.49,335,20,0
1744601100,2025.04.14 03:25:00,3224.51,3224.97,3223.30,3224.01,269,20,0
1744601400,2025.04.14 03:30:00,3224.04,3226.61,3222.93,3224.00,264,20,0
1744601700,2025.04.14 03:35:00,3223.99,3224.75,3222.62,3223.69,246,20,0
1744602000,2025.04.14 03:40:00,3223.69,3223.92,3220.35,3220.81,319,20,0
1744602300,2025.04.14 03:45:00,3220.81,3221.78,3219.27,3221.01,306,20,0
1744602600,2025.04.14 03:50:00,3221.01,3222.70,3221.01,3222.44,263,20,0
1744602900,2025.04.14 03:55:00,3222.44,3222.96,3220.55,3220.87,341,20,0
1744603200,2025.04.14 04:00:00,3220.88,3222.55,3215.46,3216.23,578,20,0
1744603500,2025.04.14 04:05:00,3216.55,3220.51,3216.10,3219.82,536,20,0
1744603800,2025.04.14 04:10:00,3219.97,3223.17,3219.35,3220.78,506,20,0
1744604100,2025.04.14 04:15:00,3220.78,3221.96,3217.81,3220.09,471,20,0
1744604400,2025.04.14 04:20:00,3220.10,3228.39,3219.02,3227.64,526,20,0
1744604700,2025.04.14 04:25:00,3227.63,3232.43,3226.40,3228.92,512,20,0
1744605000,2025.04.14 04:30:00,3228.92,3235.11,3226.53,3234.51,484,20,0
1744605300,2025.04.14 04:35:00,3234.34,3239.65,3234.15,3239.20,531,20,0
1744605600,2025.04.14 04:40:00,3238.68,3241.39,3237.24,3240.58,528,20,0
1744605900,2025.04.14 04:45:00,3240.58,3242.45,3237.11,3240.47,511,20,0
1744606200,2025.04.14 04:50:00,3240.36,3241.21,3238.46,3241.02,472,20,0
1744606500,2025.04.14 04:55:00,3241.02,3243.50,3238.75,3239.97,473,20,0
1744606800,2025.04.14 05:00:00,3239.69,3244.38,3239.12,3243.55,477,20,0
1744607100,2025.04.14 05:05:00,3243.46,3244.63,3242.41,3244.33,438,20,0
1744607400,2025.04.14 05:10:00,3244.44,3245.62,3242.72,3243.57,442,20,0
1744607700,2025.04.14 05:15:00,3243.57,3243.65,3237.05,3237.26,421,20,0
1744608000,2025.04.14 05:20:00,3237.25,3237.25,3235.06,3235.59,418,20,0
1744608300,2025.04.14 05:25:00,3235.58,3235.58,3233.24,3234.60,446,20,0
1744608600,2025.04.14 05:30:00,3234.59,3236.65,3231.41,3232.51,485,20,0
1744608900,2025.04.14 05:35:00,3232.47,3236.00,3229.56,3235.63,502,20,0
1744609200,2025.04.14 05:40:00,3235.56,3237.32,3233.48,3234.30,449,20,0
1744609500,2025.04.14 05:45:00,3234.31,3237.51,3232.45,3235.98,407,20,0
1744609800,2025.04.14 05:50:00,3235.97,3236.20,3232.71,3233.65,304,20,0
1744610100,2025.04.14 05:55:00,3233.66,3233.92,3230.35,3231.95,387,20,0
1744610400,2025.04.14 06:00:00,3231.95,3231.95,3227.04,3229.33,466,20,0
1744610700,2025.04.14 06:05:00,3229.33,3232.71,3229.33,3232.45,444,20,0
1744611000,2025.04.14 06:10:00,3232.46,3233.92,3230.79,3231.53,361,20,0
1744611300,2025.04.14 06:15:00,3231.28,3232.66,3229.11,3231.42,359,20,0
1744611600,2025.04.14 06:20:00,3231.42,3232.91,3231.33,3231.61,340,20,0
1744611900,2025.04.14 06:25:00,3231.69,3233.77,3231.69,3232.91,308,20,0
1744612200,2025.04.14 06:30:00,3232.94,3234.63,3231.83,3232.55,251,20,0
1744612500,2025.04.14 06:35:00,3232.54,3234.37,3231.31,3233.34,224,20,0
1744612800,2025.04.14 06:40:00,3233.34,3233.38,3231.15,3233.06,224,20,0
1744613100,2025.04.14 06:45:00,3232.89,3233.07,3231.48,3232.11,242,20,0
1744613400,2025.04.14 06:50:00,3232.15,3232.44,3231.49,3232.43,208,20,0
1744613700,2025.04.14 06:55:00,3232.42,3233.17,3231.88,3232.38,176,20,0
1744614000,2025.04.14 07:00:00,3232.38,3233.93,3232.38,3233.28,229,20,0
1744614300,2025.04.14 07:05:00,3233.26,3233.98,3232.12,3232.93,214,20,0
1744614600,2025.04.14 07:10:00,3232.45,3235.67,3232.40,3234.47,323,20,0
1744614900,2025.04.14 07:15:00,3234.45,3235.05,3232.32,3232.75,312,20,0
1744615200,2025.04.14 07:20:00,3232.76,3233.08,3231.27,3231.45,238,20,0
1744615500,2025.04.14 07:25:00,3231.33,3232.60,3229.17,3232.50,281,20,0
1744615800,2025.04.14 07:30:00,3232.50,3232.60,3230.22,3231.06,245,20,0
1744616100,2025.04.14 07:35:00,3231.06,3231.40,3229.99,3230.19,188,20,0
1744616400,2025.04.14 07:40:00,3230.19,3230.54,3229.16,3229.94,220,20,0
1744616700,2025.04.14 07:45:00,3230.01,3230.01,3227.17,3227.31,281,20,0
1744617000,2025.04.14 07:50:00,3227.27,3228.90,3226.86,3227.11,264,20,0
1744617300,2025.04.14 07:55:00,3227.11,3227.46,3226.15,3227.34,213,20,0
1744617600,2025.04.14 08:00:00,3227.34,3227.65,3223.97,3224.94,324,20,0
1744617900,2025.04.14 08:05:00,3224.98,3227.08,3224.25,3227.00,331,20,0
1744618200,2025.04.14 08:10:00,3227.00,3227.52,3224.71,3226.69,242,20,0
1744618500,2025.04.14 08:15:00,3226.67,3227.17,3223.07,3224.16,313,20,0
1744618800,2025.04.14 08:20:00,3224.16,3224.73,3221.63,3222.32,336,20,0
1744619100,2025.04.14 08:25:00,3222.31,3224.94,3221.33,3224.79,371,20,0
1744619400,2025.04.14 08:30:00,3224.97,3226.78,3223.18,3225.75,479,20,0
1744619700,2025.04.14 08:35:00,3225.75,3231.49,3225.64,3229.26,453,20,0
1744620000,2025.04.14 08:40:00,3229.26,3231.60,3227.54,3227.99,404,20,0
1744620300,2025.04.14 08:45:00,3227.98,3230.24,3227.89,3230.24,376,20,0
1744620600,2025.04.14 08:50:00,3230.24,3233.28,3229.69,3233.09,329,20,0
1744620900,2025.04.14 08:55:00,3233.16,3236.05,3232.17,3234.42,452,20,0
1744621200,2025.04.14 09:00:00,3234.49,3235.55,3229.86,3230.92,482,20,0
1744621500,2025.04.14 09:05:00,3230.92,3233.53,3230.38,3232.19,392,20,0
1744621800,2025.04.14 09:10:00,3232.09,3233.39,3229.86,3230.55,375,20,0
1744622100,2025.04.14 09:15:00,3230.62,3232.40,3229.19,3231.88,397,20,0
1744622400,2025.04.14 09:20:00,3231.88,3234.89,3231.45,3234.74,386,20,0
1744622700,2025.04.14 09:25:00,3234.76,3237.96,3232.81,3235.66,419,20,0
1744623000,2025.04.14 09:30:00,3235.75,3236.02,3233.27,3233.44,408,20,0
1744623300,2025.04.14 09:35:00,3233.45,3233.57,3231.08,3232.32,380,20,0
1744623600,2025.04.14 09:40:00,3232.32,3232.57,3230.12,3231.25,396,20,0
1744623900,2025.04.14 09:45:00,3231.26,3231.86,3229.10,3229.13,384,20,0
1744624200,2025.04.14 09:50:00,3228.96,3231.65,3228.86,3231.04,395,20,0
1744624500,2025.04.14 09:55:00,3230.99,3231.39,3229.01,3230.72,423,20,0
1744624800,2025.04.14 10:00:00,3230.92,3233.43,3229.99,3230.87,435,20,0
1744625100,2025.04.14 10:05:00,3231.02,3231.09,3228.78,3229.89,363,20,0
1744625400,2025.04.14 10:10:00,3229.89,3230.51,3229.16,3229.49,342,20,0
1744625700,2025.04.14 10:15:00,3229.49,3230.10,3228.65,3229.78,325,20,0
1744626000,2025.04.14 10:20:00,3229.76,3232.36,3229.76,3232.18,340,20,0
1744626300,2025.04.14 10:25:00,3232.18,3232.24,3230.47,3231.21,302,20,0
1744626600,2025.04.14 10:30:00,3231.20,3233.64,3231.03,3232.50,367,20,0
1744626900,2025.04.14 10:35:00,3232.50,3233.60,3228.91,3230.55,401,20,0
1744627200,2025.04.14 10:40:00,3230.42,3230.77,3228.24,3228.25,381,20,0
1744627500,2025.04.14 10:45:00,3228.26,3229.33,3225.94,3229.00,413,20,0
1744627800,2025.04.14 10:50:00,3229.00,3230.36,3226.09,3226.26,341,20,0
1744628100,2025.04.14 10:55:00,3226.37,3228.88,3224.74,3227.77,399,20,0
1744628400,2025.04.14 11:00:00,3227.90,3229.04,3222.01,3222.47,484,20,0
1744628700,2025.04.14 11:05:00,3222.45,3223.28,3218.86,3220.26,489,20,0
1744629000,2025.04.14 11:10:00,3220.27,3221.81,3217.47,3219.23,496,20,0
1744629300,2025.04.14 11:15:00,3219.22,3221.62,3216.46,3218.04,404,20,0
1744629600,2025.04.14 11:20:00,3218.04,3222.39,3217.39,3220.36,364,20,0
1744629900,2025.04.14 11:25:00,3220.34,3224.57,3219.28,3224.47,406,20,0
1744630200,2025.04.14 11:30:00,3224.59,3225.23,3223.52,3224.53,372,20,0
1744630500,2025.04.14 11:35:00,3224.52,3226.31,3222.83,3225.80,409,20,0
1744630800,2025.04.14 11:40:00,3225.21,3225.74,3221.60,3222.14,364,20,0
1744631100,2025.04.14 11:45:00,3222.09,3225.19,3221.49,3221.83,366,20,0
1744631400,2025.04.14 11:50:00,3221.83,3224.24,3221.36,3224.17,337,20,0
1744631700,2025.04.14 11:55:00,3224.19,3229.87,3223.76,3226.89,390,20,0
1744632000,2025.04.14 12:00:00,3226.89,3230.02,3225.30,3228.90,421,20,0
1744632300,2025.04.14 12:05:00,3228.85,3230.39,3226.93,3229.59,353,20,0
1744632600,2025.04.14 12:10:00,3229.65,3230.74,3228.19,3230.12,314,20,0
1744632900,2025.04.14 12:15:00,3230.12,3231.67,3226.94,3227.75,394,20,0
1744633200,2025.04.14 12:20:00,3227.76,3227.92,3225.34,3225.36,304,20,0
1744633500,2025.04.14 12:25:00,3225.36,3225.47,3223.59,3224.35,367,20,0
1744633800,2025.04.14 12:30:00,3224.37,3224.37,3220.82,3223.65,433,20,0
1744634100,2025.04.14 12:35:00,3223.65,3223.87,3221.43,3222.69,364,20,0
1744634400,2025.04.14 12:40:00,3222.71,3224.04,3222.28,3222.98,317,20,0
1744634700,2025.04.14 12:45:00,3222.98,3225.38,3222.61,3225.12,311,20,0
1744635000,2025.04.14 12:50:00,3225.35,3226.29,3222.59,3224.00,337,20,0
1744635300,2025.04.14 12:55:00,3223.92,3224.13,3221.78,3223.90,356,20,0
1744635600,2025.04.14 13:00:00,3223.89,3224.62,3222.03,3224.20,419,20,0
1744635900,2025.04.14 13:05:00,3224.20,3224.21,3220.72,3221.92,335,20,0
1744636200,2025.04.14 13:10:00,3221.92,3222.14,3220.05,3220.46,321,20,0
1744636500,2025.04.14 13:15:00,3220.44,3220.66,3218.08,3218.88,358,20,0
1744636800,2025.04.14 13:20:00,3218.86,3218.87,3206.52,3207.50,496,20,0
1744637100,2025.04.14 13:25:00,3207.43,3211.77,3206.92,3209.45,443,20,0
1744637400,2025.04.14 13:30:00,3209.41,3211.08,3206.36,3206.36,459,20,0
1744637700,2025.04.14 13:35:00,3206.41,3209.71,3206.39,3207.36,485,20,0
1744638000,2025.04.14 13:40:00,3207.44,3213.62,3207.44,3208.36,487,20,0
1744638300,2025.04.14 13:45:00,3208.15,3213.80,3207.58,3212.93,413,20,0
1744638600,2025.04.14 13:50:00,3213.32,3215.81,3213.07,3213.87,426,20,0
1744638900,2025.04.14 13:55:00,3213.87,3215.91,3213.87,3215.39,375,20,0
1744639200,2025.04.14 14:00:00,3215.32,3217.83,3213.98,3217.83,423,20,0
1744639500,2025.04.14 14:05:00,3217.78,3221.33,3215.97,3221.33,452,20,0
1744639800,2025.04.14 14:10:00,3221.28,3223.00,3219.39,3222.88,412,20,0
1744640100,2025.04.14 14:15:00,3222.97,3225.17,3222.35,3223.98,442,20,0
1744640400,2025.04.14 14:20:00,3224.00,3224.93,3221.00,3221.43,472,20,0
1744640700,2025.04.14 14:25:00,3221.43,3224.68,3221.11,3223.09,390,20,0
1744641000,2025.04.14 14:30:00,3223.09,3224.59,3222.83,3223.95,353,20,0
1744641300,2025.04.14 14:35:00,3223.97,3224.13,3222.31,3223.00,349,20,0
1744641600,2025.04.14 14:40:00,3223.05,3225.67,3222.58,3224.82,361,20,0
1744641900,2025.04.14 14:45:00,3224.95,3225.74,3224.44,3224.88,340,20,0
1744642200,2025.04.14 14:50:00,3225.04,3225.70,3224.67,3225.04,315,20,0
1744642500,2025.04.14 14:55:00,3225.05,3225.05,3221.68,3223.28,381,20,0
1744642800,2025.04.14 15:00:00,3223.30,3226.74,3222.57,3226.68,414,20,0
1744643100,2025.04.14 15:05:00,3226.63,3227.58,3223.61,3225.05,426,20,0
1744643400,2025.04.14 15:10:00,3225.07,3227.46,3224.21,3226.25,414,20,0
1744643700,2025.04.14 15:15:00,3226.30,3226.41,3223.15,3223.15,427,20,0
1744644000,2025.04.14 15:20:00,3223.07,3225.55,3217.94,3219.22,539,20,0
1744644300,2025.04.14 15:25:00,3219.22,3219.22,3210.99,3211.94,489,20,0
1744644600,2025.04.14 15:30:00,3211.90,3214.11,3210.11,3211.26,544,20,0
1744644900,2025.04.14 15:35:00,3211.10,3211.39,3206.89,3208.94,525,20,0
1744645200,2025.04.14 15:40:00,3209.03,3209.44,3200.65,3206.81,543,20,0
1744645500,2025.04.14 15:45:00,3206.79,3211.92,3206.66,3211.35,523,20,0
1744645800,2025.04.14 15:50:00,3211.35,3211.41,3205.97,3206.55,477,20,0
1744646100,2025.04.14 15:55:00,3206.49,3207.55,3203.62,3206.54,477,20,0
1744646400,2025.04.14 16:00:00,3206.51,3210.72,3204.87,3208.63,559,20,0
1744646700,2025.04.14 16:05:00,3208.70,3210.51,3202.23,3202.34,531,20,0
1744647000,2025.04.14 16:10:00,3202.34,3202.75,3195.31,3196.40,568,20,0
1744647300,2025.04.14 16:15:00,3196.46,3202.17,3193.70,3199.29,552,20,0
1744647600,2025.04.14 16:20:00,3199.09,3200.72,3195.29,3200.47,554,20,0
1744647900,2025.04.14 16:25:00,3200.47,3205.37,3199.23,3204.89,543,20,0
1744648200,2025.04.14 16:30:00,3204.92,3205.05,3194.79,3198.46,577,20,0
1744648500,2025.04.14 16:35:00,3198.05,3201.97,3195.07,3200.05,560,20,0
1744648800,2025.04.14 16:40:00,3200.26,3207.79,3200.19,3207.78,569,20,0
1744649100,2025.04.14 16:45:00,3207.85,3209.64,3206.24,3207.93,547,20,0
1744649400,2025.04.14 16:50:00,3207.89,3207.89,3203.26,3204.82,542,20,0
1744649700,2025.04.14 16:55:00,3204.84,3205.90,3201.78,3204.67,543,20,0
1744650000,2025.04.14 17:00:00,3204.68,3205.45,3198.04,3199.26,551,20,0
1744650300,2025.04.14 17:05:00,3199.26,3200.95,3195.26,3199.69,528,20,0
1744650600,2025.04.14 17:10:00,3199.54,3204.00,3199.21,3202.51,488,20,0
1744650900,2025.04.14 17:15:00,3202.55,3203.29,3200.04,3200.49,471,20,0
1744651200,2025.04.14 17:20:00,3200.49,3204.08,3199.98,3203.07,507,20,0
1744651500,2025.04.14 17:25:00,3202.81,3205.40,3200.37,3204.47,478,20,0
1744651800,2025.04.14 17:30:00,3204.47,3208.47,3204.47,3208.23,449,20,0
1744652100,2025.04.14 17:35:00,3208.23,3209.68,3207.64,3208.85,452,20,0
1744652400,2025.04.14 17:40:00,3208.85,3209.36,3206.69,3208.43,478,20,0
1744652700,2025.04.14 17:45:00,3208.57,3215.07,3207.88,3214.02,461,20,0
1744653000,2025.04.14 17:50:00,3214.02,3215.51,3212.24,3212.60,522,20,0
1744653300,2025.04.14 17:55:00,3212.57,3213.61,3210.12,3211.10,477,20,0
1744653600,2025.04.14 18:00:00,3211.10,3211.12,3207.06,3209.37,519,20,0
1744653900,2025.04.14 18:05:00,3209.39,3209.59,3206.87,3209.35,489,20,0
1744654200,2025.04.14 18:10:00,3209.35,3210.20,3208.30,3209.40,440,20,0
1744654500,2025.04.14 18:15:00,3209.41,3209.87,3205.87,3209.05,480,20,0
1744654800,2025.04.14 18:20:00,3209.04,3209.90,3206.77,3207.73,416,20,0
1744655100,2025.04.14 18:25:00,3207.54,3207.79,3205.43,3205.83,491,20,0
1744655400,2025.04.14 18:30:00,3205.77,3207.11,3205.20,3206.36,441,20,0
1744655700,2025.04.14 18:35:00,3206.36,3207.43,3200.59,3200.77,486,20,0
1744656000,2025.04.14 18:40:00,3200.78,3202.51,3197.30,3198.11,512,20,0
1744656300,2025.04.14 18:45:00,3198.08,3201.35,3197.59,3199.26,529,20,0
1744656600,2025.04.14 18:50:00,3199.29,3199.69,3196.64,3196.64,512,20,0
1744656900,2025.04.14 18:55:00,3196.59,3199.20,3196.29,3198.04,446,20,0
1744657200,2025.04.14 19:00:00,3198.09,3201.39,3197.77,3201.14,482,20,0
1744657500,2025.04.14 19:05:00,3200.99,3203.18,3200.57,3201.48,464,20,0
1744657800,2025.04.14 19:10:00,3201.47,3203.09,3199.53,3202.58,497,20,0
1744658100,2025.04.14 19:15:00,3202.54,3204.54,3202.04,3203.91,442,20,0
1744658400,2025.04.14 19:20:00,3203.90,3205.79,3203.71,3205.68,397,20,0
1744658700,2025.04.14 19:25:00,3205.68,3206.27,3204.30,3204.86,420,20,0
1744659000,2025.04.14 19:30:00,3204.96,3206.34,3204.51,3205.90,381,20,0
1744659300,2025.04.14 19:35:00,3205.97,3207.42,3205.51,3206.43,356,20,0
1744659600,2025.04.14 19:40:00,3206.39,3207.09,3205.51,3206.40,388,20,0
1744659900,2025.04.14 19:45:00,3206.33,3206.67,3204.85,3206.65,395,20,0
1744660200,2025.04.14 19:50:00,3206.86,3207.89,3205.89,3207.30,418,20,0
1744660500,2025.04.14 19:55:00,3207.30,3208.26,3206.88,3207.53,382,20,0
1744660800,2025.04.14 20:00:00,3207.56,3210.01,3207.16,3208.44,501,20,0
1744661100,2025.04.14 20:05:00,3208.43,3210.53,3207.65,3209.34,411,20,0
1744661400,2025.04.14 20:10:00,3209.27,3211.40,3208.29,3210.40,427,20,0
1744661700,2025.04.14 20:15:00,3210.40,3210.75,3209.05,3209.89,382,20,0
1744662000,2025.04.14 20:20:00,3209.89,3211.03,3209.17,3209.50,397,20,0
1744662300,2025.04.14 20:25:00,3209.47,3210.62,3208.28,3210.44,424,20,0
1744662600,2025.04.14 20:30:00,3210.38,3215.19,3210.08,3214.47,485,20,0
1744662900,2025.04.14 20:35:00,3214.50,3216.34,3214.50,3215.46,425,20,0
1744663200,2025.04.14 20:40:00,3215.46,3216.32,3214.64,3216.08,384,20,0
1744663500,2025.04.14 20:45:00,3215.97,3215.97,3213.44,3213.53,361,20,0
1744663800,2025.04.14 20:50:00,3213.55,3214.53,3212.20,3212.82,326,20,0
1744664100,2025.04.14 20:55:00,3212.83,3214.01,3212.44,3214.01,317,20,0
1744664400,2025.04.14 21:00:00,3214.01,3214.67,3213.37,3214.67,278,20,0
1744664700,2025.04.14 21:05:00,3214.68,3214.79,3212.53,3212.60,267,20,0
1744665000,2025.04.14 21:10:00,3212.66,3213.35,3212.37,3213.25,269,20,0
1744665300,2025.04.14 21:15:00,3213.25,3214.41,3212.41,3212.87,299,20,0
1744665600,2025.04.14 21:20:00,3212.86,3213.34,3210.70,3210.79,358,20,0
1744665900,2025.04.14 21:25:00,3210.80,3210.90,3209.26,3210.17,456,20,0
1744666200,2025.04.14 21:30:00,3210.17,3211.18,3205.80,3205.88,450,20,0
1744666500,2025.04.14 21:35:00,3205.87,3206.41,3201.33,3201.38,418,20,0
1744666800,2025.04.14 21:40:00,3201.40,3204.71,3201.39,3204.34,323,20,0
1744667100,2025.04.14 21:45:00,3204.39,3205.35,3202.74,3204.50,274,20,0
1744667400,2025.04.14 21:50:00,3204.49,3204.49,3202.24,3204.21,280,20,0
1744667700,2025.04.14 21:55:00,3204.22,3208.99,3204.00,3208.14,366,20,0
1744668000,2025.04.14 22:00:00,3208.13,3209.77,3207.78,3208.32,330,20,0
1744668300,2025.04.14 22:05:00,3208.31,3209.45,3207.97,3208.53,291,20,0
1744668600,2025.04.14 22:10:00,3208.52,3210.13,3208.31,3209.83,252,20,0
1744668900,2025.04.14 22:15:00,3209.85,3211.50,3209.49,3211.32,281,20,0
1744669200,2025.04.14 22:20:00,3211.39,3212.35,3210.21,3210.99,251,20,0
1744669500,2025.04.14 22:25:00,3210.82,3211.97,3210.10,3211.29,264,20,0
1744669800,2025.04.14 22:30:00,3211.26,3211.86,3208.67,3209.26,322,20,0
1744670100,2025.04.14 22:35:00,3209.26,3211.33,3209.26,3210.10,231,20,0
1744670400,2025.04.14 22:40:00,3210.13,3211.17,3209.31,3209.64,291,20,0
1744670700,2025.04.14 22:45:00,3209.82,3212.85,3209.79,3211.87,304,20,0
1744671000,2025.04.14 22:50:00,3211.87,3212.99,3211.75,3212.85,333,20,0
1744671300,2025.04.14 22:55:00,3212.85,3212.89,3211.81,3212.73,327,20,0
1744671600,2025.04.14 23:00:00,3212.69,3212.93,3210.26,3212.93,242,20,0
1744671900,2025.04.14 23:05:00,3212.91,3213.70,3211.92,3212.81,155,20,0
1744672200,2025.04.14 23:10:00,3212.81,3212.85,3211.70,3212.08,191,20,0
1744672500,2025.04.14 23:15:00,3212.08,3212.08,3209.61,3210.87,143,20,0
1744672800,2025.04.14 23:20:00,3210.90,3211.10,3209.35,3210.82,157,20,0
1744673100,2025.04.14 23:25:00,3210.90,3212.06,3210.65,3211.77,208,20,0
1744673400,2025.04.14 23:30:00,3211.82,3211.97,3208.50,3208.69,149,20,0
1744673700,2025.04.14 23:35:00,3208.75,3210.35,3207.37,3210.35,160,20,0
1744674000,2025.04.14 23:40:00,3210.35,3211.41,3210.03,3211.41,131,20,0
1744674300,2025.04.14 23:45:00,3211.41,3211.61,3210.30,3211.47,104,20,0
1744674600,2025.04.14 23:50:00,3211.40,3211.54,3210.77,3211.03,87,20,0
1744674900,2025.04.14 23:55:00,3211.03,3211.16,3210.29,3210.38,78,20,0
1744678800,2025.04.15 01:00:00,3211.92,3213.58,3211.44,3212.42,136,20,0
1744679100,2025.04.15 01:05:00,3212.42,3212.42,3210.73,3211.33,152,20,0
1744679400,2025.04.15 01:10:00,3211.32,3212.84,3211.28,3212.53,139,20,0
1744679700,2025.04.15 01:15:00,3212.52,3212.83,3212.23,3212.58,119,20,0
1744680000,2025.04.15 01:20:00,3212.58,3212.70,3212.06,3212.29,86,20,0
1744680300,2025.04.15 01:25:00,3212.29,3213.06,3212.27,3212.82,66,20,0
1744680600,2025.04.15 01:30:00,3212.69,3213.14,3212.36,3212.95,112,20,0
1744680900,2025.04.15 01:35:00,3212.95,3213.84,3212.81,3213.49,108,20,0
1744681200,2025.04.15 01:40:00,3213.48,3215.16,3213.47,3214.56,186,20,0
1744681500,2025.04.15 01:45:00,3214.55,3214.61,3212.42,3212.47,141,20,0
1744681800,2025.04.15 01:50:00,3212.48,3213.02,3212.14,3212.58,98,20,0
1744682100,2025.04.15 01:55:00,3212.57,3212.80,3212.09,3212.17,108,20,0
1744682400,2025.04.15 02:00:00,3212.18,3212.31,3211.08,3211.49,142,20,0
1744682700,2025.04.15 02:05:00,3211.47,3212.15,3210.38,3211.03,173,20,0
1744683000,2025.04.15 02:10:00,3210.96,3211.68,3210.91,3211.57,135,20,0
1744683300,2025.04.15 02:15:00,3211.41,3212.00,3211.33,3211.99,110,20,0
1744683600,2025.04.15 02:20:00,3211.99,3212.61,3211.42,3212.28,134,20,0
1744683900,2025.04.15 02:25:00,3212.41,3213.26,3212.39,3213.07,103,20,0
1744684200,2025.04.15 02:30:00,3213.07,3213.37,3212.45,3212.63,157,20,0
1744684500,2025.04.15 02:35:00,3212.63,3212.99,3212.20,3212.35,167,20,0
1744684800,2025.04.15 02:40:00,3212.35,3212.57,3210.97,3212.01,149,20,0
1744685100,2025.04.15 02:45:00,3212.00,3214.16,3211.57,3213.85,280,20,0
1744685400,2025.04.15 02:50:00,3213.85,3213.85,3211.86,3212.03,177,20,0
1744685700,2025.04.15 02:55:00,3212.00,3213.21,3211.78,3212.64,158,20,0
1744686000,2025.04.15 03:00:00,3212.62,3212.85,3211.14,3211.25,322,20,0
1744686300,2025.04.15 03:05:00,3211.26,3212.17,3210.84,3211.56,250,20,0
1744686600,2025.04.15 03:10:00,3211.46,3214.11,3211.42,3214.05,273,20,0
1744686900,2025.04.15 03:15:00,3214.06,3214.62,3212.50,3214.17,271,20,0
1744687200,2025.04.15 03:20:00,3214.25,3215.14,3213.01,3213.12,215,20,0
1744687500,2025.04.15 03:25:00,3213.18,3213.47,3211.26,3212.98,299,20,0
1744687800,2025.04.15 03:30:00,3212.98,3214.42,3211.82,3212.30,281,20,0
1744688100,2025.04.15 03:35:00,3212.28,3212.95,3211.24,3211.88,269,20,0
1744688400,2025.04.15 03:40:00,3211.87,3212.39,3211.17,3212.04,175,20,0
1744688700,2025.04.15 03:45:00,3212.04,3212.60,3211.55,3212.10,144,20,0
1744689000,2025.04.15 03:50:00,3212.01,3212.88,3211.34,3211.96,208,20,0
1744689300,2025.04.15 03:55:00,3211.96,3212.50,3211.39,3211.93,231,20,0
1744689600,2025.04.15 04:00:00,3211.93,3213.97,3210.11,3212.77,472,20,0
1744689900,2025.04.15 04:05:00,3212.83,3215.54,3211.84,3214.20,470,20,0
1744690200,2025.04.15 04:10:00,3214.21,3217.49,3214.09,3217.49,446,20,0
1744690500,2025.04.15 04:15:00,3217.63,3221.34,3216.98,3220.01,438,20,0
1744690800,2025.04.15 04:20:00,3220.08,3225.16,3220.08,3224.36,460,20,0
1744691100,2025.04.15 04:25:00,3224.44,3224.44,3221.95,3223.13,422,20,0
1744691400,2025.04.15 04:30:00,3223.16,3225.49,3222.36,3224.25,430,20,0
1744691700,2025.04.15 04:35:00,3224.26,3225.92,3221.98,3222.84,440,20,0
1744692000,2025.04.15 04:40:00,3222.83,3222.83,3217.15,3221.53,474,20,0
1744692300,2025.04.15 04:45:00,3221.54,3222.35,3219.85,3221.30,396,20,0
1744692600,2025.04.15 04:50:00,3221.26,3223.16,3220.56,3222.48,305,20,0
1744692900,2025.04.15 04:55:00,3222.48,3223.92,3222.23,3223.71,329,20,0
1744693200,2025.04.15 05:00:00,3223.68,3224.20,3221.76,3223.89,337,20,0
1744693500,2025.04.15 05:05:00,3223.90,3224.22,3220.85,3221.12,340,20,0
1744693800,2025.04.15 05:10:00,3221.07,3223.02,3218.75,3218.87,387,20,0
1744694100,2025.04.15 05:15:00,3219.19,3221.59,3219.11,3221.39,275,20,0
1744694400,2025.04.15 05:20:00,3221.39,3221.71,3219.77,3219.91,217,20,0
1744694700,2025.04.15 05:25:00,3219.91,3221.64,3219.52,3221.01,234,20,0
1744695000,2025.04.15 05:30:00,3221.01,3222.50,3220.46,3222.11,303,20,0
1744695300,2025.04.15 05:35:00,3222.18,3223.17,3221.54,3222.56,331,20,0
1744695600,2025.04.15 05:40:00,3222.56,3224.15,3221.57,3222.33,361,20,0
1744695900,2025.04.15 05:45:00,3222.45,3223.20,3221.85,3222.19,226,20,0
1744696200,2025.04.15 05:50:00,3222.19,3223.56,3221.95,3222.17,286,20,0
1744696500,2025.04.15 05:55:00,3222.17,3224.96,3222.09,3224.37,329,20,0
1744696800,2025.04.15 06:00:00,3224.43,3228.05,3223.95,3225.84,424,20,0
1744697100,2025.04.15 06:05:00,3225.98,3227.06,3224.67,3225.74,350,20,0
1744697400,2025.04.15 06:10:00,3225.63,3226.23,3224.44,3225.11,298,20,0
1744697700,2025.04.15 06:15:00,3225.11,3225.64,3223.72,3223.84,274,20,0
1744698000,2025.04.15 06:20:00,3223.82,3224.78,3223.72,3224.58,244,20,0
1744698300,2025.04.15 06:25:00,3224.57,3225.53,3223.95,3223.96,308,20,0
1744698600,2025.04.15 06:30:00,3223.97,3225.46,3223.51,3225.18,249,20,0
1744698900,2025.04.15 06:35:00,3225.13,3226.01,3224.71,3225.00,253,20,0
1744699200,2025.04.15 06:40:00,3225.00,3225.76,3224.33,3225.73,236,20,0
1744699500,2025.04.15 06:45:00,3225.73,3226.35,3223.18,3225.85,316,20,0
1744699800,2025.04.15 06:50:00,3225.81,3226.78,3223.98,3225.73,314,20,0
1744700100,2025.04.15 06:55:00,3225.72,3228.98,3225.66,3228.33,300,20,0
1744700400,2025.04.15 07:00:00,3228.33,3230.12,3228.31,3228.54,298,20,0
1744700700,2025.04.15 07:05:00,3228.47,3229.11,3227.43,3227.72,232,20,0
1744701000,2025.04.15 07:10:00,3227.68,3228.55,3227.33,3228.00,189,20,0
1744701300,2025.04.15 07:15:00,3227.89,3228.66,3227.50,3227.96,168,20,0
1744701600,2025.04.15 07:20:00,3227.95,3228.40,3226.81,3227.95,213,20,0
1744701900,2025.04.15 07:25:00,3228.02,3229.02,3228.01,3228.86,219,20,0
1744702200,2025.04.15 07:30:00,3228.85,3230.45,3227.61,3227.64,284,20,0
1744702500,2025.04.15 07:35:00,3227.62,3228.25,3227.33,3227.42,243,20,0
1744702800,2025.04.15 07:40:00,3227.42,3229.76,3227.14,3229.51,215,20,0
1744703100,2025.04.15 07:45:00,3229.46,3230.93,3229.39,3230.61,285,20,0
1744703400,2025.04.15 07:50:00,3230.59,3231.93,3230.10,3231.33,287,20,0
1744703700,2025.04.15 07:55:00,3231.31,3232.59,3230.39,3231.95,270,20,0
1744704000,2025.04.15 08:00:00,3231.86,3232.12,3229.56,3230.74,353,20,0
1744704300,2025.04.15 08:05:00,3230.72,3231.25,3230.20,3230.21,202,20,0
1744704600,2025.04.15 08:10:00,3230.21,3230.21,3227.48,3227.74,282,20,0
1744704900,2025.04.15 08:15:00,3227.75,3228.68,3225.92,3226.29,298,20,0
1744705200,2025.04.15 08:20:00,3226.27,3227.12,3225.07,3225.68,295,20,0
1744705500,2025.04.15 08:25:00,3225.96,3226.17,3223.76,3223.84,328,20,0
1744705800,2025.04.15 08:30:00,3223.84,3226.03,3223.82,3224.78,454,20,0
1744706100,2025.04.15 08:35:00,3224.78,3227.37,3224.25,3225.05,360,20,0
1744706400,2025.04.15 08:40:00,3225.05,3225.31,3221.69,3222.31,322,20,0
1744706700,2025.04.15 08:45:00,3222.31,3223.78,3220.97,3223.35,422,20,0
1744707000,2025.04.15 08:50:00,3223.34,3225.87,3222.99,3225.87,333,20,0
1744707300,2025.04.15 08:55:00,3225.85,3226.30,3224.21,3224.56,288,20,0
1744707600,2025.04.15 09:00:00,3224.59,3224.69,3223.17,3223.51,382,20,0
1744707900,2025.04.15 09:05:00,3223.51,3227.45,3223.41,3226.25,393,20,0
1744708200,2025.04.15 09:10:00,3226.16,3227.80,3225.69,3226.05,325,20,0
1744708500,2025.04.15 09:15:00,3226.07,3227.46,3224.06,3226.93,366,20,0
1744708800,2025.04.15 09:20:00,3226.91,3227.02,3225.32,3226.57,304,20,0
1744709100,2025.04.15 09:25:00,3226.49,3227.58,3225.75,3226.93,278,20,0
1744709400,2025.04.15 09:30:00,3226.89,3228.68,3225.44,3227.68,319,20,0
1744709700,2025.04.15 09:35:00,3227.68,3228.62,3226.54,3228.42,286,20,0
1744710000,2025.04.15 09:40:00,3228.43,3228.66,3226.93,3227.94,333,20,0
1744710300,2025.04.15 09:45:00,3227.94,3228.37,3224.52,3225.73,379,20,0
1744710600,2025.04.15 09:50:00,3225.79,3226.84,3224.87,3225.37,302,20,0
1744710900,2025.04.15 09:55:00,3225.66,3225.97,3224.42,3225.08,324,20,0
1744711200,2025.04.15 10:00:00,3225.16,3226.42,3225.10,3225.93,325,20,0
1744711500,2025.04.15 10:05:00,3225.87,3226.52,3224.20,3224.37,359,20,0
1744711800,2025.04.15 10:10:00,3224.37,3224.39,3222.02,3222.15,348,20,0
1744712100,2025.04.15 10:15:00,3222.15,3223.81,3221.08,3222.72,331,20,0
1744712400,2025.04.15 10:20:00,3222.47,3222.76,3220.43,3222.11,348,20,0
1744712700,2025.04.15 10:25:00,3222.10,3222.20,3219.85,3220.51,347,20,0
1744713000,2025.04.15 10:30:00,3220.57,3220.57,3217.87,3218.69,389,20,0
1744713300,2025.04.15 10:35:00,3218.70,3220.12,3217.58,3219.79,354,20,0
1744713600,2025.04.15 10:40:00,3219.78,3220.95,3218.73,3220.33,310,20,0
1744713900,2025.04.15 10:45:00,3220.33,3220.56,3217.47,3219.56,435,20,0
1744714200,2025.04.15 10:50:00,3219.57,3221.91,3218.72,3221.52,350,20,0
1744714500,2025.04.15 10:55:00,3221.53,3225.53,3221.47,3225.52,348,20,0
1744714800,2025.04.15 11:00:00,3225.57,3228.03,3224.58,3225.99,475,20,0
1744715100,2025.04.15 11:05:00,3226.02,3227.71,3224.36,3227.62,473,20,0
1744715400,2025.04.15 11:10:00,3227.65,3231.33,3227.50,3231.10,485,20,0
1744715700,2025.04.15 11:15:00,3231.09,3231.40,3228.62,3229.75,398,20,0
1744716000,2025.04.15 11:20:00,3229.73,3230.66,3228.79,3229.48,341,20,0
1744716300,2025.04.15 11:25:00,3229.47,3232.12,3228.58,3229.35,390,20,0
1744716600,2025.04.15 11:30:00,3229.35,3230.06,3227.71,3229.79,360,20,0
1744716900,2025.04.15 11:35:00,3229.79,3230.33,3227.44,3227.56,327,20,0
1744717200,2025.04.15 11:40:00,3227.47,3229.05,3225.93,3227.87,406,20,0
1744717500,2025.04.15 11:45:00,3227.74,3229.30,3225.50,3228.51,394,20,0
1744717800,2025.04.15 11:50:00,3228.51,3229.32,3227.45,3227.91,291,20,0
1744718100,2025.04.15 11:55:00,3227.91,3228.55,3227.05,3227.65,308,20,0
1744718400,2025.04.15 12:00:00,3227.60,3230.04,3227.47,3229.31,327,20,0
1744718700,2025.04.15 12:05:00,3229.25,3229.78,3228.03,3228.11,296,20,0
1744719000,2025.04.15 12:10:00,3228.11,3228.88,3226.54,3228.61,318,20,0
1744719300,2025.04.15 12:15:00,3228.63,3229.17,3227.91,3228.99,238,20,0
1744719600,2025.04.15 12:20:00,3228.99,3229.61,3226.98,3227.21,309,20,0
1744719900,2025.04.15 12:25:00,3227.19,3229.14,3227.01,3228.53,283,20,0
1744720200,2025.04.15 12:30:00,3228.52,3228.71,3226.41,3226.48,265,20,0
1744720500,2025.04.15 12:35:00,3226.39,3226.77,3224.80,3225.27,334,20,0
1744720800,2025.04.15 12:40:00,3225.23,3225.24,3223.36,3223.70,305,20,0
1744721100,2025.04.15 12:45:00,3223.70,3224.26,3222.53,3222.83,292,20,0
1744721400,2025.04.15 12:50:00,3222.85,3223.72,3221.85,3222.58,338,20,0
1744721700,2025.04.15 12:55:00,3222.62,3223.32,3221.14,3222.50,339,20,0
1744722000,2025.04.15 13:00:00,3222.53,3224.55,3221.73,3224.35,299,20,0
1744722300,2025.04.15 13:05:00,3224.34,3226.36,3224.11,3225.88,298,20,0
1744722600,2025.04.15 13:10:00,3225.74,3226.93,3224.67,3226.27,242,20,0
1744722900,2025.04.15 13:15:00,3226.30,3226.32,3224.92,3225.34,221,20,0
1744723200,2025.04.15 13:20:00,3225.34,3225.91,3224.40,3224.47,261,20,0
1744723500,2025.04.15 13:25:00,3224.47,3224.50,3223.45,3224.33,261,20,0
1744723800,2025.04.15 13:30:00,3224.33,3224.79,3222.51,3222.86,237,20,0
1744724100,2025.04.15 13:35:00,3222.91,3225.32,3222.38,3224.98,274,20,0
1744724400,2025.04.15 13:40:00,3224.97,3225.30,3223.02,3223.67,326,20,0
1744724700,2025.04.15 13:45:00,3223.55,3224.15,3221.77,3223.39,285,20,0
1744725000,2025.04.15 13:50:00,3223.39,3223.63,3219.85,3221.77,336,20,0
1744725300,2025.04.15 13:55:00,3221.74,3222.83,3219.66,3220.23,327,20,0
1744725600,2025.04.15 14:00:00,3220.16,3223.91,3220.13,3223.91,345,20,0
1744725900,2025.04.15 14:05:00,3223.91,3224.10,3222.25,3222.37,290,20,0
1744726200,2025.04.15 14:10:00,3222.37,3223.34,3221.51,3221.84,271,20,0
1744726500,2025.04.15 14:15:00,3221.83,3222.82,3220.45,3221.44,321,20,0
1744726800,2025.04.15 14:20:00,3221.41,3221.57,3219.94,3221.39,338,20,0
1744727100,2025.04.15 14:25:00,3221.38,3221.84,3219.65,3220.30,307,20,0
1744727400,2025.04.15 14:30:00,3220.30,3220.94,3219.31,3220.46,303,20,0
1744727700,2025.04.15 14:35:00,3220.46,3220.54,3218.46,3219.25,322,20,0
1744728000,2025.04.15 14:40:00,3219.27,3219.39,3218.11,3218.85,341,20,0
1744728300,2025.04.15 14:45:00,3218.85,3219.51,3216.76,3217.27,327,20,0
1744728600,2025.04.15 14:50:00,3217.37,3218.92,3217.31,3218.12,356,20,0
1744728900,2025.04.15 14:55:00,3218.14,3220.90,3217.98,3219.92,398,20,0
1744729200,2025.04.15 15:00:00,3219.90,3222.28,3219.49,3221.20,427,20,0
1744729500,2025.04.15 15:05:00,3221.21,3222.35,3220.19,3221.25,319,20,0
1744729800,2025.04.15 15:10:00,3221.20,3224.30,3221.07,3223.60,391,20,0
1744730100,2025.04.15 15:15:00,3223.60,3226.11,3222.00,3222.51,422,20,0
1744730400,2025.04.15 15:20:00,3222.50,3222.71,3216.93,3218.11,496,20,0
1744730700,2025.04.15 15:25:00,3218.09,3219.84,3214.40,3219.72,449,20,0
1744731000,2025.04.15 15:30:00,3219.62,3221.90,3217.85,3219.18,449,20,0
1744731300,2025.04.15 15:35:00,3219.11,3219.12,3215.42,3216.92,425,20,0
1744731600,2025.04.15 15:40:00,3216.88,3222.34,3216.49,3220.48,400,20,0
1744731900,2025.04.15 15:45:00,3220.43,3223.40,3220.30,3221.95,367,20,0
1744732200,2025.04.15 15:50:00,3221.95,3223.06,3221.10,3221.69,382,20,0
1744732500,2025.04.15 15:55:00,3221.70,3221.82,3218.33,3221.50,454,20,0
1744732800,2025.04.15 16:00:00,3221.49,3224.34,3219.92,3223.84,488,20,0
1744733100,2025.04.15 16:05:00,3223.91,3226.29,3222.38,3224.06,479,20,0
1744733400,2025.04.15 16:10:00,3223.91,3224.44,3222.08,3222.57,438,20,0
1744733700,2025.04.15 16:15:00,3222.56,3223.53,3221.17,3222.93,408,20,0
1744734000,2025.04.15 16:20:00,3222.96,3223.92,3219.32,3220.34,423,20,0
1744734300,2025.04.15 16:25:00,3220.36,3221.70,3218.98,3220.81,431,20,0
1744734600,2025.04.15 16:30:00,3220.80,3224.26,3220.48,3220.51,497,20,0
1744734900,2025.04.15 16:35:00,3220.25,3221.79,3215.90,3216.37,519,20,0
1744735200,2025.04.15 16:40:00,3216.40,3217.84,3214.98,3215.00,518,20,0
1744735500,2025.04.15 16:45:00,3215.00,3218.08,3214.89,3217.08,496,20,0
1744735800,2025.04.15 16:50:00,3217.11,3218.50,3211.57,3211.94,546,20,0
1744736100,2025.04.15 16:55:00,3211.92,3214.60,3211.66,3212.98,495,20,0
1744736400,2025.04.15 17:00:00,3212.95,3219.95,3212.95,3219.95,513,20,0
1744736700,2025.04.15 17:05:00,3219.80,3221.11,3218.02,3220.98,532,20,0
1744737000,2025.04.15 17:10:00,3220.78,3221.82,3218.89,3220.25,487,20,0
1744737300,2025.04.15 17:15:00,3220.17,3222.94,3219.03,3222.38,502,20,0
1744737600,2025.04.15 17:20:00,3222.57,3225.25,3221.93,3225.17,494,20,0
1744737900,2025.04.15 17:25:00,3225.08,3226.83,3223.07,3224.65,521,20,0
1744738200,2025.04.15 17:30:00,3224.52,3225.41,3222.64,3224.46,501,20,0
1744738500,2025.04.15 17:35:00,3224.49,3225.73,3222.80,3223.27,437,20,0
1744738800,2025.04.15 17:40:00,3223.23,3223.57,3220.13,3222.26,428,20,0
1744739100,2025.04.15 17:45:00,3222.22,3222.72,3219.47,3221.90,459,20,0
1744739400,2025.04.15 17:50:00,3221.93,3222.78,3221.25,3222.45,410,20,0
1744739700,2025.04.15 17:55:00,3222.55,3224.30,3222.53,3222.64,431,20,0
1744740000,2025.04.15 18:00:00,3222.64,3222.84,3217.93,3218.78,443,20,0
1744740300,2025.04.15 18:05:00,3218.78,3219.54,3216.88,3219.17,453,20,0
1744740600,2025.04.15 18:10:00,3219.21,3219.74,3218.12,3219.19,435,20,0
1744740900,2025.04.15 18:15:00,3219.17,3219.84,3217.72,3218.36,446,20,0
1744741200,2025.04.15 18:20:00,3218.45,3221.84,3218.42,3221.63,411,20,0
1744741500,2025.04.15 18:25:00,3221.61,3222.02,3220.35,3221.77,398,20,0
1744741800,2025.04.15 18:30:00,3221.80,3223.39,3221.45,3222.91,402,20,0
1744742100,2025.04.15 18:35:00,3222.90,3224.06,3221.67,3222.00,365,20,0
1744742400,2025.04.15 18:40:00,3221.97,3222.21,3219.06,3219.18,393,20,0
1744742700,2025.04.15 18:45:00,3219.08,3220.64,3218.44,3220.55,398,20,0
1744743000,2025.04.15 18:50:00,3220.54,3221.81,3219.75,3221.77,398,20,0
1744743300,2025.04.15 18:55:00,3221.76,3221.91,3220.14,3221.29,294,20,0
1744743600,2025.04.15 19:00:00,3221.29,3222.48,3221.20,3222.24,312,20,0
1744743900,2025.04.15 19:05:00,3222.22,3222.99,3220.83,3221.85,310,20,0
1744744200,2025.04.15 19:10:00,3221.84,3223.38,3221.13,3222.92,309,20,0
1744744500,2025.04.15 19:15:00,3222.92,3223.31,3220.78,3221.19,346,20,0
1744744800,2025.04.15 19:20:00,3221.19,3221.54,3219.86,3221.07,296,20,0
1744745100,2025.04.15 19:25:00,3221.07,3222.44,3219.85,3221.49,314,20,0
1744745400,2025.04.15 19:30:00,3221.48,3221.66,3219.50,3219.59,344,20,0
1744745700,2025.04.15 19:35:00,3219.59,3221.21,3219.59,3220.84,302,20,0
1744746000,2025.04.15 19:40:00,3220.88,3222.44,3220.61,3221.72,275,20,0
1744746300,2025.04.15 19:45:00,3221.72,3222.21,3221.15,3222.16,271,20,0
1744746600,2025.04.15 19:50:00,3222.17,3222.26,3220.81,3220.83,325,20,0
1744746900,2025.04.15 19:55:00,3220.83,3221.60,3220.68,3221.42,246,20,0
1744747200,2025.04.15 20:00:00,3221.42,3222.39,3220.44,3222.38,250,20,0
1744747500,2025.04.15 20:05:00,3222.37,3223.20,3221.48,3222.20,268,20,0
1744747800,2025.04.15 20:10:00,3222.28,3222.33,3221.34,3221.41,270,20,0
1744748100,2025.04.15 20:15:00,3221.38,3221.55,3220.57,3220.62,301,20,0
1744748400,2025.04.15 20:20:00,3220.59,3221.82,3220.53,3221.47,308,20,0
1744748700,2025.04.15 20:25:00,3221.46,3224.06,3221.36,3223.77,348,20,0
1744749000,2025.04.15 20:30:00,3223.71,3225.56,3223.58,3225.17,375,20,0
1744749300,2025.04.15 20:35:00,3225.16,3227.35,3225.16,3226.60,357,20,0
1744749600,2025.04.15 20:40:00,3226.65,3229.55,3226.57,3228.75,363,20,0
1744749900,2025.04.15 20:45:00,3228.70,3230.66,3228.39,3228.53,373,20,0
1744750200,2025.04.15 20:50:00,3228.54,3229.48,3227.58,3229.27,396,20,0
1744750500,2025.04.15 20:55:00,3229.19,3229.40,3227.50,3227.91,321,20,0
1744750800,2025.04.15 21:00:00,3227.92,3228.78,3226.22,3226.27,370,20,0
1744751100,2025.04.15 21:05:00,3226.30,3227.06,3225.63,3226.13,297,20,0
1744751400,2025.04.15 21:10:00,3226.13,3227.80,3226.13,3226.74,283,20,0
1744751700,2025.04.15 21:15:00,3226.71,3227.57,3226.31,3227.04,258,20,0
1744752000,2025.04.15 21:20:00,3227.04,3227.72,3226.13,3226.27,237,20,0
1744752300,2025.04.15 21:25:00,3226.26,3228.62,3226.21,3228.48,400,20,0
1744752600,2025.04.15 21:30:00,3228.46,3229.49,3227.47,3227.47,391,20,0
1744752900,2025.04.15 21:35:00,3227.47,3228.29,3226.67,3227.03,306,20,0
1744753200,2025.04.15 21:40:00,3227.05,3228.49,3227.05,3227.96,255,20,0
1744753500,2025.04.15 21:45:00,3227.97,3228.07,3227.29,3227.94,237,20,0
1744753800,2025.04.15 21:50:00,3227.94,3229.66,3227.93,3229.34,272,20,0
1744754100,2025.04.15 21:55:00,3229.35,3229.47,3228.73,3229.11,297,20,0
1744754400,2025.04.15 22:00:00,3229.10,3229.79,3228.78,3229.71,304,20,0
1744754700,2025.04.15 22:05:00,3229.46,3231.07,3229.33,3231.06,230,20,0
1744755000,2025.04.15 22:10:00,3231.06,3231.69,3230.76,3231.69,244,20,0
1744755300,2025.04.15 22:15:00,3231.68,3231.79,3229.15,3229.17,306,20,0
1744755600,2025.04.15 22:20:00,3229.18,3229.40,3226.64,3226.86,349,20,0
1744755900,2025.04.15 22:25:00,3226.89,3229.13,3226.78,3226.80,272,20,0
1744756200,2025.04.15 22:30:00,3226.81,3227.38,3226.17,3226.30,255,20,0
1744756500,2025.04.15 22:35:00,3226.30,3227.93,3226.21,3227.36,289,20,0
1744756800,2025.04.15 22:40:00,3227.35,3227.98,3226.83,3227.93,247,20,0
1744757100,2025.04.15 22:45:00,3227.91,3228.46,3226.93,3227.11,278,20,0
1744757400,2025.04.15 22:50:00,3227.13,3228.69,3226.99,3228.69,298,20,0
1744757700,2025.04.15 22:55:00,3228.68,3229.77,3228.42,3229.76,336,20,0
1744758000,2025.04.15 23:00:00,3229.74,3233.28,3229.74,3232.54,300,20,0
1744758300,2025.04.15 23:05:00,3232.54,3233.51,3231.20,3231.40,197,20,0
1744758600,2025.04.15 23:10:00,3231.36,3231.64,3230.10,3231.11,250,20,0
1744758900,2025.04.15 23:15:00,3231.09,3231.09,3227.56,3227.65,186,20,0
1744759200,2025.04.15 23:20:00,3227.67,3228.40,3226.64,3228.12,167,20,0
1744759500,2025.04.15 23:25:00,3228.02,3228.85,3228.02,3228.58,128,20,0
1744759800,2025.04.15 23:30:00,3228.58,3230.35,3228.50,3230.34,130,20,0
1744760100,2025.04.15 23:35:00,3229.91,3230.05,3228.30,3228.31,148,20,0
1744760400,2025.04.15 23:40:00,3228.34,3229.35,3227.92,3228.25,155,20,0
1744760700,2025.04.15 23:45:00,3228.24,3229.03,3226.55,3228.81,186,20,0
1744761000,2025.04.15 23:50:00,3228.79,3231.44,3228.19,3230.27,183,20,0
1744761300,2025.04.15 23:55:00,3230.20,3230.46,3229.52,3229.54,100,20,0
1744765200,2025.04.16 01:00:00,3230.62,3231.17,3229.78,3230.79,142,20,0
1744765500,2025.04.16 01:05:00,3230.78,3233.38,3230.67,3231.37,144,20,0
1744765800,2025.04.16 01:10:00,3231.38,3232.57,3231.18,3232.16,117,20,0
1744766100,2025.04.16 01:15:00,3232.16,3232.70,3231.77,3231.78,94,20,0
1744766400,2025.04.16 01:20:00,3231.78,3232.59,3231.45,3232.46,102,20,0
1744766700,2025.04.16 01:25:00,3232.46,3234.85,3232.46,3234.81,150,20,0
1744767000,2025.04.16 01:30:00,3235.03,3235.93,3234.27,3235.83,293,20,0
1744767300,2025.04.16 01:35:00,3235.83,3238.88,3235.43,3238.76,214,20,0
1744767600,2025.04.16 01:40:00,3238.67,3238.87,3236.42,3238.86,277,20,0
1744767900,2025.04.16 01:45:00,3238.89,3239.28,3237.50,3238.73,233,20,0
1744768200,2025.04.16 01:50:00,3238.75,3242.07,3238.75,3240.62,268,20,0
1744768500,2025.04.16 01:55:00,3240.62,3242.15,3240.01,3241.33,251,20,0
1744768800,2025.04.16 02:00:00,3241.33,3241.66,3238.89,3240.05,280,20,0
1744769100,2025.04.16 02:05:00,3240.09,3240.13,3238.34,3238.74,252,20,0
1744769400,2025.04.16 02:10:00,3238.74,3241.71,3238.74,3241.68,221,20,0
1744769700,2025.04.16 02:15:00,3241.87,3242.27,3240.08,3241.91,260,20,0
1744770000,2025.04.16 02:20:00,3241.88,3243.47,3241.08,3242.34,305,20,0
1744770300,2025.04.16 02:25:00,3242.40,3243.02,3242.14,3242.71,205,20,0
1744770600,2025.04.16 02:30:00,3242.71,3243.46,3242.35,3243.10,262,20,0
1744770900,2025.04.16 02:35:00,3243.12,3248.32,3242.98,3244.64,379,20,0
1744771200,2025.04.16 02:40:00,3244.64,3245.72,3243.06,3243.90,316,20,0
1744771500,2025.04.16 02:45:00,3243.90,3244.51,3242.38,3243.95,292,20,0
1744771800,2025.04.16 02:50:00,3243.99,3244.09,3240.68,3241.34,302,20,0
1744772100,2025.04.16 02:55:00,3241.21,3251.83,3241.16,3251.83,467,20,0
1744772400,2025.04.16 03:00:00,3251.81,3261.83,3251.70,3258.94,550,20,0
1744772700,2025.04.16 03:05:00,3258.95,3259.25,3254.79,3255.76,444,20,0
1744773000,2025.04.16 03:10:00,3255.77,3258.58,3253.25,3255.91,425,20,0
1744773300,2025.04.16 03:15:00,3255.86,3259.60,3255.86,3259.09,382,20,0
1744773600,2025.04.16 03:20:00,3259.09,3260.27,3256.01,3258.21,420,20,0
1744773900,2025.04.16 03:25:00,3258.23,3262.30,3258.23,3261.53,447,20,0
1744774200,2025.04.16 03:30:00,3261.53,3266.64,3261.26,3264.36,451,20,0
1744774500,2025.04.16 03:35:00,3264.36,3266.62,3263.61,3264.64,394,20,0
1744774800,2025.04.16 03:40:00,3264.55,3266.21,3263.26,3263.77,395,20,0
1744775100,2025.04.16 03:45:00,3263.71,3268.08,3263.60,3267.37,385,20,0
1744775400,2025.04.16 03:50:00,3267.39,3267.57,3265.04,3266.41,346,20,0
1744775700,2025.04.16 03:55:00,3266.40,3266.92,3263.47,3264.61,427,20,0
1744776000,2025.04.16 04:00:00,3264.42,3273.46,3264.25,3273.07,569,20,0
1744776300,2025.04.16 04:05:00,3273.08,3274.97,3269.31,3269.86,542,20,0
1744776600,2025.04.16 04:10:00,3269.90,3270.99,3266.50,3269.65,519,20,0
1744776900,2025.04.16 04:15:00,3269.65,3273.42,3267.49,3268.34,533,20,0
1744777200,2025.04.16 04:20:00,3268.34,3271.54,3268.25,3270.86,440,20,0
1744777500,2025.04.16 04:25:00,3270.82,3271.21,3264.66,3264.95,460,20,0
1744777800,2025.04.16 04:30:00,3264.84,3265.02,3256.03,3259.55,548,20,0
1744778100,2025.04.16 04:35:00,3259.42,3263.59,3258.59,3261.92,503,20,0
1744778400,2025.04.16 04:40:00,3261.86,3266.84,3261.86,3265.79,489,20,0
1744778700,2025.04.16 04:45:00,3265.79,3267.85,3265.52,3267.17,410,20,0
1744779000,2025.04.16 04:50:00,3267.14,3268.49,3266.58,3268.49,387,20,0
1744779300,2025.04.16 04:55:00,3268.52,3271.38,3268.38,3270.11,412,20,0
1744779600,2025.04.16 05:00:00,3270.12,3273.68,3268.75,3272.86,463,20,0
1744779900,2025.04.16 05:05:00,3272.76,3275.25,3271.29,3273.17,475,20,0
1744780200,2025.04.16 05:10:00,3273.17,3274.30,3271.30,3271.38,450,20,0
1744780500,2025.04.16 05:15:00,3271.43,3272.78,3269.92,3272.01,384,20,0
1744780800,2025.04.16 05:20:00,3272.00,3272.00,3270.15,3271.16,277,20,0
1744781100,2025.04.16 05:25:00,3271.16,3273.12,3270.85,3271.79,298,20,0
1744781400,2025.04.16 05:30:00,3271.80,3273.64,3269.79,3272.24,404,20,0
1744781700,2025.04.16 05:35:00,3272.28,3274.08,3272.27,3273.06,364,20,0
1744782000,2025.04.16 05:40:00,3273.08,3273.10,3268.82,3269.47,322,20,0
1744782300,2025.04.16 05:45:00,3269.37,3270.44,3267.63,3269.76,409,20,0
1744782600,2025.04.16 05:50:00,3269.74,3269.88,3268.62,3269.32,278,20,0
1744782900,2025.04.16 05:55:00,3269.32,3270.12,3266.90,3267.72,381,20,0
1744783200,2025.04.16 06:00:00,3267.72,3270.91,3266.26,3268.87,406,20,0
1744783500,2025.04.16 06:05:00,3268.87,3273.44,3268.51,3272.31,375,20,0
1744783800,2025.04.16 06:10:00,3272.36,3272.95,3270.80,3271.63,303,20,0
1744784100,2025.04.16 06:15:00,3271.64,3271.94,3267.20,3268.78,314,20,0
1744784400,2025.04.16 06:20:00,3268.79,3272.25,3268.50,3272.19,329,20,0
1744784700,2025.04.16 06:25:00,3272.17,3276.32,3271.93,3275.57,424,20,0
1744785000,2025.04.16 06:30:00,3275.61,3277.09,3274.97,3276.25,370,20,0
1744785300,2025.04.16 06:35:00,3276.26,3276.83,3275.76,3275.97,252,20,0
1744785600,2025.04.16 06:40:00,3275.89,3276.98,3275.76,3276.22,253,20,0
1744785900,2025.04.16 06:45:00,3276.22,3277.86,3275.32,3276.74,378,20,0
1744786200,2025.04.16 06:50:00,3276.69,3281.36,3276.55,3279.95,428,20,0
1744786500,2025.04.16 06:55:00,3280.00,3281.68,3279.64,3281.44,307,20,0
1744786800,2025.04.16 07:00:00,3281.46,3283.64,3280.34,3280.87,341,20,0
1744787100,2025.04.16 07:05:00,3280.97,3281.54,3279.65,3280.43,275,20,0
1744787400,2025.04.16 07:10:00,3280.43,3280.52,3279.39,3279.50,237,20,0
1744787700,2025.04.16 07:15:00,3279.59,3279.60,3277.77,3278.36,299,20,0
1744788000,2025.04.16 07:20:00,3278.37,3278.58,3275.09,3275.51,268,20,0
1744788300,2025.04.16 07:25:00,3275.42,3275.78,3270.90,3271.51,439,20,0
1744788600,2025.04.16 07:30:00,3271.50,3273.73,3270.36,3271.05,419,20,0
1744788900,2025.04.16 07:35:00,3270.82,3273.09,3269.36,3273.05,428,20,0
1744789200,2025.04.16 07:40:00,3273.05,3280.16,3272.87,3279.13,501,20,0
1744789500,2025.04.16 07:45:00,3279.12,3281.28,3276.82,3280.06,400,20,0
1744789800,2025.04.16 07:50:00,3279.61,3282.92,3279.06,3282.48,309,20,0
1744790100,2025.04.16 07:55:00,3282.53,3287.61,3282.36,3283.73,479,20,0
1744790400,2025.04.16 08:00:00,3283.72,3287.00,3283.69,3286.60,336,20,0
1744790700,2025.04.16 08:05:00,3286.59,3288.95,3286.33,3287.42,374,20,0
1744791000,2025.04.16 08:10:00,3287.42,3288.50,3284.66,3287.37,363,20,0
1744791300,2025.04.16 08:15:00,3287.36,3290.46,3286.26,3289.33,315,20,0
1744791600,2025.04.16 08:20:00,3289.15,3290.01,3287.98,3289.40,330,20,0
1744791900,2025.04.16 08:25:00,3289.40,3289.87,3288.52,3289.20,320,20,0
1744792200,2025.04.16 08:30:00,3289.12,3291.74,3287.76,3291.66,500,20,0
1744792500,2025.04.16 08:35:00,3291.60,3291.60,3288.55,3289.31,445,20,0
1744792800,2025.04.16 08:40:00,3289.26,3289.86,3288.30,3288.96,397,20,0
1744793100,2025.04.16 08:45:00,3288.95,3288.95,3286.51,3288.02,454,20,0
1744793400,2025.04.16 08:50:00,3288.02,3291.13,3288.02,3290.03,390,20,0
1744793700,2025.04.16 08:55:00,3290.03,3290.65,3287.72,3289.72,442,20,0
1744794000,2025.04.16 09:00:00,3289.72,3289.78,3286.20,3286.99,460,20,0
1744794300,2025.04.16 09:05:00,3286.94,3288.94,3286.75,3287.79,405,20,0
1744794600,2025.04.16 09:10:00,3287.79,3290.06,3287.51,3289.66,377,20,0
1744794900,2025.04.16 09:15:00,3289.71,3290.76,3289.49,3290.73,319,20,0
1744795200,2025.04.16 09:20:00,3290.71,3292.65,3289.67,3290.45,389,20,0
1744795500,2025.04.16 09:25:00,3290.44,3291.17,3289.49,3290.28,354,20,0
1744795800,2025.04.16 09:30:00,3290.29,3293.67,3290.09,3293.04,424,20,0
1744796100,2025.04.16 09:35:00,3293.11,3295.11,3289.42,3289.66,492,20,0
1744796400,2025.04.16 09:40:00,3289.69,3291.58,3286.92,3288.83,467,20,0
1744796700,2025.04.16 09:45:00,3288.85,3290.05,3287.53,3289.44,458,20,0
1744797000,2025.04.16 09:50:00,3289.49,3291.17,3287.90,3290.38,405,20,0
1744797300,2025.04.16 09:55:00,3290.39,3291.89,3289.55,3291.72,365,20,0
1744797600,2025.04.16 10:00:00,3291.72,3297.19,3291.72,3295.05,514,20,0
1744797900,2025.04.16 10:05:00,3295.04,3297.60,3291.86,3292.02,488,20,0
1744798200,2025.04.16 10:10:00,3292.11,3298.03,3291.38,3297.19,489,20,0
1744798500,2025.04.16 10:15:00,3297.17,3297.93,3293.10,3294.33,436,20,0
1744798800,2025.04.16 10:20:00,3294.21,3294.58,3292.28,3294.42,388,20,0
1744799100,2025.04.16 10:25:00,3294.45,3297.47,3293.54,3296.91,409,20,0
1744799400,2025.04.16 10:30:00,3297.14,3297.18,3294.75,3295.19,444,20,0
1744799700,2025.04.16 10:35:00,3295.21,3297.62,3294.56,3295.41,400,20,0
1744800000,2025.04.16 10:40:00,3295.45,3296.27,3294.70,3294.92,310,20,0
1744800300,2025.04.16 10:45:00,3294.94,3299.83,3294.81,3299.45,396,20,0
1744800600,2025.04.16 10:50:00,3299.44,3300.50,3297.58,3297.99,409,20,0
1744800900,2025.04.16 10:55:00,3297.99,3300.23,3294.70,3300.23,420,20,0
1744801200,2025.04.16 11:00:00,3300.37,3307.22,3299.45,3306.86,500,20,0
1744801500,2025.04.16 11:05:00,3306.84,3307.33,3303.86,3305.18,472,20,0
1744801800,2025.04.16 11:10:00,3304.96,3309.78,3303.52,3309.78,488,20,0
1744802100,2025.04.16 11:15:00,3309.73,3317.70,3309.73,3312.29,549,20,0
1744802400,2025.04.16 11:20:00,3312.37,3313.80,3310.01,3313.59,497,20,0
1744802700,2025.04.16 11:25:00,3313.60,3315.51,3300.18,3300.53,520,20,0
1744803000,2025.04.16 11:30:00,3299.76,3301.22,3288.77,3295.38,576,20,0
1744803300,2025.04.16 11:35:00,3295.41,3297.65,3291.66,3293.37,544,20,0
1744803600,2025.04.16 11:40:00,3293.43,3296.07,3291.05,3292.25,546,20,0
1744803900,2025.04.16 11:45:00,3292.25,3303.72,3291.06,3302.38,544,20,0
1744804200,2025.04.16 11:50:00,3302.31,3309.37,3302.10,3307.11,509,20,0
1744804500,2025.04.16 11:55:00,3307.11,3309.92,3305.32,3306.95,484,20,0
1744804800,2025.04.16 12:00:00,3306.95,3307.39,3304.69,3306.27,471,20,0
1744805100,2025.04.16 12:05:00,3306.16,3307.84,3300.06,3303.88,493,20,0
1744805400,2025.04.16 12:10:00,3303.94,3307.21,3302.36,3307.06,429,20,0
1744805700,2025.04.16 12:15:00,3307.04,3310.83,3306.22,3309.73,446,20,0
1744806000,2025.04.16 12:20:00,3309.56,3309.87,3305.99,3307.42,421,20,0
1744806300,2025.04.16 12:25:00,3307.42,3308.47,3305.38,3305.42,369,20,0
1744806600,2025.04.16 12:30:00,3305.42,3306.09,3303.41,3305.36,396,20,0
1744806900,2025.04.16 12:35:00,3305.36,3306.85,3304.74,3306.61,351,20,0
1744807200,2025.04.16 12:40:00,3306.63,3307.35,3301.99,3301.99,387,20,0
1744807500,2025.04.16 12:45:00,3302.06,3304.78,3301.79,3304.46,373,20,0
1744807800,2025.04.16 12:50:00,3304.53,3305.24,3303.78,3303.87,304,20,0
1744808100,2025.04.16 12:55:00,3303.83,3305.13,3303.07,3303.50,345,20,0
1744808400,2025.04.16 13:00:00,3303.51,3306.01,3303.26,3303.33,353,20,0
1744808700,2025.04.16 13:05:00,3303.47,3303.84,3299.66,3301.57,349,20,0
1744809000,2025.04.16 13:10:00,3301.57,3302.14,3299.80,3299.88,367,20,0
1744809300,2025.04.16 13:15:00,3299.89,3302.78,3299.62,3302.27,385,20,0
1744809600,2025.04.16 13:20:00,3302.27,3304.53,3301.78,3303.83,374,20,0
1744809900,2025.04.16 13:25:00,3303.83,3304.16,3302.77,3303.99,322,20,0
1744810200,2025.04.16 13:30:00,3304.01,3304.47,3302.27,3302.88,341,20,0
1744810500,2025.04.16 13:35:00,3302.88,3305.15,3302.56,3304.66,331,20,0
1744810800,2025.04.16 13:40:00,3304.67,3305.25,3303.46,3304.83,307,20,0
1744811100,2025.04.16 13:45:00,3304.49,3306.33,3302.27,3305.34,381,20,0
1744811400,2025.04.16 13:50:00,3305.36,3306.82,3304.03,3304.43,338,20,0
1744811700,2025.04.16 13:55:00,3304.43,3304.94,3303.14,3304.21,286,20,0
1744812000,2025.04.16 14:00:00,3304.15,3305.31,3299.95,3302.49,410,20,0
1744812300,2025.04.16 14:05:00,3302.48,3303.30,3297.40,3297.92,414,20,0
1744812600,2025.04.16 14:10:00,3297.89,3298.73,3296.30,3298.17,388,20,0
1744812900,2025.04.16 14:15:00,3297.68,3300.44,3297.68,3300.18,379,20,0
1744813200,2025.04.16 14:20:00,3300.18,3300.18,3294.99,3295.05,367,20,0
1744813500,2025.04.16 14:25:00,3295.25,3297.45,3293.03,3294.86,439,20,0
1744813800,2025.04.16 14:30:00,3295.03,3300.17,3295.03,3299.27,389,20,0
1744814100,2025.04.16 14:35:00,3299.25,3299.57,3296.16,3298.72,345,20,0
1744814400,2025.04.16 14:40:00,3298.72,3303.66,3297.48,3302.97,403,20,0
1744814700,2025.04.16 14:45:00,3303.01,3311.14,3303.01,3310.72,541,20,0
1744815000,2025.04.16 14:50:00,3310.73,3311.11,3308.70,3310.63,479,20,0
1744815300,2025.04.16 14:55:00,3310.32,3313.56,3306.37,3306.83,488,20,0
1744815600,2025.04.16 15:00:00,3306.81,3308.30,3304.75,3306.02,481,20,0
1744815900,2025.04.16 15:05:00,3306.04,3309.12,3305.60,3307.71,402,20,0
1744816200,2025.04.16 15:10:00,3307.72,3309.62,3306.79,3307.13,420,20,0
1744816500,2025.04.16 15:15:00,3307.13,3307.91,3305.91,3306.09,375,20,0
1744816800,2025.04.16 15:20:00,3306.14,3309.04,3304.92,3305.27,482,20,0
1744817100,2025.04.16 15:25:00,3305.27,3307.82,3305.13,3307.15,347,20,0
1744817400,2025.04.16 15:30:00,3307.30,3308.17,3305.28,3306.33,476,20,0
1744817700,2025.04.16 15:35:00,3306.40,3307.91,3303.04,3303.33,475,20,0
1744818000,2025.04.16 15:40:00,3303.52,3312.62,3302.64,3312.56,518,20,0
1744818300,2025.04.16 15:45:00,3312.56,3313.38,3310.51,3312.10,448,20,0
1744818600,2025.04.16 15:50:00,3312.10,3312.93,3307.91,3308.79,483,20,0
1744818900,2025.04.16 15:55:00,3308.81,3310.80,3305.88,3307.21,480,20,0
1744819200,2025.04.16 16:00:00,3307.21,3309.11,3304.73,3307.23,530,20,0
1744819500,2025.04.16 16:05:00,3307.23,3310.11,3306.94,3310.11,455,20,0
1744819800,2025.04.16 16:10:00,3309.98,3311.20,3306.67,3306.76,388,20,0
1744820100,2025.04.16 16:15:00,3306.55,3306.55,3303.76,3304.55,474,20,0
1744820400,2025.04.16 16:20:00,3304.82,3308.92,3299.93,3300.43,534,20,0
1744820700,2025.04.16 16:25:00,3300.42,3306.07,3299.06,3304.91,515,20,0
1744821000,2025.04.16 16:30:00,3304.93,3306.46,3302.60,3303.30,543,20,0
1744821300,2025.04.16 16:35:00,3303.35,3304.76,3297.24,3298.34,543,20,0
1744821600,2025.04.16 16:40:00,3297.85,3299.83,3296.81,3298.98,471,20,0
1744821900,2025.04.16 16:45:00,3298.75,3305.41,3298.59,3304.83,532,20,0
1744822200,2025.04.16 16:50:00,3304.82,3310.38,3304.82,3309.83,547,20,0
1744822500,2025.04.16 16:55:00,3309.86,3316.49,3309.57,3311.55,538,20,0
1744822800,2025.04.16 17:00:00,3311.63,3319.33,3311.63,3315.58,568,20,0
1744823100,2025.04.16 17:05:00,3315.59,3317.88,3312.60,3313.37,551,20,0
1744823400,2025.04.16 17:10:00,3313.34,3313.41,3307.35,3309.03,533,20,0
1744823700,2025.04.16 17:15:00,3308.94,3313.98,3307.42,3311.03,512,20,0
1744824000,2025.04.16 17:20:00,3310.95,3314.56,3310.19,3313.49,517,20,0
1744824300,2025.04.16 17:25:00,3313.49,3314.64,3312.14,3313.10,467,20,0
1744824600,2025.04.16 17:30:00,3313.09,3314.73,3309.43,3309.81,495,20,0
1744824900,2025.04.16 17:35:00,3309.84,3312.41,3309.57,3312.26,477,20,0
1744825200,2025.04.16 17:40:00,3312.19,3313.57,3309.68,3309.68,482,20,0
1744825500,2025.04.16 17:45:00,3309.71,3312.52,3308.76,3310.21,498,20,0
1744825800,2025.04.16 17:50:00,3310.20,3310.21,3306.99,3308.96,476,20,0
1744826100,2025.04.16 17:55:00,3308.95,3309.59,3306.22,3308.51,487,20,0
1744826400,2025.04.16 18:00:00,3308.49,3313.28,3306.24,3312.78,536,20,0
1744826700,2025.04.16 18:05:00,3312.64,3314.24,3305.84,3306.95,519,20,0
1744827000,2025.04.16 18:10:00,3307.15,3309.45,3305.31,3309.26,505,20,0
1744827300,2025.04.16 18:15:00,3309.23,3311.96,3309.00,3311.10,468,20,0
1744827600,2025.04.16 18:20:00,3311.01,3311.91,3308.78,3311.39,466,20,0
1744827900,2025.04.16 18:25:00,3311.36,3313.99,3310.68,3313.99,451,20,0
1744828200,2025.04.16 18:30:00,3313.97,3317.53,3313.97,3315.84,480,20,0
1744828500,2025.04.16 18:35:00,3315.80,3319.30,3315.54,3318.69,509,20,0
1744828800,2025.04.16 18:40:00,3318.50,3324.97,3317.60,3321.88,508,20,0
1744829100,2025.04.16 18:45:00,3321.88,3324.18,3320.97,3323.74,492,20,0
1744829400,2025.04.16 18:50:00,3323.74,3328.11,3323.60,3327.99,479,20,0
1744829700,2025.04.16 18:55:00,3327.97,3328.06,3325.08,3325.31,470,20,0
1744830000,2025.04.16 19:00:00,3325.32,3328.46,3324.29,3326.36,518,20,0
1744830300,2025.04.16 19:05:00,3326.36,3327.37,3324.64,3327.31,452,20,0
1744830600,2025.04.16 19:10:00,3327.30,3328.46,3325.97,3326.29,421,20,0
1744830900,2025.04.16 19:15:00,3326.25,3328.95,3325.97,3328.87,395,20,0
1744831200,2025.04.16 19:20:00,3328.87,3332.09,3328.02,3331.50,427,20,0
1744831500,2025.04.16 19:25:00,3331.50,3332.96,3330.32,3332.10,449,20,0
1744831800,2025.04.16 19:30:00,3332.05,3332.17,3329.83,3331.50,424,20,0
1744832100,2025.04.16 19:35:00,3331.47,3331.71,3327.66,3327.66,444,20,0
1744832400,2025.04.16 19:40:00,3327.67,3327.67,3321.46,3322.37,546,20,0
1744832700,2025.04.16 19:45:00,3322.46,3326.50,3322.22,3325.63,487,20,0
1744833000,2025.04.16 19:50:00,3325.63,3326.01,3324.09,3324.39,425,20,0
1744833300,2025.04.16 19:55:00,3324.51,3327.29,3324.51,3327.11,435,20,0
1744833600,2025.04.16 20:00:00,3327.28,3328.68,3325.44,3326.89,430,20,0
1744833900,2025.04.16 20:05:00,3326.89,3327.45,3325.47,3327.11,428,20,0
1744834200,2025.04.16 20:10:00,3327.14,3328.11,3326.49,3326.76,338,20,0
1744834500,2025.04.16 20:15:00,3326.77,3329.66,3326.59,3328.87,413,20,0
1744834800,2025.04.16 20:20:00,3328.88,3329.85,3327.84,3329.33,435,20,0
1744835100,2025.04.16 20:25:00,3329.35,3330.37,3328.46,3329.98,461,20,0
1744835400,2025.04.16 20:30:00,3329.96,3330.20,3324.39,3329.97,524,20,0
1744835700,2025.04.16 20:35:00,3330.00,3332.77,3329.50,3330.96,489,20,0
1744836000,2025.04.16 20:40:00,3331.00,3331.00,3327.45,3330.04,439,20,0
1744836300,2025.04.16 20:45:00,3330.04,3330.04,3327.65,3329.00,411,20,0
1744836600,2025.04.16 20:50:00,3329.07,3329.31,3327.07,3328.49,404,20,0
1744836900,2025.04.16 20:55:00,3328.48,3329.19,3325.91,3327.50,390,20,0
1744837200,2025.04.16 21:00:00,3327.59,3332.35,3326.39,3332.23,451,20,0
1744837500,2025.04.16 21:05:00,3332.23,3332.92,3328.81,3328.86,440,20,0
1744837800,2025.04.16 21:10:00,3328.84,3332.15,3328.34,3332.12,388,20,0
1744838100,2025.04.16 21:15:00,3332.13,3332.95,3331.62,3332.00,363,20,0
1744838400,2025.04.16 21:20:00,3332.00,3336.35,3331.88,3336.08,424,20,0
1744838700,2025.04.16 21:25:00,3336.12,3338.76,3335.99,3338.30,457,20,0
1744839000,2025.04.16 21:30:00,3338.31,3338.32,3336.31,3337.81,354,20,0
1744839300,2025.04.16 21:35:00,3337.81,3339.32,3336.71,3338.76,386,20,0
1744839600,2025.04.16 21:40:00,3338.73,3339.44,3337.41,3338.18,351,20,0
1744839900,2025.04.16 21:45:00,3338.09,3340.49,3338.07,3340.20,366,20,0
1744840200,2025.04.16 21:50:00,3340.27,3340.44,3337.48,3340.27,374,20,0
1744840500,2025.04.16 21:55:00,3340.27,3340.64,3337.22,3338.27,408,20,0
1744840800,2025.04.16 22:00:00,3338.29,3339.65,3337.36,3339.38,351,20,0
1744841100,2025.04.16 22:05:00,3339.43,3342.38,3339.43,3342.23,405,20,0
1744841400,2025.04.16 22:10:00,3342.23,3342.23,3338.16,3338.92,415,20,0
1744841700,2025.04.16 22:15:00,3338.94,3339.79,3338.05,3338.96,371,20,0
1744842000,2025.04.16 22:20:00,3338.96,3341.07,3338.57,3340.17,355,20,0
1744842300,2025.04.16 22:25:00,3340.17,3341.18,3339.27,3339.40,342,20,0
1744842600,2025.04.16 22:30:00,3339.46,3340.20,3338.69,3338.77,340,20,0
1744842900,2025.04.16 22:35:00,3338.75,3339.70,3338.35,3339.30,316,20,0
1744843200,2025.04.16 22:40:00,3339.24,3339.61,3336.54,3338.10,350,20,0
1744843500,2025.04.16 22:45:00,3338.10,3339.77,3337.16,3339.74,362,20,0
1744843800,2025.04.16 22:50:00,3339.69,3339.85,3337.11,3339.08,369,20,0
1744844100,2025.04.16 22:55:00,3339.07,3339.07,3335.87,3336.55,411,20,0
1744844400,2025.04.16 23:00:00,3336.43,3339.92,3336.41,3339.05,281,20,0
1744844700,2025.04.16 23:05:00,3339.05,3339.66,3337.37,3337.74,222,20,0
1744845000,2025.04.16 23:10:00,3337.71,3337.71,3334.38,3334.44,327,20,0
1744845300,2025.04.16 23:15:00,3334.44,3336.39,3334.44,3336.23,289,20,0
1744845600,2025.04.16 23:20:00,3336.20,3338.01,3335.78,3337.79,244,20,0
1744845900,2025.04.16 23:25:00,3337.79,3338.95,3336.53,3338.71,255,20,0
1744846200,2025.04.16 23:30:00,3338.69,3339.09,3337.61,3338.73,229,20,0
1744846500,2025.04.16 23:35:00,3338.71,3339.03,3337.55,3338.99,223,20,0
1744846800,2025.04.16 23:40:00,3339.04,3339.27,3338.64,3339.19,232,20,0
1744847100,2025.04.16 23:45:00,3339.22,3341.18,3338.54,3340.98,260,20,0
1744847400,2025.04.16 23:50:00,3340.97,3342.21,3340.55,3341.49,304,20,0
1744847700,2025.04.16 23:55:00,3341.51,3342.59,3341.35,3342.18,148,20,0
1744851600,2025.04.17 01:00:00,3344.11,3350.95,3343.38,3348.79,320,20,0
1744851900,2025.04.17 01:05:00,3348.74,3353.31,3348.74,3352.91,319,20,0
1744852200,2025.04.17 01:10:00,3352.90,3355.95,3351.59,3354.33,369,20,0
1744852500,2025.04.17 01:15:00,3354.32,3355.64,3353.20,3354.21,312,20,0
1744852800,2025.04.17 01:20:00,3354.37,3357.79,3352.45,3353.40,323,20,0
1744853100,2025.04.17 01:25:00,3353.40,3354.24,3352.36,3352.96,184,20,0
1744853400,2025.04.17 01:30:00,3352.96,3354.83,3352.37,3352.68,262,20,0
1744853700,2025.04.17 01:35:00,3352.68,3353.76,3351.73,3352.48,217,20,0
1744854000,2025.04.17 01:40:00,3352.48,3354.77,3352.48,3352.83,237,20,0
1744854300,2025.04.17 01:45:00,3352.83,3353.15,3352.00,3352.05,206,20,0
1744854600,2025.04.17 01:50:00,3352.03,3352.39,3351.25,3352.04,176,20,0
1744854900,2025.04.17 01:55:00,3352.07,3352.17,3350.36,3351.09,212,20,0
1744855200,2025.04.17 02:00:00,3351.34,3353.50,3350.66,3351.80,304,20,0
1744855500,2025.04.17 02:05:00,3351.80,3351.84,3349.66,3350.52,183,20,0
1744855800,2025.04.17 02:10:00,3350.52,3351.20,3348.96,3350.00,186,20,0
1744856100,2025.04.17 02:15:00,3349.99,3352.02,3349.64,3351.19,187,20,0
1744856400,2025.04.17 02:20:00,3351.03,3351.62,3350.07,3350.65,181,20,0
1744856700,2025.04.17 02:25:00,3350.68,3351.94,3350.33,3351.09,189,20,0
1744857000,2025.04.17 02:30:00,3351.09,3351.58,3350.18,3351.31,218,20,0
1744857300,2025.04.17 02:35:00,3351.31,3352.01,3349.84,3350.19,232,20,0
1744857600,2025.04.17 02:40:00,3350.19,3351.65,3349.61,3351.48,255,20,0
1744857900,2025.04.17 02:45:00,3351.49,3352.11,3350.80,3351.94,240,20,0
1744858200,2025.04.17 02:50:00,3351.94,3352.57,3348.76,3349.21,281,20,0
1744858500,2025.04.17 02:55:00,3349.08,3351.13,3346.98,3350.13,353,20,0
1744858800,2025.04.17 03:00:00,3350.07,3350.68,3344.80,3346.19,444,20,0
1744859100,2025.04.17 03:05:00,3346.11,3348.08,3343.68,3345.41,448,20,0
1744859400,2025.04.17 03:10:00,3344.82,3346.38,3344.19,3345.34,381,20,0
1744859700,2025.04.17 03:15:00,3345.34,3346.43,3344.53,3344.95,364,20,0
1744860000,2025.04.17 03:20:00,3344.95,3346.28,3344.74,3345.63,313,20,0
1744860300,2025.04.17 03:25:00,3345.63,3349.51,3345.29,3348.77,375,20,0
1744860600,2025.04.17 03:30:00,3348.73,3351.16,3346.34,3347.69,403,20,0
1744860900,2025.04.17 03:35:00,3347.67,3349.02,3346.32,3347.61,313,20,0
1744861200,2025.04.17 03:40:00,3347.61,3347.67,3342.00,3342.76,383,20,0
1744861500,2025.04.17 03:45:00,3342.76,3347.47,3342.54,3346.64,411,20,0
1744861800,2025.04.17 03:50:00,3346.60,3348.47,3342.91,3343.46,406,20,0
1744862100,2025.04.17 03:55:00,3343.46,3345.04,3342.00,3344.70,323,20,0
1744862400,2025.04.17 04:00:00,3345.45,3348.26,3343.21,3346.81,535,20,0
1744862700,2025.04.17 04:05:00,3346.76,3347.85,3344.14,3345.92,457,20,0
1744863000,2025.04.17 04:10:00,3345.92,3353.38,3345.64,3352.84,489,20,0
1744863300,2025.04.17 04:15:00,3352.88,3356.21,3352.74,3356.08,514,20,0
1744863600,2025.04.17 04:20:00,3356.10,3356.11,3353.13,3353.75,379,20,0
1744863900,2025.04.17 04:25:00,3353.75,3353.96,3347.66,3348.56,443,20,0
1744864200,2025.04.17 04:30:00,3348.22,3348.28,3329.60,3338.05,582,20,0
1744864500,2025.04.17 04:35:00,3338.02,3342.75,3336.18,3338.60,567,20,0
1744864800,2025.04.17 04:40:00,3338.78,3344.12,3337.41,3343.02,542,20,0
1744865100,2025.04.17 04:45:00,3342.82,3342.82,3328.11,3329.64,572,20,0
1744865400,2025.04.17 04:50:00,3329.66,3332.18,3323.34,3323.34,588,20,0
1744865700,2025.04.17 04:55:00,3322.88,3326.37,3320.79,3324.13,578,20,0
1744866000,2025.04.17 05:00:00,3324.00,3330.42,3321.13,3329.21,577,20,0
1744866300,2025.04.17 05:05:00,3329.20,3333.02,3328.64,3332.35,484,20,0
1744866600,2025.04.17 05:10:00,3332.38,3335.34,3332.32,3335.20,521,20,0
1744866900,2025.04.17 05:15:00,3335.18,3335.96,3332.17,3335.73,451,20,0
1744867200,2025.04.17 05:20:00,3335.89,3338.53,3335.34,3338.20,409,20,0
1744867500,2025.04.17 05:25:00,3338.30,3338.66,3336.79,3337.40,344,20,0
1744867800,2025.04.17 05:30:00,3337.26,3339.93,3331.13,3334.47,500,20,0
1744868100,2025.04.17 05:35:00,3334.43,3334.69,3330.23,3331.90,460,20,0
1744868400,2025.04.17 05:40:00,3331.85,3332.78,3329.84,3331.64,499,20,0
1744868700,2025.04.17 05:45:00,3331.68,3334.60,3329.51,3332.56,468,20,0
1744869000,2025.04.17 05:50:00,3332.68,3336.34,3331.97,3336.28,422,20,0
1744869300,2025.04.17 05:55:00,3336.27,3340.55,3335.43,3340.37,442,20,0
1744869600,2025.04.17 06:00:00,3340.32,3340.34,3338.13,3338.92,452,20,0
1744869900,2025.04.17 06:05:00,3338.90,3340.25,3338.58,3339.05,426,20,0
1744870200,2025.04.17 06:10:00,3339.07,3341.73,3337.47,3340.90,359,20,0
1744870500,2025.04.17 06:15:00,3341.06,3343.02,3339.06,3341.82,402,20,0
1744870800,2025.04.17 06:20:00,3341.82,3342.29,3339.89,3341.80,315,20,0
1744871100,2025.04.17 06:25:00,3341.76,3343.22,3341.46,3342.97,346,20,0
1744871400,2025.04.17 06:30:00,3342.72,3343.08,3339.11,3341.67,401,20,0
1744871700,2025.04.17 06:35:00,3341.64,3342.66,3340.52,3340.52,335,20,0
1744872000,2025.04.17 06:40:00,3340.52,3342.12,3339.43,3341.83,319,20,0
1744872300,2025.04.17 06:45:00,3341.83,3342.50,3340.25,3340.94,238,20,0
1744872600,2025.04.17 06:50:00,3340.94,3344.01,3340.94,3343.67,293,20,0
1744872900,2025.04.17 06:55:00,3343.91,3344.57,3342.82,3344.50,286,20,0
1744873200,2025.04.17 07:00:00,3344.52,3344.53,3338.78,3342.13,417,20,0
1744873500,2025.04.17 07:05:00,3342.13,3344.27,3341.47,3342.57,303,20,0
1744873800,2025.04.17 07:10:00,3342.57,3344.19,3342.16,3343.69,240,20,0
1744874100,2025.04.17 07:15:00,3343.69,3343.69,3341.61,3341.80,217,20,0
1744874400,2025.04.17 07:20:00,3341.74,3342.67,3340.61,3341.20,254,20,0
1744874700,2025.04.17 07:25:00,3341.20,3342.09,3340.38,3341.77,265,20,0
1744875000,2025.04.17 07:30:00,3341.77,3341.80,3338.60,3339.73,266,20,0
1744875300,2025.04.17 07:35:00,3339.70,3339.87,3338.60,3339.56,297,20,0
1744875600,2025.04.17 07:40:00,3339.90,3340.10,3338.44,3338.59,257,20,0
1744875900,2025.04.17 07:45:00,3338.51,3339.79,3338.47,3338.87,228,20,0
1744876200,2025.04.17 07:50:00,3338.87,3339.70,3337.82,3339.21,269,20,0
1744876500,2025.04.17 07:55:00,3339.27,3341.66,3339.27,3341.66,265,20,0
1744876800,2025.04.17 08:00:00,3341.52,3345.43,3341.45,3342.10,318,20,0
1744877100,2025.04.17 08:05:00,3342.10,3343.44,3337.38,3337.39,422,20,0
1744877400,2025.04.17 08:10:00,3337.42,3339.44,3336.71,3336.75,302,20,0
1744877700,2025.04.17 08:15:00,3336.78,3340.67,3336.74,3339.40,239,20,0
1744878000,2025.04.17 08:20:00,3339.40,3339.93,3338.12,3338.12,256,20,0
1744878300,2025.04.17 08:25:00,3338.13,3338.37,3336.86,3336.90,222,20,0
1744878600,2025.04.17 08:30:00,3336.90,3336.93,3333.27,3335.56,466,20,0
1744878900,2025.04.17 08:35:00,3335.55,3337.41,3335.23,3336.59,380,20,0
1744879200,2025.04.17 08:40:00,3336.59,3336.63,3333.45,3333.49,384,20,0
1744879500,2025.04.17 08:45:00,3333.32,3336.13,3332.11,3332.25,411,20,0
1744879800,2025.04.17 08:50:00,3332.25,3333.30,3331.55,3332.52,419,20,0
1744880100,2025.04.17 08:55:00,3332.54,3333.12,3328.45,3329.35,417,20,0
1744880400,2025.04.17 09:00:00,3329.40,3330.42,3325.25,3326.10,531,20,0
1744880700,2025.04.17 09:05:00,3326.41,3329.68,3326.10,3329.42,520,20,0
1744881000,2025.04.17 09:10:00,3329.45,3330.95,3328.70,3330.77,469,20,0
1744881300,2025.04.17 09:15:00,3330.77,3333.11,3330.77,3332.32,418,20,0
1744881600,2025.04.17 09:20:00,3332.32,3332.74,3327.63,3327.69,429,20,0
1744881900,2025.04.17 09:25:00,3327.74,3329.37,3325.43,3327.90,467,20,0
1744882200,2025.04.17 09:30:00,3327.95,3331.45,3327.09,3331.16,391,20,0
1744882500,2025.04.17 09:35:00,3331.15,3333.04,3330.14,3331.45,395,20,0
1744882800,2025.04.17 09:40:00,3331.45,3332.15,3328.91,3328.97,357,20,0
1744883100,2025.04.17 09:45:00,3329.02,3332.37,3328.86,3332.26,393,20,0
1744883400,2025.04.17 09:50:00,3332.31,3332.41,3328.24,3328.31,416,20,0
1744883700,2025.04.17 09:55:00,3328.31,3330.36,3328.31,3328.90,397,20,0
1744884000,2025.04.17 10:00:00,3328.90,3330.09,3325.61,3329.62,459,20,0
1744884300,2025.04.17 10:05:00,3329.68,3329.94,3322.91,3324.25,485,20,0
1744884600,2025.04.17 10:10:00,3324.26,3324.70,3319.96,3322.20,430,20,0
1744884900,2025.04.17 10:15:00,3322.11,3323.21,3314.69,3318.29,542,20,0
1744885200,2025.04.17 10:20:00,3318.41,3320.27,3314.29,3317.69,492,20,0
1744885500,2025.04.17 10:25:00,3317.74,3319.47,3316.47,3316.87,457,20,0
1744885800,2025.04.17 10:30:00,3316.88,3321.38,3316.76,3319.04,425,20,0
1744886100,2025.04.17 10:35:00,3319.04,3322.72,3318.44,3322.17,432,20,0
1744886400,2025.04.17 10:40:00,3322.24,3325.14,3321.98,3323.14,454,20,0
1744886700,2025.04.17 10:45:00,3323.24,3324.22,3320.58,3321.11,365,20,0
1744887000,2025.04.17 10:50:00,3320.89,3322.62,3320.41,3321.30,367,20,0
1744887300,2025.04.17 10:55:00,3321.38,3323.56,3321.26,3323.56,346,20,0
1744887600,2025.04.17 11:00:00,3323.43,3324.92,3320.50,3321.46,368,20,0
1744887900,2025.04.17 11:05:00,3321.42,3323.66,3319.68,3323.07,359,20,0
1744888200,2025.04.17 11:10:00,3323.07,3324.65,3322.21,3322.26,290,20,0
1744888500,2025.04.17 11:15:00,3322.32,3323.40,3321.45,3321.66,275,20,0
1744888800,2025.04.17 11:20:00,3321.66,3321.70,3317.73,3319.93,404,20,0
1744889100,2025.04.17 11:25:00,3319.93,3319.96,3316.81,3316.92,412,20,0
1744889400,2025.04.17 11:30:00,3316.94,3317.84,3314.63,3314.69,393,20,0
1744889700,2025.04.17 11:35:00,3314.70,3317.60,3312.72,3317.36,374,20,0
1744890000,2025.04.17 11:40:00,3317.36,3321.17,3316.87,3318.26,413,20,0
1744890300,2025.04.17 11:45:00,3318.26,3321.30,3318.08,3321.20,297,20,0
1744890600,2025.04.17 11:50:00,3321.20,3322.60,3321.06,3321.66,318,20,0
1744890900,2025.04.17 11:55:00,3321.72,3324.33,3321.38,3324.17,314,20,0
1744891200,2025.04.17 12:00:00,3324.23,3324.64,3320.86,3321.51,361,20,0
1744891500,2025.04.17 12:05:00,3321.51,3321.95,3320.65,3321.38,254,20,0
1744891800,2025.04.17 12:10:00,3321.38,3322.56,3320.66,3322.56,227,20,0
1744892100,2025.04.17 12:15:00,3322.54,3324.57,3322.26,3324.32,295,20,0
1744892400,2025.04.17 12:20:00,3324.33,3326.07,3323.82,3326.07,309,20,0
1744892700,2025.04.17 12:25:00,3326.06,3326.85,3321.71,3324.09,484,20,0
1744893000,2025.04.17 12:30:00,3324.07,3324.82,3323.32,3324.10,361,20,0
1744893300,2025.04.17 12:35:00,3324.08,3324.08,3322.28,3323.71,317,20,0
1744893600,2025.04.17 12:40:00,3323.71,3324.42,3322.04,3322.05,258,20,0
1744893900,2025.04.17 12:45:00,3322.05,3323.61,3321.82,3323.32,237,20,0
1744894200,2025.04.17 12:50:00,3323.32,3323.51,3321.34,3321.43,264,20,0
1744894500,2025.04.17 12:55:00,3321.30,3323.33,3321.30,3321.60,256,20,0
1744894800,2025.04.17 13:00:00,3321.60,3322.81,3321.12,3321.77,252,20,0
1744895100,2025.04.17 13:05:00,3321.77,3323.40,3321.46,3322.96,290,20,0
1744895400,2025.04.17 13:10:00,3322.96,3324.54,3322.95,3324.22,312,20,0
1744895700,2025.04.17 13:15:00,3324.23,3324.50,3322.50,3323.29,337,20,0
1744896000,2025.04.17 13:20:00,3323.30,3325.13,3322.89,3324.58,333,20,0
1744896300,2025.04.17 13:25:00,3324.59,3333.90,3324.27,3325.73,415,20,0
1744896600,2025.04.17 13:30:00,3325.56,3328.69,3325.05,3328.25,415,20,0
1744896900,2025.04.17 13:35:00,3328.39,3329.86,3327.90,3328.76,335,20,0
1744897200,2025.04.17 13:40:00,3328.75,3329.58,3327.77,3328.53,322,20,0
1744897500,2025.04.17 13:45:00,3328.53,3329.15,3327.70,3328.74,234,20,0
1744897800,2025.04.17 13:50:00,3328.74,3328.74,3326.43,3326.95,291,20,0
1744898100,2025.04.17 13:55:00,3326.92,3327.91,3326.10,3327.52,273,20,0
1744898400,2025.04.17 14:00:00,3327.62,3329.74,3326.95,3328.38,296,20,0
1744898700,2025.04.17 14:05:00,3328.37,3328.94,3327.39,3328.81,226,20,0
1744899000,2025.04.17 14:10:00,3328.85,3331.01,3328.85,3329.65,262,20,0
1744899300,2025.04.17 14:15:00,3329.65,3332.27,3327.75,3331.79,314,20,0
1744899600,2025.04.17 14:20:00,3331.74,3332.43,3328.99,3328.99,385,20,0
1744899900,2025.04.17 14:25:00,3328.99,3329.20,3323.10,3326.92,430,20,0
1744900200,2025.04.17 14:30:00,3326.89,3327.52,3326.06,3326.22,289,20,0
1744900500,2025.04.17 14:35:00,3326.21,3329.77,3324.44,3325.02,392,20,0
1744900800,2025.04.17 14:40:00,3325.02,3325.83,3322.49,3323.31,355,20,0
1744901100,2025.04.17 14:45:00,3323.05,3324.77,3322.59,3324.77,344,20,0
1744901400,2025.04.17 14:50:00,3324.79,3325.18,3322.37,3323.93,387,20,0
1744901700,2025.04.17 14:55:00,3323.93,3327.60,3323.93,3327.45,390,20,0
1744902000,2025.04.17 15:00:00,3327.41,3331.96,3327.34,3330.86,467,20,0
1744902300,2025.04.17 15:05:00,3330.86,3332.51,3329.26,3330.48,414,20,0
1744902600,2025.04.17 15:10:00,3330.43,3338.53,3329.42,3336.51,352,20,0
1744902900,2025.04.17 15:15:00,3336.54,3342.09,3333.86,3333.96,510,20,0
1744903200,2025.04.17 15:20:00,3333.74,3334.52,3328.10,3328.10,498,20,0
1744903500,2025.04.17 15:25:00,3328.08,3328.40,3325.21,3325.49,456,20,0
1744903800,2025.04.17 15:30:00,3325.35,3329.23,3322.71,3327.79,497,20,0
1744904100,2025.04.17 15:35:00,3327.98,3328.61,3323.85,3326.65,504,20,0
1744904400,2025.04.17 15:40:00,3326.63,3326.80,3323.59,3324.08,454,20,0
1744904700,2025.04.17 15:45:00,3324.09,3327.63,3323.91,3325.84,429,20,0
1744905000,2025.04.17 15:50:00,3325.79,3327.72,3323.68,3323.77,433,20,0
1744905300,2025.04.17 15:55:00,3323.53,3328.38,3322.32,3328.10,463,20,0
1744905600,2025.04.17 16:00:00,3328.10,3331.45,3325.08,3325.63,528,20,0
1744905900,2025.04.17 16:05:00,3325.84,3331.30,3325.22,3329.85,510,20,0
1744906200,2025.04.17 16:10:00,3329.93,3329.93,3325.39,3326.20,477,20,0
1744906500,2025.04.17 16:15:00,3326.24,3329.20,3325.85,3326.26,472,20,0
1744906800,2025.04.17 16:20:00,3326.31,3326.31,3321.65,3323.70,516,20,0
1744907100,2025.04.17 16:25:00,3323.69,3325.79,3321.91,3322.42,525,20,0
1744907400,2025.04.17 16:30:00,3322.43,3325.27,3320.09,3323.52,555,20,0
1744907700,2025.04.17 16:35:00,3323.60,3330.34,3323.35,3330.33,553,20,0
1744908000,2025.04.17 16:40:00,3330.39,3332.02,3328.79,3329.57,541,20,0
1744908300,2025.04.17 16:45:00,3329.50,3329.65,3320.23,3322.52,555,20,0
1744908600,2025.04.17 16:50:00,3322.45,3323.58,3314.96,3317.71,557,20,0
1744908900,2025.04.17 16:55:00,3317.79,3318.56,3312.02,3314.82,559,20,0
1744909200,2025.04.17 17:00:00,3315.00,3315.01,3305.27,3307.38,581,20,0
1744909500,2025.04.17 17:05:00,3307.07,3313.71,3306.57,3309.22,573,20,0
1744909800,2025.04.17 17:10:00,3309.22,3313.67,3308.55,3312.59,529,20,0
1744910100,2025.04.17 17:15:00,3312.59,3313.43,3307.84,3309.03,536,20,0
1744910400,2025.04.17 17:20:00,3309.18,3310.16,3306.26,3309.23,541,20,0
1744910700,2025.04.17 17:25:00,3309.17,3310.12,3301.81,3303.81,547,20,0
1744911000,2025.04.17 17:30:00,3303.86,3304.44,3289.61,3293.08,576,20,0
1744911300,2025.04.17 17:35:00,3293.20,3295.15,3284.01,3292.01,583,20,0
1744911600,2025.04.17 17:40:00,3292.25,3297.40,3292.25,3294.50,542,20,0
1744911900,2025.04.17 17:45:00,3294.51,3296.83,3289.65,3289.89,552,20,0
1744912200,2025.04.17 17:50:00,3289.85,3292.91,3286.08,3289.40,546,20,0
1744912500,2025.04.17 17:55:00,3289.10,3292.43,3286.92,3291.19,540,20,0
1744912800,2025.04.17 18:00:00,3291.17,3297.90,3290.72,3295.82,556,20,0
1744913100,2025.04.17 18:05:00,3295.88,3301.60,3295.56,3296.94,526,20,0
1744913400,2025.04.17 18:10:00,3297.18,3303.85,3296.90,3303.33,506,20,0
1744913700,2025.04.17 18:15:00,3303.40,3304.77,3300.23,3303.82,485,20,0
1744914000,2025.04.17 18:20:00,3303.75,3303.84,3297.85,3298.06,504,20,0
1744914300,2025.04.17 18:25:00,3298.21,3299.84,3297.01,3298.47,495,20,0
1744914600,2025.04.17 18:30:00,3297.94,3299.15,3295.69,3296.84,446,20,0
1744914900,2025.04.17 18:35:00,3296.90,3299.52,3293.53,3299.14,464,20,0
1744915200,2025.04.17 18:40:00,3299.12,3299.85,3296.10,3297.28,420,20,0
1744915500,2025.04.17 18:45:00,3297.31,3298.26,3295.00,3295.39,401,20,0
1744915800,2025.04.17 18:50:00,3295.39,3299.41,3294.80,3295.14,430,20,0
1744916100,2025.04.17 18:55:00,3295.14,3297.91,3295.14,3296.35,429,20,0
1744916400,2025.04.17 19:00:00,3296.33,3298.24,3294.94,3298.22,466,20,0
1744916700,2025.04.17 19:05:00,3298.31,3299.99,3297.05,3297.94,466,20,0
1744917000,2025.04.17 19:10:00,3297.94,3299.75,3296.83,3299.74,451,20,0
1744917300,2025.04.17 19:15:00,3299.74,3305.49,3299.74,3304.50,448,20,0
1744917600,2025.04.17 19:20:00,3304.50,3309.65,3304.50,3308.24,495,20,0
1744917900,2025.04.17 19:25:00,3308.26,3310.12,3305.59,3309.90,480,20,0
1744918200,2025.04.17 19:30:00,3309.97,3312.33,3309.74,3312.12,440,20,0
1744918500,2025.04.17 19:35:00,3312.03,3313.76,3311.61,3313.26,461,20,0
1744918800,2025.04.17 19:40:00,3313.24,3313.34,3310.26,3310.44,453,20,0
1744919100,2025.04.17 19:45:00,3310.41,3316.13,3308.67,3316.13,504,20,0
1744919400,2025.04.17 19:50:00,3316.52,3318.70,3315.23,3316.53,483,20,0
1744919700,2025.04.17 19:55:00,3316.47,3317.91,3315.97,3315.98,452,20,0
1744920000,2025.04.17 20:00:00,3316.05,3319.41,3315.93,3319.30,482,20,0
1744920300,2025.04.17 20:05:00,3319.37,3319.37,3316.25,3318.53,422,20,0
1744920600,2025.04.17 20:10:00,3318.46,3322.50,3318.14,3319.40,441,20,0
1744920900,2025.04.17 20:15:00,3319.36,3320.42,3316.66,3318.47,443,20,0
1744921200,2025.04.17 20:20:00,3318.51,3319.05,3317.09,3317.54,394,20,0
1744921500,2025.04.17 20:25:00,3317.54,3318.25,3314.70,3315.01,440,20,0
1744921800,2025.04.17 20:30:00,3315.00,3317.72,3314.26,3316.10,373,20,0
1744922100,2025.04.17 20:35:00,3316.10,3317.64,3315.56,3316.93,320,20,0
1744922400,2025.04.17 20:40:00,3316.89,3318.65,3316.89,3318.55,343,20,0
1744922700,2025.04.17 20:45:00,3318.54,3321.18,3318.54,3320.73,382,20,0
1744923000,2025.04.17 20:50:00,3320.76,3322.21,3320.67,3321.63,309,20,0
1744923300,2025.04.17 20:55:00,3321.65,3322.17,3317.90,3318.95,330,20,0
1744923600,2025.04.17 21:00:00,3318.98,3319.16,3317.56,3319.16,331,20,0
1744923900,2025.04.17 21:05:00,3319.16,3320.75,3318.38,3320.51,319,20,0
1744924200,2025.04.17 21:10:00,3320.42,3320.88,3319.11,3319.22,327,20,0
1744924500,2025.04.17 21:15:00,3319.18,3319.47,3317.89,3318.54,366,20,0
1744924800,2025.04.17 21:20:00,3318.46,3319.63,3318.30,3319.20,280,20,0
1744925100,2025.04.17 21:25:00,3319.20,3320.32,3319.13,3319.22,297,20,0
1744925400,2025.04.17 21:30:00,3319.13,3319.13,3316.35,3316.52,237,20,0
1744925700,2025.04.17 21:35:00,3316.64,3318.56,3315.54,3315.57,240,20,0
1744926000,2025.04.17 21:40:00,3315.60,3316.87,3315.02,3316.65,263,20,0
1744926300,2025.04.17 21:45:00,3316.67,3316.80,3314.28,3315.52,289,20,0
1744926600,2025.04.17 21:50:00,3315.52,3317.39,3315.19,3316.74,297,20,0
1744926900,2025.04.17 21:55:00,3316.75,3317.39,3315.53,3316.36,264,20,0
1744927200,2025.04.17 22:00:00,3316.36,3317.91,3316.16,3316.83,281,20,0
1744927500,2025.04.17 22:05:00,3316.54,3317.11,3315.51,3316.36,272,20,0
1744927800,2025.04.17 22:10:00,3316.35,3316.72,3315.36,3315.57,282,20,0
1744928100,2025.04.17 22:15:00,3315.57,3315.59,3313.32,3313.71,272,20,0
1744928400,2025.04.17 22:20:00,3313.70,3313.76,3310.98,3311.98,337,20,0
1744928700,2025.04.17 22:25:00,3312.03,3313.55,3311.62,3312.86,274,20,0
1744929000,2025.04.17 22:30:00,3312.74,3317.03,3312.12,3317.03,278,20,0
1744929300,2025.04.17 22:35:00,3317.08,3319.25,3316.81,3318.29,351,20,0
1744929600,2025.04.17 22:40:00,3318.35,3320.15,3317.85,3320.05,285,20,0
1744929900,2025.04.17 22:45:00,3320.05,3321.58,3319.20,3319.29,289,20,0
1744930200,2025.04.17 22:50:00,3319.21,3321.83,3319.09,3321.22,339,20,0
1744930500,2025.04.17 22:55:00,3321.22,3321.81,3318.92,3320.72,355,20,0
1744930800,2025.04.17 23:00:00,3320.76,3320.89,3318.02,3320.35,288,20,0
1744931100,2025.04.17 23:05:00,3320.39,3321.81,3319.87,3321.58,190,20,0
1744931400,2025.04.17 23:10:00,3321.61,3322.42,3320.63,3321.86,217,20,0
1744931700,2025.04.17 23:15:00,3321.86,3321.90,3320.58,3321.27,174,20,0
1744932000,2025.04.17 23:20:00,3321.34,3323.56,3320.96,3323.41,142,20,0
1744932300,2025.04.17 23:25:00,3323.50,3325.02,3322.78,3324.82,144,20,0
1744932600,2025.04.17 23:30:00,3324.83,3325.03,3324.01,3324.90,216,20,0
1744932900,2025.04.17 23:35:00,3324.97,3326.49,3324.65,3326.49,172,20,0
1744933200,2025.04.17 23:40:00,3326.56,3327.43,3326.13,3327.03,155,20,0
1744933500,2025.04.17 23:45:00,3327.03,3328.43,3326.21,3328.43,287,20,0
1744933800,2025.04.17 23:50:00,3328.43,3328.69,3326.93,3328.22,239,20,0
1744934100,2025.04.17 23:55:00,3327.95,3328.73,3327.45,3327.55,137,20,0
1745197200,2025.04.21 01:00:00,3331.68,3335.14,3329.03,3331.89,335,20,0
1745197500,2025.04.21 01:05:00,3331.89,3336.85,3331.32,3332.39,309,20,0
1745197800,2025.04.21 01:10:00,3332.47,3338.41,3331.75,3338.29,367,20,0
1745198100,2025.04.21 01:15:00,3338.23,3348.49,3338.07,3347.40,485,20,0
1745198400,2025.04.21 01:20:00,3347.39,3352.89,3345.14,3346.78,429,20,0
1745198700,2025.04.21 01:25:00,3346.79,3349.07,3342.94,3343.45,328,20,0
1745199000,2025.04.21 01:30:00,3343.45,3347.10,3343.39,3344.71,336,20,0
1745199300,2025.04.21 01:35:00,3344.31,3345.80,3341.03,3345.75,277,20,0
1745199600,2025.04.21 01:40:00,3345.75,3347.87,3345.32,3346.77,285,20,0
1745199900,2025.04.21 01:45:00,3346.64,3346.78,3343.49,3343.64,237,20,0
1745200200,2025.04.21 01:50:00,3343.62,3345.42,3342.53,3345.39,201,20,0
1745200500,2025.04.21 01:55:00,3345.39,3348.17,3345.03,3345.92,261,20,0
1745200800,2025.04.21 02:00:00,3345.92,3349.57,3343.25,3348.96,309,20,0
1745201100,2025.04.21 02:05:00,3348.95,3351.71,3344.46,3350.89,418,20,0
1745201400,2025.04.21 02:10:00,3350.55,3350.55,3346.76,3347.86,272,20,0
1745201700,2025.04.21 02:15:00,3347.86,3348.50,3344.62,3346.66,251,20,0
1745202000,2025.04.21 02:20:00,3346.69,3347.03,3343.96,3346.62,245,20,0
1745202300,2025.04.21 02:25:00,3346.62,3349.26,3344.81,3348.94,226,20,0
1745202600,2025.04.21 02:30:00,3348.94,3350.82,3347.37,3347.37,271,20,0
1745202900,2025.04.21 02:35:00,3347.33,3347.96,3344.94,3347.25,224,20,0
1745203200,2025.04.21 02:40:00,3347.25,3347.33,3344.09,3346.48,230,20,0
1745203500,2025.04.21 02:45:00,3346.48,3349.43,3346.47,3349.26,279,20,0
1745203800,2025.04.21 02:50:00,3349.26,3349.77,3346.80,3347.07,251,20,0
1745204100,2025.04.21 02:55:00,3347.09,3349.14,3344.60,3348.11,306,20,0
1745204400,2025.04.21 03:00:00,3348.11,3354.13,3347.58,3353.60,456,20,0
1745204700,2025.04.21 03:05:00,3353.60,3355.04,3352.60,3353.59,424,20,0
1745205000,2025.04.21 03:10:00,3353.62,3355.95,3352.31,3354.20,419,20,0
1745205300,2025.04.21 03:15:00,3354.19,3355.72,3352.80,3355.41,326,20,0
1745205600,2025.04.21 03:20:00,3355.35,3355.61,3352.25,3353.09,335,20,0
1745205900,2025.04.21 03:25:00,3353.28,3356.10,3353.23,3355.50,316,20,0
1745206200,2025.04.21 03:30:00,3355.58,3359.41,3355.36,3358.78,444,20,0
1745206500,2025.04.21 03:35:00,3358.89,3364.33,3357.46,3360.76,487,20,0
1745206800,2025.04.21 03:40:00,3360.76,3370.50,3359.53,3369.76,425,20,0
1745207100,2025.04.21 03:45:00,3369.75,3369.75,3365.56,3366.04,413,20,0
1745207400,2025.04.21 03:50:00,3366.09,3369.70,3364.83,3367.89,418,20,0
1745207700,2025.04.21 03:55:00,3367.78,3369.06,3365.15,3368.68,434,20,0
1745208000,2025.04.21 04:00:00,3368.68,3374.01,3368.63,3370.26,575,20,0
1745208300,2025.04.21 04:05:00,3370.26,3376.52,3369.36,3373.48,541,20,0
1745208600,2025.04.21 04:10:00,3373.41,3375.60,3371.22,3373.65,519,20,0
1745208900,2025.04.21 04:15:00,3373.66,3375.72,3372.98,3373.54,477,20,0
1745209200,2025.04.21 04:20:00,3373.57,3374.66,3367.40,3373.40,477,20,0
1745209500,2025.04.21 04:25:00,3373.36,3373.36,3370.40,3371.18,400,20,0
1745209800,2025.04.21 04:30:00,3371.18,3374.50,3370.40,3373.79,423,20,0
1745210100,2025.04.21 04:35:00,3373.79,3376.09,3372.42,3376.03,371,20,0
1745210400,2025.04.21 04:40:00,3375.88,3377.04,3375.50,3376.23,422,20,0
1745210700,2025.04.21 04:45:00,3376.24,3377.06,3371.72,3373.71,424,20,0
1745211000,2025.04.21 04:50:00,3373.70,3377.76,3373.50,3377.38,422,20,0
1745211300,2025.04.21 04:55:00,3377.38,3378.42,3375.93,3377.50,345,20,0
1745211600,2025.04.21 05:00:00,3377.57,3382.48,3377.57,3379.30,462,20,0
1745211900,2025.04.21 05:05:00,3379.34,3380.81,3377.75,3378.03,359,20,0
1745212200,2025.04.21 05:10:00,3378.03,3378.33,3374.19,3377.51,448,20,0
1745212500,2025.04.21 05:15:00,3377.50,3380.45,3376.53,3380.17,373,20,0
1745212800,2025.04.21 05:20:00,3379.92,3382.18,3379.09,3380.12,363,20,0
1745213100,2025.04.21 05:25:00,3380.14,3381.81,3379.54,3381.56,375,20,0
1745213400,2025.04.21 05:30:00,3381.54,3382.16,3379.51,3380.48,430,20,0
1745213700,2025.04.21 05:35:00,3380.48,3383.90,3379.59,3383.71,368,20,0
1745214000,2025.04.21 05:40:00,3383.82,3384.54,3382.05,3382.71,360,20,0
1745214300,2025.04.21 05:45:00,3382.71,3384.15,3381.94,3383.00,343,20,0
1745214600,2025.04.21 05:50:00,3382.91,3384.53,3382.63,3384.07,315,20,0
1745214900,2025.04.21 05:55:00,3384.03,3385.05,3382.89,3384.77,374,20,0
1745215200,2025.04.21 06:00:00,3384.83,3385.25,3381.76,3382.77,372,20,0
1745215500,2025.04.21 06:05:00,3382.88,3383.89,3380.79,3382.19,319,20,0
1745215800,2025.04.21 06:10:00,3382.04,3383.50,3380.43,3381.06,388,20,0
1745216100,2025.04.21 06:15:00,3381.06,3381.98,3378.30,3379.76,387,20,0
1745216400,2025.04.21 06:20:00,3379.73,3381.50,3379.14,3381.14,297,20,0
1745216700,2025.04.21 06:25:00,3381.12,3383.40,3381.12,3382.35,351,20,0
1745217000,2025.04.21 06:30:00,3382.29,3384.80,3382.26,3384.26,281,20,0
1745217300,2025.04.21 06:35:00,3384.34,3385.16,3383.61,3383.66,250,20,0
1745217600,2025.04.21 06:40:00,3383.66,3383.86,3382.54,3383.14,293,20,0
1745217900,2025.04.21 06:45:00,3383.14,3383.99,3382.57,3383.15,256,20,0
1745218200,2025.04.21 06:50:00,3383.11,3384.61,3382.59,3382.86,267,20,0
1745218500,2025.04.21 06:55:00,3382.86,3383.46,3381.98,3382.39,351,20,0
1745218800,2025.04.21 07:00:00,3382.39,3382.41,3377.42,3377.47,404,20,0
1745219100,2025.04.21 07:05:00,3377.46,3378.46,3375.52,3378.10,425,20,0
1745219400,2025.04.21 07:10:00,3378.10,3378.10,3373.77,3373.78,346,20,0
1745219700,2025.04.21 07:15:00,3373.73,3374.49,3369.39,3372.94,417,20,0
1745220000,2025.04.21 07:20:00,3372.67,3375.25,3372.39,3375.25,320,20,0
1745220300,2025.04.21 07:25:00,3375.25,3376.75,3373.12,3374.25,354,20,0
1745220600,2025.04.21 07:30:00,3374.44,3375.17,3373.44,3374.75,221,20,0
1745220900,2025.04.21 07:35:00,3374.75,3376.98,3374.46,3376.83,246,20,0
1745221200,2025.04.21 07:40:00,3376.83,3377.16,3375.62,3377.16,205,20,0
1745221500,2025.04.21 07:45:00,3377.15,3377.17,3375.17,3375.59,243,20,0
1745221800,2025.04.21 07:50:00,3375.37,3376.20,3375.30,3375.45,135,20,0
1745222100,2025.04.21 07:55:00,3375.40,3376.47,3374.08,3376.47,231,20,0
1745222400,2025.04.21 08:00:00,3376.47,3382.01,3376.23,3382.01,364,20,0
1745222700,2025.04.21 08:05:00,3381.99,3385.79,3380.43,3381.82,443,20,0
1745223000,2025.04.21 08:10:00,3381.82,3383.03,3375.77,3382.87,450,20,0
1745223300,2025.04.21 08:15:00,3382.74,3383.08,3379.00,3380.06,281,20,0
1745223600,2025.04.21 08:20:00,3379.99,3381.27,3379.39,3379.46,217,20,0
1745223900,2025.04.21 08:25:00,3379.46,3382.12,3379.04,3381.76,259,20,0
1745224200,2025.04.21 08:30:00,3381.80,3384.32,3380.77,3381.61,456,20,0
1745224500,2025.04.21 08:35:00,3381.80,3382.80,3379.70,3380.17,325,20,0
1745224800,2025.04.21 08:40:00,3380.17,3383.16,3379.87,3382.79,276,20,0
1745225100,2025.04.21 08:45:00,3382.79,3384.02,3381.76,3382.37,262,20,0
1745225400,2025.04.21 08:50:00,3382.36,3383.95,3382.17,3383.95,298,20,0
1745225700,2025.04.21 08:55:00,3383.89,3385.95,3383.14,3385.57,365,20,0
1745226000,2025.04.21 09:00:00,3385.49,3386.76,3383.53,3385.59,383,20,0
1745226300,2025.04.21 09:05:00,3385.58,3388.82,3382.39,3387.01,489,20,0
1745226600,2025.04.21 09:10:00,3386.99,3389.70,3386.90,3388.04,442,20,0
1745226900,2025.04.21 09:15:00,3388.04,3389.49,3387.23,3389.30,371,20,0
1745227200,2025.04.21 09:20:00,3389.33,3390.50,3388.70,3389.87,387,20,0
1745227500,2025.04.21 09:25:00,3389.86,3390.82,3388.11,3389.54,351,20,0
1745227800,2025.04.21 09:30:00,3389.48,3390.97,3387.73,3389.26,401,20,0
1745228100,2025.04.21 09:35:00,3388.95,3391.67,3387.84,3390.62,363,20,0
1745228400,2025.04.21 09:40:00,3390.60,3391.73,3389.72,3391.07,329,20,0
1745228700,2025.04.21 09:45:00,3391.05,3392.17,3389.56,3391.31,402,20,0
1745229000,2025.04.21 09:50:00,3391.30,3393.18,3390.99,3391.88,386,20,0
1745229300,2025.04.21 09:55:00,3391.83,3392.72,3391.19,3392.58,335,20,0
1745229600,2025.04.21 10:00:00,3392.54,3394.59,3390.90,3394.30,433,20,0
1745229900,2025.04.21 10:05:00,3394.24,3394.53,3392.47,3394.43,370,20,0
1745230200,2025.04.21 10:10:00,3394.42,3394.86,3393.09,3393.74,302,20,0
1745230500,2025.04.21 10:15:00,3393.74,3394.80,3393.08,3394.80,314,20,0
1745230800,2025.04.21 10:20:00,3394.81,3396.05,3392.61,3395.42,407,20,0
1745231100,2025.04.21 10:25:00,3395.51,3395.55,3393.22,3394.39,358,20,0
1745231400,2025.04.21 10:30:00,3394.38,3395.62,3393.74,3395.42,350,20,0
1745231700,2025.04.21 10:35:00,3395.41,3395.41,3392.36,3392.71,403,20,0
1745232000,2025.04.21 10:40:00,3392.71,3392.71,3390.89,3391.59,371,20,0
1745232300,2025.04.21 10:45:00,3391.62,3391.67,3385.98,3386.35,448,20,0
1745232600,2025.04.21 10:50:00,3386.27,3387.49,3381.81,3385.41,492,20,0
1745232900,2025.04.21 10:55:00,3385.39,3386.19,3383.90,3385.10,498,20,0
1745233200,2025.04.21 11:00:00,3384.95,3387.57,3384.95,3387.36,403,20,0
1745233500,2025.04.21 11:05:00,3387.20,3387.20,3384.57,3385.20,330,20,0
1745233800,2025.04.21 11:10:00,3385.23,3385.82,3383.70,3385.35,334,20,0
1745234100,2025.04.21 11:15:00,3385.35,3387.68,3383.94,3387.16,401,20,0
1745234400,2025.04.21 11:20:00,3387.15,3389.00,3386.85,3388.26,344,20,0
1745234700,2025.04.21 11:25:00,3388.28,3390.09,3388.28,3389.24,301,20,0
1745235000,2025.04.21 11:30:00,3389.29,3390.14,3387.58,3388.40,308,20,0
1745235300,2025.04.21 11:35:00,3388.40,3389.02,3387.13,3387.86,292,20,0
1745235600,2025.04.21 11:40:00,3387.86,3390.21,3387.76,3390.03,251,20,0
1745235900,2025.04.21 11:45:00,3390.04,3394.18,3390.04,3391.72,379,20,0
1745236200,2025.04.21 11:50:00,3391.73,3393.83,3391.67,3392.84,326,20,0
1745236500,2025.04.21 11:55:00,3392.80,3394.14,3392.14,3392.77,289,20,0
1745236800,2025.04.21 12:00:00,3392.77,3393.23,3392.04,3393.11,290,20,0
1745237100,2025.04.21 12:05:00,3393.07,3393.50,3392.66,3393.43,226,20,0
1745237400,2025.04.21 12:10:00,3393.43,3396.39,3393.42,3394.33,379,20,0
1745237700,2025.04.21 12:15:00,3394.35,3394.89,3391.74,3393.91,349,20,0
1745238000,2025.04.21 12:20:00,3393.90,3395.33,3393.72,3394.10,337,20,0
1745238300,2025.04.21 12:25:00,3394.07,3397.06,3393.24,3395.80,356,20,0
1745238600,2025.04.21 12:30:00,3395.83,3395.83,3393.47,3395.52,347,20,0
1745238900,2025.04.21 12:35:00,3395.53,3396.10,3394.88,3395.49,258,20,0
1745239200,2025.04.21 12:40:00,3395.49,3396.20,3395.12,3395.42,249,20,0
1745239500,2025.04.21 12:45:00,3395.42,3395.48,3392.75,3392.90,272,20,0
1745239800,2025.04.21 12:50:00,3392.86,3395.19,3390.87,3394.42,386,20,0
1745240100,2025.04.21 12:55:00,3394.42,3395.16,3394.03,3394.83,321,20,0
1745240400,2025.04.21 13:00:00,3394.83,3394.96,3392.85,3393.66,286,20,0
1745240700,2025.04.21 13:05:00,3393.66,3394.72,3393.14,3393.16,256,20,0
1745241000,2025.04.21 13:10:00,3393.11,3396.93,3392.87,3396.93,305,20,0
1745241300,2025.04.21 13:15:00,3396.92,3397.75,3395.80,3397.17,344,20,0
1745241600,2025.04.21 13:20:00,3397.17,3397.65,3396.29,3396.32,295,20,0
1745241900,2025.04.21 13:25:00,3396.30,3397.00,3394.76,3395.85,272,20,0
1745242200,2025.04.21 13:30:00,3395.81,3396.50,3394.84,3395.00,319,20,0
1745242500,2025.04.21 13:35:00,3395.04,3395.06,3392.23,3393.51,343,20,0
1745242800,2025.04.21 13:40:00,3393.51,3394.10,3392.14,3392.64,261,20,0
1745243100,2025.04.21 13:45:00,3392.64,3393.73,3391.99,3393.18,249,20,0
1745243400,2025.04.21 13:50:00,3393.18,3395.03,3393.18,3394.49,349,20,0
1745243700,2025.04.21 13:55:00,3394.45,3396.87,3394.44,3394.89,383,20,0
1745244000,2025.04.21 14:00:00,3394.88,3394.88,3393.21,3394.62,337,20,0
1745244300,2025.04.21 14:05:00,3394.62,3394.81,3392.51,3392.66,279,20,0
1745244600,2025.04.21 14:10:00,3392.68,3393.09,3386.66,3388.86,391,20,0
1745244900,2025.04.21 14:15:00,3388.84,3390.26,3386.64,3390.09,458,20,0
1745245200,2025.04.21 14:20:00,3390.10,3391.30,3387.64,3390.47,357,20,0
1745245500,2025.04.21 14:25:00,3390.40,3392.79,3387.81,3392.79,451,20,0
1745245800,2025.04.21 14:30:00,3392.68,3397.47,3392.68,3396.88,441,20,0
1745246100,2025.04.21 14:35:00,3396.88,3400.41,3395.63,3398.89,473,20,0
1745246400,2025.04.21 14:40:00,3398.89,3403.98,3398.84,3403.43,468,20,0
1745246700,2025.04.21 14:45:00,3403.42,3405.21,3401.78,3403.62,450,20,0
1745247000,2025.04.21 14:50:00,3403.62,3405.43,3402.98,3404.72,337,20,0
1745247300,2025.04.21 14:55:00,3405.00,3405.88,3403.83,3404.42,348,20,0
1745247600,2025.04.21 15:00:00,3404.42,3406.65,3404.42,3404.50,409,20,0
1745247900,2025.04.21 15:05:00,3404.51,3405.81,3403.42,3403.63,399,20,0
1745248200,2025.04.21 15:10:00,3403.60,3404.21,3401.67,3402.61,373,20,0
1745248500,2025.04.21 15:15:00,3402.63,3407.76,3402.57,3406.59,359,20,0
1745248800,2025.04.21 15:20:00,3406.54,3407.77,3399.73,3399.73,502,20,0
1745249100,2025.04.21 15:25:00,3400.11,3403.18,3398.14,3398.41,542,20,0
1745249400,2025.04.21 15:30:00,3398.46,3403.57,3398.10,3403.57,445,20,0
1745249700,2025.04.21 15:35:00,3403.57,3404.50,3402.21,3403.09,391,20,0
1745250000,2025.04.21 15:40:00,3403.09,3407.33,3402.19,3407.32,407,20,0
1745250300,2025.04.21 15:45:00,3407.30,3410.53,3406.78,3409.55,518,20,0
1745250600,2025.04.21 15:50:00,3409.54,3411.37,3408.43,3410.81,424,20,0
1745250900,2025.04.21 15:55:00,3410.71,3415.73,3410.61,3414.99,501,20,0
1745251200,2025.04.21 16:00:00,3414.99,3422.38,3414.80,3421.04,561,20,0
1745251500,2025.04.21 16:05:00,3421.11,3424.42,3419.67,3421.34,523,20,0
1745251800,2025.04.21 16:10:00,3421.33,3422.26,3418.78,3420.42,531,20,0
1745252100,2025.04.21 16:15:00,3420.54,3421.64,3416.40,3417.93,518,20,0
1745252400,2025.04.21 16:20:00,3417.77,3418.75,3414.49,3414.55,483,20,0
1745252700,2025.04.21 16:25:00,3414.50,3416.92,3412.83,3416.63,490,20,0
1745253000,2025.04.21 16:30:00,3416.61,3420.42,3405.37,3407.37,569,20,0
1745253300,2025.04.21 16:35:00,3407.59,3414.67,3405.60,3414.51,549,20,0
1745253600,2025.04.21 16:40:00,3414.50,3419.47,3412.93,3417.05,554,20,0
1745253900,2025.04.21 16:45:00,3417.06,3423.15,3414.82,3422.41,538,20,0
1745254200,2025.04.21 16:50:00,3422.36,3426.65,3419.21,3424.32,523,20,0
1745254500,2025.04.21 16:55:00,3424.25,3424.25,3419.09,3420.50,494,20,0
1745254800,2025.04.21 17:00:00,3420.45,3424.46,3419.14,3424.46,508,20,0
1745255100,2025.04.21 17:05:00,3424.62,3429.76,3423.69,3429.49,514,20,0
1745255400,2025.04.21 17:10:00,3429.41,3430.22,3424.79,3426.45,487,20,0
1745255700,2025.04.21 17:15:00,3426.54,3427.96,3425.26,3427.49,484,20,0
1745256000,2025.04.21 17:20:00,3427.28,3428.42,3421.56,3424.47,521,20,0
1745256300,2025.04.21 17:25:00,3424.21,3429.40,3421.81,3426.16,510,20,0
1745256600,2025.04.21 17:30:00,3426.37,3427.68,3422.53,3422.92,494,20,0
1745256900,2025.04.21 17:35:00,3422.90,3423.33,3415.29,3419.15,559,20,0
1745257200,2025.04.21 17:40:00,3420.02,3420.14,3415.43,3418.04,523,20,0
1745257500,2025.04.21 17:45:00,3418.10,3418.77,3411.27,3411.54,512,20,0
1745257800,2025.04.21 17:50:00,3411.54,3414.80,3408.87,3413.44,524,20,0
1745258100,2025.04.21 17:55:00,3413.39,3417.66,3413.39,3416.75,486,20,0
1745258400,2025.04.21 18:00:00,3416.71,3418.45,3413.71,3415.77,477,20,0
1745258700,2025.04.21 18:05:00,3415.80,3417.03,3407.90,3410.91,517,20,0
1745259000,2025.04.21 18:10:00,3411.13,3414.86,3409.77,3411.66,479,20,0
1745259300,2025.04.21 18:15:00,3411.81,3418.13,3411.21,3417.50,481,20,0
1745259600,2025.04.21 18:20:00,3417.44,3419.39,3416.43,3419.21,446,20,0
1745259900,2025.04.21 18:25:00,3419.11,3421.07,3417.65,3420.76,453,20,0
1745260200,2025.04.21 18:30:00,3420.67,3421.14,3414.78,3418.10,463,20,0
1745260500,2025.04.21 18:35:00,3418.23,3424.27,3417.86,3423.02,444,20,0
1745260800,2025.04.21 18:40:00,3423.02,3426.17,3422.89,3423.38,493,20,0
1745261100,2025.04.21 18:45:00,3423.39,3424.27,3420.99,3422.44,488,20,0
1745261400,2025.04.21 18:50:00,3422.48,3422.48,3418.83,3420.93,407,20,0
1745261700,2025.04.21 18:55:00,3420.92,3423.08,3419.63,3422.93,398,20,0
1745262000,2025.04.21 19:00:00,3422.96,3424.03,3421.33,3421.85,387,20,0
1745262300,2025.04.21 19:05:00,3421.85,3422.02,3415.89,3418.27,446,20,0
1745262600,2025.04.21 19:10:00,3418.29,3419.18,3416.53,3416.53,383,20,0
1745262900,2025.04.21 19:15:00,3416.53,3417.02,3414.51,3414.51,414,20,0
1745263200,2025.04.21 19:20:00,3414.40,3417.08,3413.82,3415.87,419,20,0
1745263500,2025.04.21 19:25:00,3415.82,3416.30,3413.52,3414.57,340,20,0
1745263800,2025.04.21 19:30:00,3414.47,3415.53,3412.90,3413.43,369,20,0
1745264100,2025.04.21 19:35:00,3413.64,3414.76,3411.15,3412.93,372,20,0
1745264400,2025.04.21 19:40:00,3412.93,3414.11,3410.17,3413.09,402,20,0
1745264700,2025.04.21 19:45:00,3413.15,3415.16,3412.95,3413.38,340,20,0
1745265000,2025.04.21 19:50:00,3413.46,3415.10,3413.46,3414.67,304,20,0
1745265300,2025.04.21 19:55:00,3414.95,3415.96,3412.79,3414.62,396,20,0
1745265600,2025.04.21 20:00:00,3414.60,3414.98,3408.89,3409.24,490,20,0
1745265900,2025.04.21 20:05:00,3409.22,3410.41,3406.08,3410.41,502,20,0
1745266200,2025.04.21 20:10:00,3410.39,3410.83,3408.80,3409.00,421,20,0
1745266500,2025.04.21 20:15:00,3409.00,3411.73,3408.19,3408.71,450,20,0
1745266800,2025.04.21 20:20:00,3408.70,3412.44,3408.49,3412.08,478,20,0
1745267100,2025.04.21 20:25:00,3412.29,3415.33,3411.01,3414.19,471,20,0
1745267400,2025.04.21 20:30:00,3414.10,3418.05,3414.10,3417.78,371,20,0
1745267700,2025.04.21 20:35:00,3417.78,3419.92,3417.07,3419.85,361,20,0
1745268000,2025.04.21 20:40:00,3419.85,3421.24,3417.82,3417.82,379,20,0
1745268300,2025.04.21 20:45:00,3417.84,3419.47,3417.24,3419.45,378,20,0
1745268600,2025.04.21 20:50:00,3419.45,3420.67,3418.94,3420.22,347,20,0
1745268900,2025.04.21 20:55:00,3420.20,3422.88,3420.12,3422.47,364,20,0
1745269200,2025.04.21 21:00:00,3422.48,3424.36,3421.91,3424.34,459,20,0
1745269500,2025.04.21 21:05:00,3424.34,3424.73,3418.97,3419.94,467,20,0
1745269800,2025.04.21 21:10:00,3419.97,3420.08,3419.03,3419.78,413,20,0
1745270100,2025.04.21 21:15:00,3419.78,3420.35,3418.18,3418.61,367,20,0
1745270400,2025.04.21 21:20:00,3418.58,3424.04,3417.84,3423.98,423,20,0
1745270700,2025.04.21 21:25:00,3423.98,3424.97,3422.40,3424.89,359,20,0
1745271000,2025.04.21 21:30:00,3424.80,3426.57,3424.80,3426.12,316,20,0
1745271300,2025.04.21 21:35:00,3426.12,3426.54,3425.19,3425.67,306,20,0
1745271600,2025.04.21 21:40:00,3425.74,3426.12,3424.50,3425.66,332,20,0
1745271900,2025.04.21 21:45:00,3425.66,3426.50,3424.94,3426.35,382,20,0
1745272200,2025.04.21 21:50:00,3426.35,3426.57,3425.90,3426.21,395,20,0
1745272500,2025.04.21 21:55:00,3426.21,3426.63,3425.08,3426.39,375,20,0
1745272800,2025.04.21 22:00:00,3426.37,3427.93,3425.53,3427.35,356,20,0
1745273100,2025.04.21 22:05:00,3427.41,3430.47,3427.41,3429.80,358,20,0
1745273400,2025.04.21 22:10:00,3430.02,3430.31,3427.70,3427.79,394,20,0
1745273700,2025.04.21 22:15:00,3427.80,3429.17,3427.03,3428.68,427,20,0
1745274000,2025.04.21 22:20:00,3428.68,3428.68,3426.36,3427.62,390,20,0
1745274300,2025.04.21 22:25:00,3427.64,3427.67,3421.99,3422.09,408,20,0
1745274600,2025.04.21 22:30:00,3422.09,3424.22,3420.60,3421.41,445,20,0
1745274900,2025.04.21 22:35:00,3421.36,3422.66,3420.95,3421.03,423,20,0
1745275200,2025.04.21 22:40:00,3421.00,3421.77,3418.34,3418.35,381,20,0
1745275500,2025.04.21 22:45:00,3418.35,3421.10,3417.45,3421.01,406,20,0
1745275800,2025.04.21 22:50:00,3421.06,3421.84,3419.99,3420.09,404,20,0
1745276100,2025.04.21 22:55:00,3420.10,3423.89,3419.18,3423.35,404,20,0
1745276400,2025.04.21 23:00:00,3423.35,3424.28,3420.60,3420.87,263,20,0
1745276700,2025.04.21 23:05:00,3420.88,3421.67,3419.74,3420.08,176,20,0
1745277000,2025.04.21 23:10:00,3420.19,3421.35,3419.70,3421.01,194,20,0
1745277300,2025.04.21 23:15:00,3421.61,3421.94,3420.92,3421.74,171,20,0
1745277600,2025.04.21 23:20:00,3421.77,3423.57,3421.37,3423.55,228,20,0
1745277900,2025.04.21 23:25:00,3423.55,3423.61,3422.31,3422.31,194,20,0
1745278200,2025.04.21 23:30:00,3422.28,3422.95,3422.01,3422.37,113,20,0
1745278500,2025.04.21 23:35:00,3422.37,3423.84,3421.53,3423.64,157,20,0
1745278800,2025.04.21 23:40:00,3423.70,3425.37,3423.56,3424.35,205,20,0
1745279100,2025.04.21 23:45:00,3424.32,3425.24,3423.83,3425.04,181,20,0
1745279400,2025.04.21 23:50:00,3425.04,3427.15,3424.96,3426.24,182,20,0
1745279700,2025.04.21 23:55:00,3426.24,3426.24,3424.16,3424.69,136,20,0
1745283600,2025.04.22 01:00:00,3423.87,3428.21,3423.82,3427.89,193,20,0
1745283900,2025.04.22 01:05:00,3427.89,3430.62,3427.83,3429.09,234,20,0
1745284200,2025.04.22 01:10:00,3429.09,3433.46,3428.74,3432.09,297,20,0
1745284500,2025.04.22 01:15:00,3432.46,3433.32,3430.80,3433.19,252,20,0
1745284800,2025.04.22 01:20:00,3433.34,3435.66,3430.92,3434.19,329,20,0
1745285100,2025.04.22 01:25:00,3434.19,3435.95,3433.60,3433.62,213,20,0
1745285400,2025.04.22 01:30:00,3433.61,3433.61,3430.42,3430.43,230,20,0
1745285700,2025.04.22 01:35:00,3430.51,3431.48,3429.17,3429.91,193,20,0
1745286000,2025.04.22 01:40:00,3429.91,3430.46,3428.83,3430.24,126,20,0
1745286300,2025.04.22 01:45:00,3430.29,3433.57,3430.29,3432.62,306,20,0
1745286600,2025.04.22 01:50:00,3432.62,3433.62,3432.06,3432.19,225,20,0
1745286900,2025.04.22 01:55:00,3432.17,3432.22,3428.16,3431.02,235,20,0
1745287200,2025.04.22 02:00:00,3431.08,3432.43,3430.70,3431.21,178,20,0
1745287500,2025.04.22 02:05:00,3431.21,3431.67,3429.36,3430.57,237,20,0
1745287800,2025.04.22 02:10:00,3430.57,3434.55,3430.27,3433.76,273,20,0
1745288100,2025.04.22 02:15:00,3433.77,3441.48,3433.77,3440.86,401,20,0
1745288400,2025.04.22 02:20:00,3440.86,3441.63,3436.93,3437.37,345,20,0
1745288700,2025.04.22 02:25:00,3437.38,3441.45,3437.20,3441.45,310,20,0
1745289000,2025.04.22 02:30:00,3441.47,3442.65,3439.99,3440.37,312,20,0
1745289300,2025.04.22 02:35:00,3440.36,3444.31,3440.35,3441.36,333,20,0
1745289600,2025.04.22 02:40:00,3441.36,3443.18,3439.85,3441.75,263,20,0
1745289900,2025.04.22 02:45:00,3441.81,3441.81,3435.03,3436.29,404,20,0
1745290200,2025.04.22 02:50:00,3436.25,3436.85,3431.78,3436.11,432,20,0
1745290500,2025.04.22 02:55:00,3436.18,3437.42,3433.95,3434.58,397,20,0
1745290800,2025.04.22 03:00:00,3434.60,3435.34,3412.79,3418.39,546,20,0
1745291100,2025.04.22 03:05:00,3418.84,3421.92,3416.20,3418.75,512,20,0
1745291400,2025.04.22 03:10:00,3418.74,3420.76,3415.42,3417.38,464,20,0
1745291700,2025.04.22 03:15:00,3416.04,3426.50,3415.55,3424.74,463,20,0
1745292000,2025.04.22 03:20:00,3424.71,3431.71,3424.45,3431.13,508,20,0
1745292300,2025.04.22 03:25:00,3431.20,3431.26,3427.17,3427.72,474,20,0
1745292600,2025.04.22 03:30:00,3427.74,3429.76,3422.09,3422.14,411,20,0
1745292900,2025.04.22 03:35:00,3422.12,3424.06,3418.51,3421.29,407,20,0
1745293200,2025.04.22 03:40:00,3421.42,3426.57,3420.11,3424.65,417,20,0
1745293500,2025.04.22 03:45:00,3424.76,3427.17,3422.98,3427.17,324,20,0
1745293800,2025.04.22 03:50:00,3427.09,3427.13,3422.99,3424.98,381,20,0
1745294100,2025.04.22 03:55:00,3424.98,3426.51,3421.98,3425.53,381,20,0
1745294400,2025.04.22 04:00:00,3425.49,3431.55,3421.82,3430.18,556,20,0
1745294700,2025.04.22 04:05:00,3430.14,3434.17,3430.11,3432.05,496,20,0
1745295000,2025.04.22 04:10:00,3432.20,3434.33,3429.15,3433.87,481,20,0
1745295300,2025.04.22 04:15:00,3433.87,3436.44,3432.28,3435.92,469,20,0
1745295600,2025.04.22 04:20:00,3435.89,3441.32,3435.78,3440.12,519,20,0
1745295900,2025.04.22 04:25:00,3440.11,3440.44,3437.69,3439.80,450,20,0
1745296200,2025.04.22 04:30:00,3439.81,3444.46,3437.62,3444.26,509,20,0
1745296500,2025.04.22 04:35:00,3444.48,3453.00,3443.32,3450.47,551,20,0
1745296800,2025.04.22 04:40:00,3450.46,3451.02,3447.14,3450.67,506,20,0
1745297100,2025.04.22 04:45:00,3450.50,3454.95,3449.20,3451.96,542,20,0
1745297400,2025.04.22 04:50:00,3451.91,3454.09,3448.35,3453.51,497,20,0
1745297700,2025.04.22 04:55:00,3453.53,3454.51,3449.56,3452.98,426,20,0
1745298000,2025.04.22 05:00:00,3452.90,3453.46,3444.53,3447.19,524,20,0
1745298300,2025.04.22 05:05:00,3446.90,3448.69,3443.26,3444.39,530,20,0
1745298600,2025.04.22 05:10:00,3444.42,3450.28,3442.44,3449.84,487,20,0
1745298900,2025.04.22 05:15:00,3449.78,3452.90,3449.66,3451.68,369,20,0
1745299200,2025.04.22 05:20:00,3451.64,3457.79,3451.53,3454.12,449,20,0
1745299500,2025.04.22 05:25:00,3453.97,3456.06,3452.84,3456.06,363,20,0
1745299800,2025.04.22 05:30:00,3455.99,3462.40,3453.44,3461.13,505,20,0
1745300100,2025.04.22 05:35:00,3460.63,3463.19,3459.12,3462.93,457,20,0
1745300400,2025.04.22 05:40:00,3462.93,3468.84,3462.92,3468.22,521,20,0
1745300700,2025.04.22 05:45:00,3468.22,3473.23,3467.54,3469.70,533,20,0
1745301000,2025.04.22 05:50:00,3469.70,3471.36,3466.33,3471.01,472,20,0
1745301300,2025.04.22 05:55:00,3471.07,3475.92,3471.03,3473.20,497,20,0
1745301600,2025.04.22 06:00:00,3473.20,3477.71,3472.09,3473.36,511,20,0
1745301900,2025.04.22 06:05:00,3473.35,3476.65,3472.58,3473.30,411,20,0
1745302200,2025.04.22 06:10:00,3473.58,3476.73,3472.47,3476.35,404,20,0
1745302500,2025.04.22 06:15:00,3476.35,3485.21,3476.34,3484.82,522,20,0
1745302800,2025.04.22 06:20:00,3484.73,3486.11,3481.11,3486.11,516,20,0
1745303100,2025.04.22 06:25:00,3486.62,3489.08,3484.14,3488.58,499,20,0
1745303400,2025.04.22 06:30:00,3488.64,3491.43,3484.73,3486.11,410,20,0
1745303700,2025.04.22 06:35:00,3486.09,3488.04,3483.67,3486.59,368,20,0
1745304000,2025.04.22 06:40:00,3486.59,3494.80,3486.59,3490.48,494,20,0
1745304300,2025.04.22 06:45:00,3490.43,3491.16,3487.36,3490.49,387,20,0
1745304600,2025.04.22 06:50:00,3490.49,3491.82,3488.00,3489.24,318,20,0
1745304900,2025.04.22 06:55:00,3489.22,3489.46,3486.95,3487.88,279,20,0
1745305200,2025.04.22 07:00:00,3487.86,3488.53,3481.97,3484.24,399,20,0
1745305500,2025.04.22 07:05:00,3484.29,3486.48,3482.42,3483.71,430,20,0
1745305800,2025.04.22 07:10:00,3483.66,3485.80,3479.56,3481.66,437,20,0
1745306100,2025.04.22 07:15:00,3481.66,3485.64,3481.23,3485.63,334,20,0
1745306400,2025.04.22 07:20:00,3485.67,3485.81,3480.96,3482.10,291,20,0
1745306700,2025.04.22 07:25:00,3482.10,3483.66,3480.15,3483.39,320,20,0
1745307000,2025.04.22 07:30:00,3483.30,3484.05,3481.63,3483.28,272,20,0
1745307300,2025.04.22 07:35:00,3483.18,3484.40,3481.40,3483.73,273,20,0
1745307600,2025.04.22 07:40:00,3483.81,3484.10,3480.35,3481.69,328,20,0
1745307900,2025.04.22 07:45:00,3481.68,3482.50,3480.84,3481.43,175,20,0
1745308200,2025.04.22 07:50:00,3481.42,3482.38,3479.70,3482.38,304,20,0
1745308500,2025.04.22 07:55:00,3482.33,3487.17,3482.20,3484.40,337,20,0
1745308800,2025.04.22 08:00:00,3484.48,3486.90,3483.46,3484.33,374,20,0
1745309100,2025.04.22 08:05:00,3484.36,3484.83,3479.99,3480.22,406,20,0
1745309400,2025.04.22 08:10:00,3480.22,3480.83,3477.57,3479.51,354,20,0
1745309700,2025.04.22 08:15:00,3479.51,3479.90,3477.28,3479.22,306,20,0
1745310000,2025.04.22 08:20:00,3479.17,3480.83,3477.89,3478.27,344,20,0
1745310300,2025.04.22 08:25:00,3478.28,3482.19,3478.15,3480.76,376,20,0
1745310600,2025.04.22 08:30:00,3480.56,3481.64,3473.58,3479.48,550,20,0
1745310900,2025.04.22 08:35:00,3479.46,3482.74,3477.88,3482.31,479,20,0
1745311200,2025.04.22 08:40:00,3482.30,3488.19,3481.47,3487.72,471,20,0
1745311500,2025.04.22 08:45:00,3487.72,3490.48,3487.71,3489.35,462,20,0
1745311800,2025.04.22 08:50:00,3489.54,3493.29,3488.31,3492.67,451,20,0
1745312100,2025.04.22 08:55:00,3492.80,3495.52,3488.62,3494.24,538,20,0
1745312400,2025.04.22 09:00:00,3494.37,3494.61,3489.26,3489.26,530,20,0
1745312700,2025.04.22 09:05:00,3490.08,3494.74,3489.32,3492.54,505,20,0
1745313000,2025.04.22 09:10:00,3492.54,3498.40,3491.95,3497.46,474,20,0
1745313300,2025.04.22 09:15:00,3497.44,3499.93,3494.18,3495.59,531,20,0
1745313600,2025.04.22 09:20:00,3495.57,3495.72,3484.80,3485.67,550,20,0
1745313900,2025.04.22 09:25:00,3485.64,3489.01,3482.52,3488.51,560,20,0
1745314200,2025.04.22 09:30:00,3488.51,3488.51,3477.28,3479.52,563,20,0
1745314500,2025.04.22 09:35:00,3479.60,3483.24,3477.10,3480.18,551,20,0
1745314800,2025.04.22 09:40:00,3480.15,3485.82,3479.35,3485.71,544,20,0
1745315100,2025.04.22 09:45:00,3485.72,3490.87,3483.63,3484.08,544,20,0
1745315400,2025.04.22 09:50:00,3484.13,3485.32,3475.16,3479.51,567,20,0
1745315700,2025.04.22 09:55:00,3479.28,3482.56,3477.10,3479.45,532,20,0
1745316000,2025.04.22 10:00:00,3479.73,3480.61,3475.39,3476.28,518,20,0
1745316300,2025.04.22 10:05:00,3476.50,3476.55,3470.11,3474.24,539,20,0
1745316600,2025.04.22 10:10:00,3474.22,3474.62,3460.96,3461.91,546,20,0
1745316900,2025.04.22 10:15:00,3462.04,3470.25,3461.21,3467.85,538,20,0
1745317200,2025.04.22 10:20:00,3468.05,3470.50,3467.03,3468.58,474,20,0
1745317500,2025.04.22 10:25:00,3468.76,3471.39,3465.33,3465.39,459,20,0
1745317800,2025.04.22 10:30:00,3465.34,3473.15,3465.02,3473.15,516,20,0
1745318100,2025.04.22 10:35:00,3473.14,3477.36,3472.87,3476.73,482,20,0
1745318400,2025.04.22 10:40:00,3477.03,3479.91,3472.98,3473.72,471,20,0
1745318700,2025.04.22 10:45:00,3473.76,3473.97,3469.52,3470.59,448,20,0
1745319000,2025.04.22 10:50:00,3470.59,3473.84,3469.34,3470.34,481,20,0
1745319300,2025.04.22 10:55:00,3470.46,3470.46,3467.98,3468.52,434,20,0
1745319600,2025.04.22 11:00:00,3468.55,3472.62,3467.95,3471.92,452,20,0
1745319900,2025.04.22 11:05:00,3471.92,3472.07,3465.84,3468.18,433,20,0
1745320200,2025.04.22 11:10:00,3468.16,3469.41,3467.25,3469.15,367,20,0
1745320500,2025.04.22 11:15:00,3469.14,3469.26,3466.88,3466.89,320,20,0
1745320800,2025.04.22 11:20:00,3466.88,3467.76,3463.13,3463.60,417,20,0
1745321100,2025.04.22 11:25:00,3463.60,3466.55,3463.56,3464.44,413,20,0
1745321400,2025.04.22 11:30:00,3464.27,3464.57,3461.95,3464.03,429,20,0
1745321700,2025.04.22 11:35:00,3464.12,3464.12,3452.29,3456.95,543,20,0
1745322000,2025.04.22 11:40:00,3456.77,3458.58,3451.02,3451.19,475,20,0
1745322300,2025.04.22 11:45:00,3451.19,3452.66,3448.68,3452.55,504,20,0
1745322600,2025.04.22 11:50:00,3452.47,3454.25,3446.18,3446.34,524,20,0
1745322900,2025.04.22 11:55:00,3446.83,3447.43,3443.09,3444.65,527,20,0
1745323200,2025.04.22 12:00:00,3443.90,3452.89,3443.90,3447.77,513,20,0
1745323500,2025.04.22 12:05:00,3447.80,3455.89,3446.77,3452.82,515,20,0
1745323800,2025.04.22 12:10:00,3452.80,3456.95,3452.48,3454.42,429,20,0
1745324100,2025.04.22 12:15:00,3454.42,3458.38,3453.80,3455.35,447,20,0
1745324400,2025.04.22 12:20:00,3455.35,3457.38,3454.69,3457.37,352,20,0
1745324700,2025.04.22 12:25:00,3457.37,3458.75,3455.14,3456.42,355,20,0
1745325000,2025.04.22 12:30:00,3456.43,3457.20,3453.09,3453.49,412,20,0
1745325300,2025.04.22 12:35:00,3453.50,3455.17,3451.49,3455.16,446,20,0
1745325600,2025.04.22 12:40:00,3455.17,3457.51,3455.04,3456.65,397,20,0
1745325900,2025.04.22 12:45:00,3456.66,3457.60,3455.32,3455.88,363,20,0
1745326200,2025.04.22 12:50:00,3455.75,3456.43,3451.04,3451.83,429,20,0
1745326500,2025.04.22 12:55:00,3452.03,3455.34,3451.74,3454.58,480,20,0
1745326800,2025.04.22 13:00:00,3454.58,3462.74,3454.57,3462.45,470,20,0
1745327100,2025.04.22 13:05:00,3462.42,3468.16,3462.37,3465.08,477,20,0
1745327400,2025.04.22 13:10:00,3464.90,3466.95,3463.59,3465.86,404,20,0
1745327700,2025.04.22 13:15:00,3465.56,3465.56,3460.09,3461.11,409,20,0
1745328000,2025.04.22 13:20:00,3461.12,3461.40,3456.05,3457.50,468,20,0
1745328300,2025.04.22 13:25:00,3457.50,3458.91,3455.70,3457.82,416,20,0
1745328600,2025.04.22 13:30:00,3457.86,3461.18,3454.51,3460.18,422,20,0
1745328900,2025.04.22 13:35:00,3460.29,3463.23,3457.64,3458.10,420,20,0
1745329200,2025.04.22 13:40:00,3458.02,3458.42,3455.72,3458.12,373,20,0
1745329500,2025.04.22 13:45:00,3458.13,3458.18,3451.65,3453.05,407,20,0
1745329800,2025.04.22 13:50:00,3453.12,3457.56,3451.48,3455.35,417,20,0
1745330100,2025.04.22 13:55:00,3455.35,3456.36,3452.34,3452.39,351,20,0
1745330400,2025.04.22 14:00:00,3452.39,3453.24,3448.28,3450.76,440,20,0
1745330700,2025.04.22 14:05:00,3450.78,3455.12,3448.99,3454.14,425,20,0
1745331000,2025.04.22 14:10:00,3454.14,3457.19,3453.80,3456.04,319,20,0
1745331300,2025.04.22 14:15:00,3456.04,3458.83,3455.77,3456.81,319,20,0
1745331600,2025.04.22 14:20:00,3456.81,3456.91,3450.63,3452.73,391,20,0
1745331900,2025.04.22 14:25:00,3452.55,3453.90,3450.35,3452.90,322,20,0
1745332200,2025.04.22 14:30:00,3452.90,3453.72,3449.32,3450.72,410,20,0
1745332500,2025.04.22 14:35:00,3450.83,3453.02,3448.14,3452.71,440,20,0
1745332800,2025.04.22 14:40:00,3452.73,3454.52,3451.72,3453.18,333,20,0
1745333100,2025.04.22 14:45:00,3453.13,3457.33,3452.85,3455.88,359,20,0
1745333400,2025.04.22 14:50:00,3455.86,3461.18,3455.75,3458.74,387,20,0
1745333700,2025.04.22 14:55:00,3458.74,3459.90,3456.79,3456.79,397,20,0
1745334000,2025.04.22 15:00:00,3456.79,3459.93,3453.42,3457.88,503,20,0
1745334300,2025.04.22 15:05:00,3458.09,3458.73,3452.73,3455.26,439,20,0
1745334600,2025.04.22 15:10:00,3455.26,3457.60,3454.14,3456.11,411,20,0
1745334900,2025.04.22 15:15:00,3456.10,3462.50,3456.10,3460.78,461,20,0
1745335200,2025.04.22 15:20:00,3460.84,3464.79,3451.74,3453.21,536,20,0
1745335500,2025.04.22 15:25:00,3453.28,3456.32,3451.29,3454.49,490,20,0
1745335800,2025.04.22 15:30:00,3454.48,3455.06,3451.92,3452.06,466,20,0
1745336100,2025.04.22 15:35:00,3451.81,3454.34,3447.50,3448.36,502,20,0
1745336400,2025.04.22 15:40:00,3448.28,3448.99,3441.69,3445.56,560,20,0
1745336700,2025.04.22 15:45:00,3445.52,3445.76,3434.94,3435.62,551,20,0
1745337000,2025.04.22 15:50:00,3435.64,3436.61,3424.71,3429.67,569,20,0
1745337300,2025.04.22 15:55:00,3429.79,3433.10,3424.38,3431.38,539,20,0
1745337600,2025.04.22 16:00:00,3431.53,3436.21,3425.17,3425.18,564,20,0
1745337900,2025.04.22 16:05:00,3425.13,3438.57,3420.69,3436.90,581,20,0
1745338200,2025.04.22 16:10:00,3436.99,3444.46,3436.23,3443.37,576,20,0
1745338500,2025.04.22 16:15:00,3443.33,3443.55,3436.62,3436.62,549,20,0
1745338800,2025.04.22 16:20:00,3436.44,3446.22,3435.52,3445.51,563,20,0
1745339100,2025.04.22 16:25:00,3445.48,3449.63,3443.77,3443.77,540,20,0
1745339400,2025.04.22 16:30:00,3443.78,3445.21,3434.05,3434.32,573,20,0
1745339700,2025.04.22 16:35:00,3434.22,3436.37,3424.57,3424.95,571,20,0
1745340000,2025.04.22 16:40:00,3424.88,3426.98,3411.25,3411.64,585,20,0
1745340300,2025.04.22 16:45:00,3412.06,3427.32,3408.84,3421.76,579,20,0
1745340600,2025.04.22 16:50:00,3421.77,3430.71,3421.77,3425.98,566,20,0
1745340900,2025.04.22 16:55:00,3425.98,3427.94,3418.27,3418.90,546,20,0
1745341200,2025.04.22 17:00:00,3418.83,3433.40,3418.17,3430.63,551,20,0
1745341500,2025.04.22 17:05:00,3430.76,3435.14,3425.89,3426.07,541,20,0
1745341800,2025.04.22 17:10:00,3425.92,3432.51,3424.74,3430.67,526,20,0
1745342100,2025.04.22 17:15:00,3430.69,3433.70,3424.54,3424.54,503,20,0
1745342400,2025.04.22 17:20:00,3424.65,3428.99,3423.41,3428.10,513,20,0
1745342700,2025.04.22 17:25:00,3427.98,3433.12,3427.32,3432.10,504,20,0
1745343000,2025.04.22 17:30:00,3432.16,3438.52,3431.79,3437.50,541,20,0
1745343300,2025.04.22 17:35:00,3437.44,3438.92,3433.31,3434.53,547,20,0
1745343600,2025.04.22 17:40:00,3434.57,3436.10,3431.46,3431.46,490,20,0
1745343900,2025.04.22 17:45:00,3431.46,3431.46,3425.16,3428.37,532,20,0
1745344200,2025.04.22 17:50:00,3428.43,3429.79,3425.30,3425.63,484,20,0
1745344500,2025.04.22 17:55:00,3425.63,3430.06,3424.62,3429.98,433,20,0
1745344800,2025.04.22 18:00:00,3429.98,3433.16,3428.04,3428.72,489,20,0
1745345100,2025.04.22 18:05:00,3428.78,3429.70,3419.29,3420.72,521,20,0
1745345400,2025.04.22 18:10:00,3420.70,3426.28,3420.70,3426.13,519,20,0
1745345700,2025.04.22 18:15:00,3426.13,3427.54,3423.74,3423.82,461,20,0
1745346000,2025.04.22 18:20:00,3423.82,3426.99,3420.29,3421.78,500,20,0
1745346300,2025.04.22 18:25:00,3421.79,3422.01,3412.15,3413.64,524,20,0
1745346600,2025.04.22 18:30:00,3412.72,3420.24,3410.35,3420.09,544,20,0
1745346900,2025.04.22 18:35:00,3420.07,3425.48,3417.98,3425.48,497,20,0
1745347200,2025.04.22 18:40:00,3425.52,3429.53,3424.74,3429.11,504,20,0
1745347500,2025.04.22 18:45:00,3429.12,3429.31,3422.20,3422.42,467,20,0
1745347800,2025.04.22 18:50:00,3422.24,3425.69,3422.03,3425.69,445,20,0
1745348100,2025.04.22 18:55:00,3425.65,3429.98,3414.81,3417.57,486,20,0
1745348400,2025.04.22 19:00:00,3417.48,3421.08,3405.14,3416.52,582,20,0
1745348700,2025.04.22 19:05:00,3416.07,3419.49,3410.91,3418.51,557,20,0
1745349000,2025.04.22 19:10:00,3418.50,3418.50,3412.45,3414.09,530,20,0
1745349300,2025.04.22 19:15:00,3413.99,3414.32,3399.37,3400.21,558,20,0
1745349600,2025.04.22 19:20:00,3400.61,3401.07,3391.71,3397.62,569,20,0
1745349900,2025.04.22 19:25:00,3397.66,3398.70,3385.14,3386.45,588,20,0
1745350200,2025.04.22 19:30:00,3386.43,3391.00,3379.40,3391.00,577,20,0
1745350500,2025.04.22 19:35:00,3390.24,3392.38,3372.86,3377.28,571,20,0
1745350800,2025.04.22 19:40:00,3377.02,3384.07,3372.17,3384.03,577,20,0
1745351100,2025.04.22 19:45:00,3383.86,3388.25,3381.64,3385.90,565,20,0
1745351400,2025.04.22 19:50:00,3385.89,3386.31,3382.80,3384.10,536,20,0
1745351700,2025.04.22 19:55:00,3384.08,3394.39,3383.96,3392.97,515,20,0
1745352000,2025.04.22 20:00:00,3392.95,3395.04,3386.14,3391.24,503,20,0
1745352300,2025.04.22 20:05:00,3390.96,3393.08,3386.92,3391.17,516,20,0
1745352600,2025.04.22 20:10:00,3391.58,3398.31,3389.37,3396.36,535,20,0
1745352900,2025.04.22 20:15:00,3396.66,3403.07,3395.91,3401.66,574,20,0
1745353200,2025.04.22 20:20:00,3401.51,3407.15,3401.07,3403.11,556,20,0
1745353500,2025.04.22 20:25:00,3403.24,3410.25,3403.15,3407.52,567,20,0
1745353800,2025.04.22 20:30:00,3407.51,3407.85,3401.53,3402.41,490,20,0
1745354100,2025.04.22 20:35:00,3402.43,3402.95,3398.45,3398.56,449,20,0
1745354400,2025.04.22 20:40:00,3398.57,3400.76,3396.01,3396.19,494,20,0
1745354700,2025.04.22 20:45:00,3396.33,3399.13,3395.74,3398.90,444,20,0
1745355000,2025.04.22 20:50:00,3398.85,3404.74,3398.55,3403.60,446,20,0
1745355300,2025.04.22 20:55:00,3404.33,3404.33,3401.39,3401.88,376,20,0
1745355600,2025.04.22 21:00:00,3401.82,3402.39,3397.20,3398.73,421,20,0
1745355900,2025.04.22 21:05:00,3398.96,3400.38,3392.86,3394.27,471,20,0
1745356200,2025.04.22 21:10:00,3394.20,3398.61,3394.19,3397.46,387,20,0
1745356500,2025.04.22 21:15:00,3397.46,3397.76,3393.17,3393.17,379,20,0
1745356800,2025.04.22 21:20:00,3393.07,3393.56,3388.93,3390.16,443,20,0
1745357100,2025.04.22 21:25:00,3390.16,3390.16,3386.08,3388.44,432,20,0
1745357400,2025.04.22 21:30:00,3388.66,3390.94,3387.45,3390.54,346,20,0
1745357700,2025.04.22 21:35:00,3390.52,3391.66,3386.07,3386.07,326,20,0
1745358000,2025.04.22 21:40:00,3386.28,3386.45,3381.06,3382.38,431,20,0
1745358300,2025.04.22 21:45:00,3382.37,3382.37,3378.02,3378.69,439,20,0
1745358600,2025.04.22 21:50:00,3378.65,3380.05,3373.82,3374.05,479,20,0
1745358900,2025.04.22 21:55:00,3374.03,3382.16,3373.18,3380.88,427,20,0
1745359200,2025.04.22 22:00:00,3381.47,3385.84,3381.14,3384.69,436,20,0
1745359500,2025.04.22 22:05:00,3384.80,3385.59,3381.91,3382.66,329,20,0
1745359800,2025.04.22 22:10:00,3382.66,3383.23,3380.85,3381.62,371,20,0
1745360100,2025.04.22 22:15:00,3381.62,3384.23,3378.26,3379.47,455,20,0
1745360400,2025.04.22 22:20:00,3379.47,3381.69,3378.74,3380.01,380,20,0
1745360700,2025.04.22 22:25:00,3379.71,3380.86,3375.41,3375.41,432,20,0
1745361000,2025.04.22 22:30:00,3375.42,3375.42,3368.07,3369.07,501,20,0
1745361300,2025.04.22 22:35:00,3368.63,3375.41,3366.74,3372.14,498,20,0
1745361600,2025.04.22 22:40:00,3372.52,3377.14,3372.52,3374.70,440,20,0
1745361900,2025.04.22 22:45:00,3374.81,3375.60,3370.68,3370.93,402,20,0
1745362200,2025.04.22 22:50:00,3370.72,3376.01,3369.75,3375.97,428,20,0
1745362500,2025.04.22 22:55:00,3375.98,3377.79,3374.29,3374.43,440,20,0
1745362800,2025.04.22 23:00:00,3374.49,3379.93,3373.23,3378.56,368,20,0
1745363100,2025.04.22 23:05:00,3378.56,3381.73,3377.14,3379.39,292,20,0
1745363400,2025.04.22 23:10:00,3379.36,3382.42,3377.88,3382.17,239,20,0
1745363700,2025.04.22 23:15:00,3382.18,3382.56,3380.71,3382.26,264,20,0
1745364000,2025.04.22 23:20:00,3382.24,3382.24,3379.65,3381.22,202,20,0
1745364300,2025.04.22 23:25:00,3381.37,3382.75,3380.86,3381.35,205,20,0
1745364600,2025.04.22 23:30:00,3381.43,3381.89,3379.76,3380.27,208,20,0
1745364900,2025.04.22 23:35:00,3380.26,3380.66,3378.05,3380.33,225,20,0
1745365200,2025.04.22 23:40:00,3380.30,3380.32,3376.99,3379.63,254,20,0
1745365500,2025.04.22 23:45:00,3379.84,3380.57,3378.12,3380.29,240,20,0
1745365800,2025.04.22 23:50:00,3380.20,3382.56,3377.24,3381.93,271,20,0
1745366100,2025.04.22 23:55:00,3381.94,3382.17,3380.84,3381.10,110,20,0
1745370000,2025.04.23 01:00:00,3320.14,3344.39,3320.14,3325.16,428,20,0
1745370300,2025.04.23 01:05:00,3327.93,3338.80,3317.26,3332.80,519,20,0
1745370600,2025.04.23 01:10:00,3332.65,3347.01,3332.65,3335.36,461,20,0
1745370900,2025.04.23 01:15:00,3335.45,3336.39,3325.49,3328.91,483,20,0
1745371200,2025.04.23 01:20:00,3328.95,3333.72,3326.29,3330.67,353,20,0
1745371500,2025.04.23 01:25:00,3330.69,3333.95,3319.05,3319.39,422,20,0
1745371800,2025.04.23 01:30:00,3319.40,3327.84,3315.64,3326.32,515,20,0
1745372100,2025.04.23 01:35:00,3326.51,3332.22,3322.62,3329.07,474,20,0
1745372400,2025.04.23 01:40:00,3329.31,3333.47,3327.70,3332.33,382,20,0
1745372700,2025.04.23 01:45:00,3332.28,3334.14,3328.52,3331.61,404,20,0
1745373000,2025.04.23 01:50:00,3331.61,3331.64,3323.39,3326.28,433,20,0
1745373300,2025.04.23 01:55:00,3326.30,3328.88,3325.47,3327.81,298,20,0
1745373600,2025.04.23 02:00:00,3327.68,3335.18,3327.05,3335.11,373,20,0
1745373900,2025.04.23 02:05:00,3335.22,3340.13,3334.23,3340.08,366,20,0
1745374200,2025.04.23 02:10:00,3340.06,3341.30,3336.30,3340.91,326,20,0
1745374500,2025.04.23 02:15:00,3341.11,3350.03,3341.07,3346.08,392,20,0
1745374800,2025.04.23 02:20:00,3346.02,3349.59,3341.72,3341.72,368,20,0
1745375100,2025.04.23 02:25:00,3341.74,3344.67,3338.02,3339.70,339,20,0
1745375400,2025.04.23 02:30:00,3339.69,3341.60,3335.55,3336.29,320,20,0
1745375700,2025.04.23 02:35:00,3336.30,3337.96,3332.78,3336.02,305,20,0
1745376000,2025.04.23 02:40:00,3336.02,3341.24,3335.08,3338.34,340,20,0
1745376300,2025.04.23 02:45:00,3338.64,3341.06,3337.21,3339.25,382,20,0
1745376600,2025.04.23 02:50:00,3339.13,3340.72,3337.76,3338.07,366,20,0
1745376900,2025.04.23 02:55:00,3337.58,3337.61,3332.05,3336.70,426,20,0
1745377200,2025.04.23 03:00:00,3336.73,3340.18,3334.67,3338.51,464,20,0
1745377500,2025.04.23 03:05:00,3338.30,3340.16,3337.16,3340.03,386,20,0
1745377800,2025.04.23 03:10:00,3339.95,3342.29,3339.88,3342.29,365,20,0
1745378100,2025.04.23 03:15:00,3342.94,3344.11,3341.21,3342.82,413,20,0
1745378400,2025.04.23 03:20:00,3342.82,3342.85,3338.64,3342.64,361,20,0
1745378700,2025.04.23 03:25:00,3342.64,3352.59,3342.07,3351.22,432,20,0
1745379000,2025.04.23 03:30:00,3350.97,3357.70,3350.75,3352.03,460,20,0
1745379300,2025.04.23 03:35:00,3352.18,3357.74,3352.11,3355.14,408,20,0
1745379600,2025.04.23 03:40:00,3355.26,3358.07,3353.78,3356.72,340,20,0
1745379900,2025.04.23 03:45:00,3357.15,3362.07,3356.20,3360.79,439,20,0
1745380200,2025.04.23 03:50:00,3360.84,3369.70,3360.84,3369.51,508,20,0
1745380500,2025.04.23 03:55:00,3369.59,3370.93,3365.43,3367.90,463,20,0
1745380800,2025.04.23 04:00:00,3367.95,3380.73,3365.07,3365.07,598,20,0
1745381100,2025.04.23 04:05:00,3365.12,3370.78,3360.58,3368.07,573,20,0
1745381400,2025.04.23 04:10:00,3368.02,3374.85,3367.00,3371.54,548,20,0
1745381700,2025.04.23 04:15:00,3371.37,3377.31,3371.37,3373.54,541,20,0
1745382000,2025.04.23 04:20:00,3373.61,3376.42,3369.87,3371.13,515,20,0
1745382300,2025.04.23 04:25:00,3371.11,3372.71,3366.53,3368.35,533,20,0
1745382600,2025.04.23 04:30:00,3368.35,3370.73,3358.92,3362.28,554,20,0
1745382900,2025.04.23 04:35:00,3362.34,3374.22,3361.53,3373.46,541,20,0
1745383200,2025.04.23 04:40:00,3373.32,3386.42,3373.14,3385.95,544,20,0
1745383500,2025.04.23 04:45:00,3385.59,3386.62,3378.40,3381.03,524,20,0
1745383800,2025.04.23 04:50:00,3381.03,3386.14,3380.75,3384.35,513,20,0
1745384100,2025.04.23 04:55:00,3384.38,3385.29,3377.75,3379.09,488,20,0
1745384400,2025.04.23 05:00:00,3379.09,3379.35,3375.09,3379.27,424,20,0
1745384700,2025.04.23 05:05:00,3379.24,3379.95,3372.92,3373.22,474,20,0
1745385000,2025.04.23 05:10:00,3373.17,3376.07,3371.15,3372.16,469,20,0
1745385300,2025.04.23 05:15:00,3372.16,3373.46,3371.35,3372.47,324,20,0
1745385600,2025.04.23 05:20:00,3372.47,3372.79,3368.61,3372.66,330,20,0
1745385900,2025.04.23 05:25:00,3372.78,3373.06,3371.28,3372.57,254,20,0
1745386200,2025.04.23 05:30:00,3372.81,3375.11,3370.31,3372.23,450,20,0
1745386500,2025.04.23 05:35:00,3372.25,3372.35,3362.31,3363.05,530,20,0
1745386800,2025.04.23 05:40:00,3363.07,3366.04,3358.06,3362.53,534,20,0
1745387100,2025.04.23 05:45:00,3362.53,3363.74,3357.83,3359.09,554,20,0
1745387400,2025.04.23 05:50:00,3359.17,3362.25,3356.72,3358.44,552,20,0
1745387700,2025.04.23 05:55:00,3358.19,3361.22,3348.68,3354.42,561,20,0
1745388000,2025.04.23 06:00:00,3354.16,3355.68,3344.62,3344.99,550,20,0
1745388300,2025.04.23 06:05:00,3345.17,3347.56,3342.23,3344.10,553,20,0
1745388600,2025.04.23 06:10:00,3343.71,3345.32,3329.27,3336.63,572,20,0
1745388900,2025.04.23 06:15:00,3336.46,3339.93,3331.01,3338.82,558,20,0
1745389200,2025.04.23 06:20:00,3338.95,3341.14,3333.79,3338.93,521,20,0
1745389500,2025.04.23 06:25:00,3338.93,3341.02,3333.25,3335.10,508,20,0
1745389800,2025.04.23 06:30:00,3335.10,3339.61,3335.10,3338.62,388,20,0
1745390100,2025.04.23 06:35:00,3338.62,3342.40,3337.78,3341.75,393,20,0
1745390400,2025.04.23 06:40:00,3341.75,3344.76,3338.71,3344.76,335,20,0
1745390700,2025.04.23 06:45:00,3344.74,3346.93,3341.88,3342.20,423,20,0
1745391000,2025.04.23 06:50:00,3342.20,3342.40,3335.87,3340.15,414,20,0
1745391300,2025.04.23 06:55:00,3340.31,3340.33,3337.75,3338.93,274,20,0
1745391600,2025.04.23 07:00:00,3338.93,3341.49,3337.52,3339.57,287,20,0
1745391900,2025.04.23 07:05:00,3339.57,3343.24,3339.50,3341.76,247,20,0
1745392200,2025.04.23 07:10:00,3341.76,3342.46,3339.94,3340.20,212,20,0
1745392500,2025.04.23 07:15:00,3340.20,3343.06,3337.38,3338.66,296,20,0
1745392800,2025.04.23 07:20:00,3338.27,3338.56,3335.64,3336.13,260,20,0
1745393100,2025.04.23 07:25:00,3336.13,3340.21,3336.12,3339.46,248,20,0
1745393400,2025.04.23 07:30:00,3339.46,3341.48,3338.09,3341.48,235,20,0
1745393700,2025.04.23 07:35:00,3341.33,3344.76,3340.26,3344.71,276,20,0
1745394000,2025.04.23 07:40:00,3344.71,3345.64,3344.04,3345.24,295,20,0
1745394300,2025.04.23 07:45:00,3345.24,3347.23,3342.73,3344.06,333,20,0
1745394600,2025.04.23 07:50:00,3344.06,3346.65,3343.30,3344.84,298,20,0
1745394900,2025.04.23 07:55:00,3344.96,3346.66,3344.54,3346.66,226,20,0
1745395200,2025.04.23 08:00:00,3346.81,3347.28,3343.78,3343.96,286,20,0
1745395500,2025.04.23 08:05:00,3343.96,3346.42,3342.04,3343.87,287,20,0
1745395800,2025.04.23 08:10:00,3343.90,3347.73,3342.64,3346.70,285,20,0
1745396100,2025.04.23 08:15:00,3346.69,3349.45,3346.68,3347.79,287,20,0
1745396400,2025.04.23 08:20:00,3347.83,3349.09,3345.43,3345.94,310,20,0
1745396700,2025.04.23 08:25:00,3345.93,3346.25,3336.20,3338.73,407,20,0
1745397000,2025.04.23 08:30:00,3338.82,3342.65,3336.83,3340.83,501,20,0
1745397300,2025.04.23 08:35:00,3340.97,3342.67,3327.87,3328.00,547,20,0
1745397600,2025.04.23 08:40:00,3327.93,3329.16,3319.44,3325.56,564,20,0
1745397900,2025.04.23 08:45:00,3325.61,3326.27,3316.19,3317.52,536,20,0
1745398200,2025.04.23 08:50:00,3317.83,3322.42,3315.93,3321.94,551,20,0
1745398500,2025.04.23 08:55:00,3321.87,3322.34,3317.40,3319.04,496,20,0
1745398800,2025.04.23 09:00:00,3319.09,3320.99,3307.94,3310.21,567,20,0
1745399100,2025.04.23 09:05:00,3310.25,3316.33,3310.01,3313.67,554,20,0
1745399400,2025.04.23 09:10:00,3313.58,3317.23,3309.85,3316.40,538,20,0
1745399700,2025.04.23 09:15:00,3316.48,3324.67,3314.28,3322.13,565,20,0
1745400000,2025.04.23 09:20:00,3322.15,3325.98,3319.76,3320.09,534,20,0
1745400300,2025.04.23 09:25:00,3320.17,3322.33,3316.88,3322.26,526,20,0
1745400600,2025.04.23 09:30:00,3322.31,3322.81,3319.74,3322.04,502,20,0
1745400900,2025.04.23 09:35:00,3322.03,3322.64,3318.00,3319.10,511,20,0
1745401200,2025.04.23 09:40:00,3319.06,3321.22,3312.68,3312.68,518,20,0
1745401500,2025.04.23 09:45:00,3312.82,3317.89,3312.32,3316.33,525,20,0
1745401800,2025.04.23 09:50:00,3316.52,3316.57,3298.09,3299.50,544,20,0
1745402100,2025.04.23 09:55:00,3299.03,3303.39,3291.58,3300.54,569,20,0
1745402400,2025.04.23 10:00:00,3300.83,3310.52,3300.83,3310.48,509,20,0
1745402700,2025.04.23 10:05:00,3310.48,3312.73,3308.02,3310.60,455,20,0
1745403000,2025.04.23 10:10:00,3310.69,3310.99,3306.08,3307.69,463,20,0
1745403300,2025.04.23 10:15:00,3307.72,3307.94,3303.20,3305.69,457,20,0
1745403600,2025.04.23 10:20:00,3305.69,3307.68,3303.38,3306.85,424,20,0
1745403900,2025.04.23 10:25:00,3306.86,3310.79,3306.13,3309.04,429,20,0
1745404200,2025.04.23 10:30:00,3309.03,3312.22,3307.52,3310.69,466,20,0
1745404500,2025.04.23 10:35:00,3310.68,3313.64,3309.56,3312.45,431,20,0
1745404800,2025.04.23 10:40:00,3312.43,3318.68,3312.22,3318.27,399,20,0
1745405100,2025.04.23 10:45:00,3318.22,3318.22,3313.54,3313.97,340,20,0
1745405400,2025.04.23 10:50:00,3314.04,3319.39,3313.36,3318.82,350,20,0
1745405700,2025.04.23 10:55:00,3319.00,3320.51,3317.31,3319.08,373,20,0
1745406000,2025.04.23 11:00:00,3318.97,3319.47,3315.48,3317.47,426,20,0
1745406300,2025.04.23 11:05:00,3317.46,3318.34,3313.00,3314.91,399,20,0
1745406600,2025.04.23 11:10:00,3314.91,3315.40,3305.85,3306.11,478,20,0
1745406900,2025.04.23 11:15:00,3306.27,3312.15,3306.16,3310.17,429,20,0
1745407200,2025.04.23 11:20:00,3310.02,3315.73,3309.87,3315.73,360,20,0
1745407500,2025.04.23 11:25:00,3315.75,3316.92,3314.13,3315.53,390,20,0
1745407800,2025.04.23 11:30:00,3315.87,3317.55,3314.44,3314.69,386,20,0
1745408100,2025.04.23 11:35:00,3314.69,3318.85,3314.38,3316.58,377,20,0
1745408400,2025.04.23 11:40:00,3316.56,3319.01,3316.35,3317.42,332,20,0
1745408700,2025.04.23 11:45:00,3317.42,3319.45,3317.11,3317.67,286,20,0
1745409000,2025.04.23 11:50:00,3317.66,3320.57,3317.41,3320.37,289,20,0
1745409300,2025.04.23 11:55:00,3320.35,3321.47,3319.40,3321.42,296,20,0
1745409600,2025.04.23 12:00:00,3321.59,3327.18,3320.34,3327.18,460,20,0
1745409900,2025.04.23 12:05:00,3327.21,3328.90,3325.58,3328.24,447,20,0
1745410200,2025.04.23 12:10:00,3328.29,3332.90,3327.79,3331.60,433,20,0
1745410500,2025.04.23 12:15:00,3331.82,3337.49,3329.60,3337.32,408,20,0
1745410800,2025.04.23 12:20:00,3337.28,3340.46,3335.78,3337.33,407,20,0
1745411100,2025.04.23 12:25:00,3337.33,3338.67,3334.65,3335.39,371,20,0
1745411400,2025.04.23 12:30:00,3335.38,3335.84,3331.53,3335.07,383,20,0
1745411700,2025.04.23 12:35:00,3335.20,3337.83,3335.08,3335.32,307,20,0
1745412000,2025.04.23 12:40:00,3335.28,3335.79,3328.84,3331.40,398,20,0
1745412300,2025.04.23 12:45:00,3331.41,3331.41,3327.94,3328.31,317,20,0
1745412600,2025.04.23 12:50:00,3328.39,3328.39,3322.69,3323.51,366,20,0
1745412900,2025.04.23 12:55:00,3323.46,3323.83,3317.22,3317.61,428,20,0
1745413200,2025.04.23 13:00:00,3317.61,3327.12,3316.70,3326.41,406,20,0
1745413500,2025.04.23 13:05:00,3327.31,3328.44,3325.17,3326.50,312,20,0
1745413800,2025.04.23 13:10:00,3326.50,3330.53,3324.82,3328.74,351,20,0
1745414100,2025.04.23 13:15:00,3328.74,3328.83,3326.04,3326.63,357,20,0
1745414400,2025.04.23 13:20:00,3326.85,3329.62,3326.71,3329.10,343,20,0
1745414700,2025.04.23 13:25:00,3329.01,3334.67,3325.83,3334.26,392,20,0
1745415000,2025.04.23 13:30:00,3334.27,3336.32,3329.76,3331.41,386,20,0
1745415300,2025.04.23 13:35:00,3331.40,3332.44,3327.84,3329.76,380,20,0
1745415600,2025.04.23 13:40:00,3329.80,3330.63,3327.48,3330.12,248,20,0
1745415900,2025.04.23 13:45:00,3330.11,3330.18,3326.50,3327.42,331,20,0
1745416200,2025.04.23 13:50:00,3326.83,3331.54,3325.26,3331.54,338,20,0
1745416500,2025.04.23 13:55:00,3331.43,3332.23,3329.17,3329.93,347,20,0
1745416800,2025.04.23 14:00:00,3329.92,3329.96,3322.20,3325.12,373,20,0
1745417100,2025.04.23 14:05:00,3325.12,3327.59,3323.77,3325.24,337,20,0
1745417400,2025.04.23 14:10:00,3325.21,3332.15,3324.76,3331.46,361,20,0
1745417700,2025.04.23 14:15:00,3331.52,3336.24,3330.63,3335.13,398,20,0
1745418000,2025.04.23 14:20:00,3335.13,3338.34,3332.42,3337.35,439,20,0
1745418300,2025.04.23 14:25:00,3337.20,3338.96,3334.15,3336.08,379,20,0
1745418600,2025.04.23 14:30:00,3336.08,3337.22,3332.34,3335.90,364,20,0
1745418900,2025.04.23 14:35:00,3336.02,3337.12,3334.22,3334.35,310,20,0
1745419200,2025.04.23 14:40:00,3334.20,3336.43,3332.56,3334.84,357,20,0
1745419500,2025.04.23 14:45:00,3334.27,3334.60,3330.00,3333.00,332,20,0
1745419800,2025.04.23 14:50:00,3332.91,3332.91,3324.92,3324.92,345,20,0
1745420100,2025.04.23 14:55:00,3324.93,3327.18,3322.15,3324.61,477,20,0
1745420400,2025.04.23 15:00:00,3324.61,3325.66,3320.32,3322.83,478,20,0
1745420700,2025.04.23 15:05:00,3322.84,3323.63,3318.66,3319.08,454,20,0
1745421000,2025.04.23 15:10:00,3319.03,3319.95,3313.71,3317.72,495,20,0
1745421300,2025.04.23 15:15:00,3317.85,3323.27,3315.51,3323.15,483,20,0
1745421600,2025.04.23 15:20:00,3323.74,3330.34,3323.69,3329.40,503,20,0
1745421900,2025.04.23 15:25:00,3329.20,3333.38,3328.09,3329.50,464,20,0
1745422200,2025.04.23 15:30:00,3329.49,3329.49,3321.20,3323.45,494,20,0
1745422500,2025.04.23 15:35:00,3323.45,3325.71,3318.69,3324.29,491,20,0
1745422800,2025.04.23 15:40:00,3324.29,3324.81,3317.77,3319.96,454,20,0
1745423100,2025.04.23 15:45:00,3319.96,3320.46,3317.61,3317.84,455,20,0
1745423400,2025.04.23 15:50:00,3317.84,3317.85,3313.93,3316.37,480,20,0
1745423700,2025.04.23 15:55:00,3316.43,3316.93,3310.57,3310.65,488,20,0
1745424000,2025.04.23 16:00:00,3310.72,3313.72,3305.46,3307.75,559,20,0
1745424300,2025.04.23 16:05:00,3308.02,3309.85,3304.66,3305.73,531,20,0
1745424600,2025.04.23 16:10:00,3305.70,3311.96,3304.63,3305.84,545,20,0
1745424900,2025.04.23 16:15:00,3305.82,3306.94,3300.27,3300.43,518,20,0
1745425200,2025.04.23 16:20:00,3300.51,3309.55,3300.51,3306.41,518,20,0
1745425500,2025.04.23 16:25:00,3306.46,3308.18,3298.29,3299.56,486,20,0
1745425800,2025.04.23 16:30:00,3299.93,3303.19,3293.68,3301.59,575,20,0
1745426100,2025.04.23 16:35:00,3301.58,3304.49,3285.13,3287.32,583,20,0
1745426400,2025.04.23 16:40:00,3287.46,3293.07,3281.40,3292.32,553,20,0
1745426700,2025.04.23 16:45:00,3292.30,3294.62,3278.97,3278.97,576,20,0
1745427000,2025.04.23 16:50:00,3279.28,3282.45,3272.14,3275.33,572,20,0
1745427300,2025.04.23 16:55:00,3275.57,3278.91,3271.20,3277.91,555,20,0
1745427600,2025.04.23 17:00:00,3277.49,3277.65,3261.81,3265.55,579,20,0
1745427900,2025.04.23 17:05:00,3265.57,3274.00,3261.98,3263.87,528,20,0
1745428200,2025.04.23 17:10:00,3263.44,3270.20,3260.10,3269.66,571,20,0
1745428500,2025.04.23 17:15:00,3269.76,3280.39,3268.72,3278.15,560,20,0
1745428800,2025.04.23 17:20:00,3278.33,3284.67,3276.30,3280.68,577,20,0
1745429100,2025.04.23 17:25:00,3281.10,3281.10,3271.97,3275.61,557,20,0
1745429400,2025.04.23 17:30:00,3275.32,3280.02,3271.53,3276.88,559,20,0
1745429700,2025.04.23 17:35:00,3276.86,3280.03,3273.01,3278.43,559,20,0
1745430000,2025.04.23 17:40:00,3278.58,3288.93,3277.80,3288.82,559,20,0
1745430300,2025.04.23 17:45:00,3288.86,3296.10,3288.13,3295.96,570,20,0
1745430600,2025.04.23 17:50:00,3296.08,3296.25,3286.70,3291.77,550,20,0
1745430900,2025.04.23 17:55:00,3291.75,3291.76,3285.57,3287.44,552,20,0
1745431200,2025.04.23 18:00:00,3287.38,3294.32,3283.20,3285.39,562,20,0
1745431500,2025.04.23 18:05:00,3285.30,3291.51,3285.18,3287.38,544,20,0
1745431800,2025.04.23 18:10:00,3287.32,3287.32,3277.28,3277.44,542,20,0
1745432100,2025.04.23 18:15:00,3277.60,3279.10,3274.34,3275.48,561,20,0
1745432400,2025.04.23 18:20:00,3275.39,3283.61,3269.24,3279.98,543,20,0
1745432700,2025.04.23 18:25:00,3279.94,3282.26,3275.41,3276.27,550,20,0
1745433000,2025.04.23 18:30:00,3276.69,3280.02,3269.72,3271.77,528,20,0
1745433300,2025.04.23 18:35:00,3271.77,3280.00,3271.69,3278.02,516,20,0
1745433600,2025.04.23 18:40:00,3278.11,3281.62,3274.19,3281.14,487,20,0
1745433900,2025.04.23 18:45:00,3281.37,3287.70,3281.11,3284.04,498,20,0
1745434200,2025.04.23 18:50:00,3284.04,3287.83,3283.15,3285.06,458,20,0
1745434500,2025.04.23 18:55:00,3285.11,3285.64,3275.82,3280.89,491,20,0
1745434800,2025.04.23 19:00:00,3280.34,3285.90,3279.24,3284.89,469,20,0
1745435100,2025.04.23 19:05:00,3285.00,3288.95,3284.41,3288.95,447,20,0
1745435400,2025.04.23 19:10:00,3288.91,3289.35,3284.41,3288.12,487,20,0
1745435700,2025.04.23 19:15:00,3288.19,3292.16,3288.03,3291.51,484,20,0
1745436000,2025.04.23 19:20:00,3291.51,3294.23,3290.93,3293.91,478,20,0
1745436300,2025.04.23 19:25:00,3293.91,3294.73,3290.47,3291.83,460,20,0
1745436600,2025.04.23 19:30:00,3291.83,3293.77,3289.18,3293.77,499,20,0
1745436900,2025.04.23 19:35:00,3293.97,3298.95,3293.41,3298.44,521,20,0
1745437200,2025.04.23 19:40:00,3298.45,3299.78,3295.96,3298.22,495,20,0
1745437500,2025.04.23 19:45:00,3298.18,3305.69,3296.29,3302.80,512,20,0
1745437800,2025.04.23 19:50:00,3302.91,3303.37,3297.67,3297.70,499,20,0
1745438100,2025.04.23 19:55:00,3297.69,3298.66,3294.85,3294.94,436,20,0
1745438400,2025.04.23 20:00:00,3295.02,3301.42,3295.00,3300.21,479,20,0
1745438700,2025.04.23 20:05:00,3300.27,3300.82,3295.93,3296.12,469,20,0
1745439000,2025.04.23 20:10:00,3295.99,3296.06,3289.22,3289.45,520,20,0
1745439300,2025.04.23 20:15:00,3289.45,3289.82,3284.07,3286.98,509,20,0
1745439600,2025.04.23 20:20:00,3287.16,3289.52,3285.64,3287.70,471,20,0
1745439900,2025.04.23 20:25:00,3287.71,3287.71,3281.66,3282.23,505,20,0
1745440200,2025.04.23 20:30:00,3282.50,3283.10,3277.78,3282.93,493,20,0
1745440500,2025.04.23 20:35:00,3282.88,3284.41,3281.20,3282.12,428,20,0
1745440800,2025.04.23 20:40:00,3282.12,3283.87,3279.70,3283.47,379,20,0
1745441100,2025.04.23 20:45:00,3283.07,3284.49,3281.84,3282.95,351,20,0
1745441400,2025.04.23 20:50:00,3283.08,3283.84,3280.97,3282.81,346,20,0
1745441700,2025.04.23 20:55:00,3283.01,3283.59,3280.18,3281.23,356,20,0
1745442000,2025.04.23 21:00:00,3281.22,3282.92,3279.64,3280.02,331,20,0
1745442300,2025.04.23 21:05:00,3279.93,3282.76,3277.94,3282.76,376,20,0
1745442600,2025.04.23 21:10:00,3282.77,3286.49,3282.61,3285.78,363,20,0
1745442900,2025.04.23 21:15:00,3285.78,3286.98,3285.00,3285.43,372,20,0
1745443200,2025.04.23 21:20:00,3285.69,3286.24,3279.29,3279.65,391,20,0
1745443500,2025.04.23 21:25:00,3279.64,3282.13,3279.41,3280.37,369,20,0
1745443800,2025.04.23 21:30:00,3280.29,3281.95,3279.76,3279.83,319,20,0
1745444100,2025.04.23 21:35:00,3279.85,3281.45,3279.20,3280.15,316,20,0
1745444400,2025.04.23 21:40:00,3280.13,3280.50,3277.85,3280.41,331,20,0
1745444700,2025.04.23 21:45:00,3280.40,3282.54,3280.12,3282.39,284,20,0
1745445000,2025.04.23 21:50:00,3282.33,3283.83,3281.09,3281.17,258,20,0
1745445300,2025.04.23 21:55:00,3281.11,3283.00,3281.11,3282.90,336,20,0
1745445600,2025.04.23 22:00:00,3282.90,3285.41,3282.67,3284.94,270,20,0
1745445900,2025.04.23 22:05:00,3284.94,3287.43,3284.88,3287.42,218,20,0
1745446200,2025.04.23 22:10:00,3287.42,3292.56,3287.42,3289.61,361,20,0
1745446500,2025.04.23 22:15:00,3289.56,3293.70,3288.71,3291.93,360,20,0
1745446800,2025.04.23 22:20:00,3291.91,3294.61,3290.00,3293.34,376,20,0
1745447100,2025.04.23 22:25:00,3293.31,3296.43,3293.08,3295.82,343,20,0
1745447400,2025.04.23 22:30:00,3295.82,3296.04,3291.13,3292.43,347,20,0
1745447700,2025.04.23 22:35:00,3292.43,3294.07,3290.78,3293.05,315,20,0
1745448000,2025.04.23 22:40:00,3292.69,3295.87,3291.63,3295.47,336,20,0
1745448300,2025.04.23 22:45:00,3295.51,3297.07,3292.35,3292.35,335,20,0
1745448600,2025.04.23 22:50:00,3292.35,3294.19,3290.56,3293.33,357,20,0
1745448900,2025.04.23 22:55:00,3293.28,3294.63,3292.18,3293.62,429,20,0
1745449200,2025.04.23 23:00:00,3293.84,3294.74,3292.02,3293.92,259,20,0
1745449500,2025.04.23 23:05:00,3293.92,3294.83,3291.84,3294.77,230,20,0
1745449800,2025.04.23 23:10:00,3294.89,3295.69,3292.62,3293.42,197,20,0
1745450100,2025.04.23 23:15:00,3293.38,3294.82,3292.89,3294.38,186,20,0
1745450400,2025.04.23 23:20:00,3294.39,3294.67,3293.36,3293.60,228,20,0
1745450700,2025.04.23 23:25:00,3293.60,3293.69,3289.76,3290.26,260,20,0
1745451000,2025.04.23 23:30:00,3290.25,3290.30,3283.98,3286.09,352,20,0
1745451300,2025.04.23 23:35:00,3286.00,3288.72,3285.66,3286.04,220,20,0
1745451600,2025.04.23 23:40:00,3286.04,3289.08,3286.04,3288.92,237,20,0
1745451900,2025.04.23 23:45:00,3288.94,3289.51,3286.82,3289.50,219,20,0
1745452200,2025.04.23 23:50:00,3289.43,3289.99,3287.78,3289.37,181,20,0
1745452500,2025.04.23 23:55:00,3289.27,3289.69,3288.10,3288.44,105,20,0
1745456400,2025.04.24 01:00:00,3287.81,3306.23,3287.81,3306.04,448,20,0
1745456700,2025.04.24 01:05:00,3305.92,3311.55,3305.73,3309.87,394,20,0
1745457000,2025.04.24 01:10:00,3309.44,3311.13,3308.39,3310.01,224,20,0
1745457300,2025.04.24 01:15:00,3310.07,3310.54,3305.34,3308.45,264,20,0
1745457600,2025.04.24 01:20:00,3308.45,3311.03,3307.07,3311.03,252,20,0
1745457900,2025.04.24 01:25:00,3311.01,3311.04,3309.18,3310.81,229,20,0
1745458200,2025.04.24 01:30:00,3310.81,3311.01,3309.05,3311.00,245,20,0
1745458500,2025.04.24 01:35:00,3310.96,3315.94,3308.65,3315.27,345,20,0
1745458800,2025.04.24 01:40:00,3315.29,3315.53,3313.06,3314.05,318,20,0
1745459100,2025.04.24 01:45:00,3314.05,3314.83,3310.88,3311.09,225,20,0
1745459400,2025.04.24 01:50:00,3311.29,3312.38,3308.43,3308.43,226,20,0
1745459700,2025.04.24 01:55:00,3308.43,3310.39,3307.80,3309.13,239,20,0
1745460000,2025.04.24 02:00:00,3309.14,3311.42,3309.14,3310.71,218,20,0
1745460300,2025.04.24 02:05:00,3310.71,3311.68,3308.24,3309.58,194,20,0
1745460600,2025.04.24 02:10:00,3309.23,3311.17,3308.96,3310.49,157,20,0
1745460900,2025.04.24 02:15:00,3310.49,3311.53,3310.11,3311.16,218,20,0
1745461200,2025.04.24 02:20:00,3311.16,3311.31,3309.54,3310.59,235,20,0
1745461500,2025.04.24 02:25:00,3310.59,3312.17,3310.22,3311.15,193,20,0
1745461800,2025.04.24 02:30:00,3311.15,3313.23,3311.06,3312.93,138,20,0
1745462100,2025.04.24 02:35:00,3312.94,3313.85,3312.19,3313.30,169,20,0
1745462400,2025.04.24 02:40:00,3313.51,3313.67,3310.34,3311.91,221,20,0
1745462700,2025.04.24 02:45:00,3311.91,3314.96,3311.49,3314.61,245,20,0
1745463000,2025.04.24 02:50:00,3314.63,3316.77,3312.89,3313.04,299,20,0
1745463300,2025.04.24 02:55:00,3313.04,3316.57,3312.36,3316.34,244,20,0
1745463600,2025.04.24 03:00:00,3316.36,3316.87,3314.16,3315.10,339,20,0
1745463900,2025.04.24 03:05:00,3314.91,3318.21,3313.38,3317.48,352,20,0
1745464200,2025.04.24 03:10:00,3317.48,3321.02,3317.38,3321.02,373,20,0
1745464500,2025.04.24 03:15:00,3321.43,3323.40,3319.35,3323.13,397,20,0
1745464800,2025.04.24 03:20:00,3323.20,3325.00,3321.32,3324.65,400,20,0
1745465100,2025.04.24 03:25:00,3324.56,3335.22,3323.63,3334.86,504,20,0
1745465400,2025.04.24 03:30:00,3334.73,3339.06,3332.89,3336.40,531,20,0
1745465700,2025.04.24 03:35:00,3336.33,3339.10,3332.74,3333.17,464,20,0
1745466000,2025.04.24 03:40:00,3333.25,3334.18,3329.76,3333.15,409,20,0
1745466300,2025.04.24 03:45:00,3332.99,3334.54,3330.95,3330.95,325,20,0
1745466600,2025.04.24 03:50:00,3330.89,3333.34,3329.13,3332.54,330,20,0
1745466900,2025.04.24 03:55:00,3332.32,3335.13,3329.73,3331.85,373,20,0
1745467200,2025.04.24 04:00:00,3331.75,3340.06,3330.82,3339.45,574,20,0
1745467500,2025.04.24 04:05:00,3339.66,3348.03,3339.27,3344.81,573,20,0
1745467800,2025.04.24 04:10:00,3344.91,3348.84,3341.98,3348.29,542,20,0
1745468100,2025.04.24 04:15:00,3348.19,3358.49,3347.31,3354.44,569,20,0
1745468400,2025.04.24 04:20:00,3354.27,3361.02,3353.98,3360.87,553,20,0
1745468700,2025.04.24 04:25:00,3360.89,3360.89,3356.33,3359.38,560,20,0
1745469000,2025.04.24 04:30:00,3359.42,3361.25,3356.76,3357.61,526,20,0
1745469300,2025.04.24 04:35:00,3357.82,3367.36,3354.91,3366.01,550,20,0
1745469600,2025.04.24 04:40:00,3366.22,3366.94,3360.44,3361.91,537,20,0
1745469900,2025.04.24 04:45:00,3361.84,3364.90,3357.76,3358.20,526,20,0
1745470200,2025.04.24 04:50:00,3357.83,3358.32,3350.30,3351.79,543,20,0
1745470500,2025.04.24 04:55:00,3351.73,3357.50,3348.47,3357.29,542,20,0
1745470800,2025.04.24 05:00:00,3357.33,3363.33,3357.23,3358.41,526,20,0
1745471100,2025.04.24 05:05:00,3358.83,3360.15,3353.00,3358.91,518,20,0
1745471400,2025.04.24 05:10:00,3358.37,3359.75,3356.09,3356.55,441,20,0
1745471700,2025.04.24 05:15:00,3356.44,3359.14,3354.02,3354.47,356,20,0
1745472000,2025.04.24 05:20:00,3355.13,3355.56,3349.51,3352.60,443,20,0
1745472300,2025.04.24 05:25:00,3352.59,3354.62,3351.46,3353.13,360,20,0
1745472600,2025.04.24 05:30:00,3354.12,3355.54,3350.76,3351.25,465,20,0
1745472900,2025.04.24 05:35:00,3351.20,3351.20,3338.51,3343.25,545,20,0
1745473200,2025.04.24 05:40:00,3343.30,3343.30,3335.79,3341.53,536,20,0
1745473500,2025.04.24 05:45:00,3341.57,3344.81,3337.75,3344.10,506,20,0
1745473800,2025.04.24 05:50:00,3344.03,3345.12,3338.64,3341.63,464,20,0
1745474100,2025.04.24 05:55:00,3341.54,3344.59,3341.07,3342.19,424,20,0
1745474400,2025.04.24 06:00:00,3341.95,3342.55,3339.53,3341.11,419,20,0
1745474700,2025.04.24 06:05:00,3341.04,3342.17,3338.36,3338.91,405,20,0
1745475000,2025.04.24 06:10:00,3338.88,3340.10,3331.95,3333.92,475,20,0
1745475300,2025.04.24 06:15:00,3333.92,3337.95,3333.30,3336.56,495,20,0
1745475600,2025.04.24 06:20:00,3336.02,3336.02,3326.51,3329.31,525,20,0
1745475900,2025.04.24 06:25:00,3329.14,3333.32,3326.91,3330.19,491,20,0
1745476200,2025.04.24 06:30:00,3330.17,3330.55,3322.62,3323.44,402,20,0
1745476500,2025.04.24 06:35:00,3323.44,3327.16,3320.63,3324.37,429,20,0
1745476800,2025.04.24 06:40:00,3324.39,3327.94,3322.99,3326.68,338,20,0
1745477100,2025.04.24 06:45:00,3326.71,3329.64,3326.07,3328.04,307,20,0
1745477400,2025.04.24 06:50:00,3328.04,3329.27,3327.55,3328.30,190,20,0
1745477700,2025.04.24 06:55:00,3328.30,3329.34,3326.90,3327.39,213,20,0
1745478000,2025.04.24 07:00:00,3327.00,3329.44,3326.86,3327.78,236,20,0
1745478300,2025.04.24 07:05:00,3327.95,3327.95,3326.42,3327.53,206,20,0
1745478600,2025.04.24 07:10:00,3327.55,3331.70,3326.76,3330.84,282,20,0
1745478900,2025.04.24 07:15:00,3330.68,3330.70,3326.94,3328.45,350,20,0
1745479200,2025.04.24 07:20:00,3328.34,3328.53,3325.85,3326.88,242,20,0
1745479500,2025.04.24 07:25:00,3326.88,3328.98,3326.73,3328.70,176,20,0
1745479800,2025.04.24 07:30:00,3328.70,3330.04,3326.65,3329.15,218,20,0
1745480100,2025.04.24 07:35:00,3329.14,3330.86,3328.41,3330.31,194,20,0
1745480400,2025.04.24 07:40:00,3330.23,3330.76,3326.89,3327.61,214,20,0
1745480700,2025.04.24 07:45:00,3327.61,3329.75,3326.98,3328.17,195,20,0
1745481000,2025.04.24 07:50:00,3328.17,3329.19,3325.89,3328.95,294,20,0
1745481300,2025.04.24 07:55:00,3328.95,3329.84,3325.93,3326.11,307,20,0
1745481600,2025.04.24 08:00:00,3326.12,3327.71,3325.50,3326.41,261,20,0
1745481900,2025.04.24 08:05:00,3326.45,3328.58,3325.05,3325.14,241,20,0
1745482200,2025.04.24 08:10:00,3325.14,3326.37,3323.75,3325.97,300,20,0
1745482500,2025.04.24 08:15:00,3325.90,3327.49,3324.50,3327.20,229,20,0
1745482800,2025.04.24 08:20:00,3327.21,3327.98,3322.24,3323.43,309,20,0
1745483100,2025.04.24 08:25:00,3323.43,3325.32,3323.22,3324.79,180,20,0
1745483400,2025.04.24 08:30:00,3324.79,3325.97,3320.50,3324.73,477,20,0
1745483700,2025.04.24 08:35:00,3324.82,3335.00,3324.79,3332.54,497,20,0
1745484000,2025.04.24 08:40:00,3332.49,3335.43,3330.35,3331.19,461,20,0
1745484300,2025.04.24 08:45:00,3331.19,3333.79,3330.98,3332.24,406,20,0
1745484600,2025.04.24 08:50:00,3332.18,3332.99,3328.01,3328.23,418,20,0
1745484900,2025.04.24 08:55:00,3328.28,3328.28,3321.62,3323.96,467,20,0
1745485200,2025.04.24 09:00:00,3323.79,3325.67,3318.90,3325.53,496,20,0
1745485500,2025.04.24 09:05:00,3325.64,3326.39,3323.13,3325.90,433,20,0
1745485800,2025.04.24 09:10:00,3326.29,3327.85,3322.38,3323.66,517,20,0
1745486100,2025.04.24 09:15:00,3323.42,3323.65,3314.64,3318.34,553,20,0
1745486400,2025.04.24 09:20:00,3318.27,3323.12,3317.27,3323.10,462,20,0
1745486700,2025.04.24 09:25:00,3322.97,3325.19,3319.03,3319.98,475,20,0
1745487000,2025.04.24 09:30:00,3319.97,3321.24,3318.51,3319.73,395,20,0
1745487300,2025.04.24 09:35:00,3319.90,3320.04,3317.01,3318.66,430,20,0
1745487600,2025.04.24 09:40:00,3318.68,3320.13,3315.22,3320.13,429,20,0
1745487900,2025.04.24 09:45:00,3320.17,3322.91,3319.98,3321.78,434,20,0
1745488200,2025.04.24 09:50:00,3321.79,3328.15,3321.00,3325.15,493,20,0
1745488500,2025.04.24 09:55:00,3325.09,3327.12,3322.20,3325.17,488,20,0
1745488800,2025.04.24 10:00:00,3324.97,3335.82,3324.23,3334.99,471,20,0
1745489100,2025.04.24 10:05:00,3334.99,3338.58,3334.09,3338.45,489,20,0
1745489400,2025.04.24 10:10:00,3338.46,3339.78,3336.03,3337.71,385,20,0
1745489700,2025.04.24 10:15:00,3337.72,3338.35,3329.29,3332.18,498,20,0
1745490000,2025.04.24 10:20:00,3331.91,3333.26,3327.60,3328.73,476,20,0
1745490300,2025.04.24 10:25:00,3328.73,3331.21,3326.32,3330.35,417,20,0
1745490600,2025.04.24 10:30:00,3330.32,3330.54,3327.76,3327.77,405,20,0
1745490900,2025.04.24 10:35:00,3327.77,3328.56,3323.24,3323.56,359,20,0
1745491200,2025.04.24 10:40:00,3323.75,3330.03,3323.61,3329.30,393,20,0
1745491500,2025.04.24 10:45:00,3329.81,3334.05,3328.66,3332.85,328,20,0
1745491800,2025.04.24 10:50:00,3333.08,3336.17,3332.25,3334.22,373,20,0
1745492100,2025.04.24 10:55:00,3334.22,3336.36,3333.05,3333.65,313,20,0
1745492400,2025.04.24 11:00:00,3333.63,3333.80,3330.00,3331.32,367,20,0
1745492700,2025.04.24 11:05:00,3331.32,3334.18,3330.16,3331.83,369,20,0
1745493000,2025.04.24 11:10:00,3331.83,3333.09,3330.35,3332.46,316,20,0
1745493300,2025.04.24 11:15:00,3332.44,3335.15,3329.92,3330.34,379,20,0
1745493600,2025.04.24 11:20:00,3330.35,3331.37,3327.33,3331.35,380,20,0
1745493900,2025.04.24 11:25:00,3331.33,3333.89,3330.65,3333.06,369,20,0
1745494200,2025.04.24 11:30:00,3333.06,3334.98,3331.92,3334.98,336,20,0
1745494500,2025.04.24 11:35:00,3334.89,3335.60,3331.87,3333.54,371,20,0
1745494800,2025.04.24 11:40:00,3333.38,3338.74,3332.92,3337.24,395,20,0
1745495100,2025.04.24 11:45:00,3337.14,3340.01,3336.52,3339.70,370,20,0
1745495400,2025.04.24 11:50:00,3339.64,3341.54,3337.19,3338.01,433,20,0
1745495700,2025.04.24 11:55:00,3338.03,3338.56,3335.32,3335.97,372,20,0
1745496000,2025.04.24 12:00:00,3336.05,3339.70,3335.62,3339.70,436,20,0
1745496300,2025.04.24 12:05:00,3339.70,3342.75,3339.14,3340.14,381,20,0
1745496600,2025.04.24 12:10:00,3340.16,3340.94,3335.86,3337.73,379,20,0
1745496900,2025.04.24 12:15:00,3337.73,3339.12,3336.64,3336.91,298,20,0
1745497200,2025.04.24 12:20:00,3336.91,3337.87,3335.84,3337.12,345,20,0
1745497500,2025.04.24 12:25:00,3337.05,3337.05,3334.78,3335.09,298,20,0
1745497800,2025.04.24 12:30:00,3335.10,3335.87,3330.23,3330.38,396,20,0
1745498100,2025.04.24 12:35:00,3330.37,3330.94,3328.60,3330.60,342,20,0
1745498400,2025.04.24 12:40:00,3330.75,3331.34,3328.15,3330.31,357,20,0
1745498700,2025.04.24 12:45:00,3330.24,3332.00,3325.47,3328.77,405,20,0
1745499000,2025.04.24 12:50:00,3328.87,3330.35,3328.30,3330.12,327,20,0
1745499300,2025.04.24 12:55:00,3330.52,3336.43,3330.24,3335.67,383,20,0
1745499600,2025.04.24 13:00:00,3335.67,3336.62,3332.63,3334.44,339,20,0
1745499900,2025.04.24 13:05:00,3334.04,3335.31,3333.13,3335.20,284,20,0
1745500200,2025.04.24 13:10:00,3335.20,3335.20,3331.87,3333.21,238,20,0
1745500500,2025.04.24 13:15:00,3333.14,3333.45,3328.05,3328.77,342,20,0
1745500800,2025.04.24 13:20:00,3329.08,3330.52,3326.21,3330.43,380,20,0
1745501100,2025.04.24 13:25:00,3330.43,3331.24,3329.90,3330.56,287,20,0
1745501400,2025.04.24 13:30:00,3330.56,3332.01,3329.43,3331.74,301,20,0
1745501700,2025.04.24 13:35:00,3331.70,3331.78,3329.83,3329.83,254,20,0
1745502000,2025.04.24 13:40:00,3330.03,3330.73,3327.34,3330.42,310,20,0
1745502300,2025.04.24 13:45:00,3330.41,3332.02,3329.61,3331.21,301,20,0
1745502600,2025.04.24 13:50:00,3331.26,3332.32,3329.54,3332.25,305,20,0
1745502900,2025.04.24 13:55:00,3332.17,3333.85,3325.66,3330.00,410,20,0
1745503200,2025.04.24 14:00:00,3329.93,3333.96,3329.68,3331.51,392,20,0
1745503500,2025.04.24 14:05:00,3331.31,3335.60,3330.95,3334.90,325,20,0
1745503800,2025.04.24 14:10:00,3335.12,3335.65,3333.15,3334.52,277,20,0
1745504100,2025.04.24 14:15:00,3334.63,3338.39,3334.44,3337.38,310,20,0
1745504400,2025.04.24 14:20:00,3337.45,3340.76,3336.86,3340.36,333,20,0
1745504700,2025.04.24 14:25:00,3340.37,3342.33,3339.35,3341.49,379,20,0
1745505000,2025.04.24 14:30:00,3341.52,3343.86,3339.34,3342.36,406,20,0
1745505300,2025.04.24 14:35:00,3342.37,3342.37,3338.58,3338.58,412,20,0
1745505600,2025.04.24 14:40:00,3338.41,3339.58,3336.28,3337.38,422,20,0
1745505900,2025.04.24 14:45:00,3337.38,3340.01,3336.50,3339.26,340,20,0
1745506200,2025.04.24 14:50:00,3339.40,3339.58,3337.03,3338.08,343,20,0
1745506500,2025.04.24 14:55:00,3338.47,3339.63,3335.02,3336.99,384,20,0
1745506800,2025.04.24 15:00:00,3336.94,3341.23,3336.94,3339.04,449,20,0
1745507100,2025.04.24 15:05:00,3339.04,3339.04,3336.03,3336.82,379,20,0
1745507400,2025.04.24 15:10:00,3336.85,3338.42,3336.02,3337.00,392,20,0
1745507700,2025.04.24 15:15:00,3337.00,3339.53,3336.61,3339.46,372,20,0
1745508000,2025.04.24 15:20:00,3339.65,3340.41,3335.90,3337.35,459,20,0
1745508300,2025.04.24 15:25:00,3337.24,3339.20,3336.18,3337.20,376,20,0
1745508600,2025.04.24 15:30:00,3337.12,3341.70,3336.05,3341.30,447,20,0
1745508900,2025.04.24 15:35:00,3341.56,3343.95,3340.74,3342.84,454,20,0
1745509200,2025.04.24 15:40:00,3343.42,3344.66,3337.48,3338.07,479,20,0
1745509500,2025.04.24 15:45:00,3338.12,3340.80,3336.78,3338.41,479,20,0
1745509800,2025.04.24 15:50:00,3338.40,3341.42,3338.40,3340.33,437,20,0
1745510100,2025.04.24 15:55:00,3340.31,3341.42,3335.49,3335.91,431,20,0
1745510400,2025.04.24 16:00:00,3335.83,3335.95,3329.90,3332.46,554,20,0
1745510700,2025.04.24 16:05:00,3332.45,3336.19,3331.04,3334.17,518,20,0
1745511000,2025.04.24 16:10:00,3334.63,3334.67,3328.13,3328.73,524,20,0
1745511300,2025.04.24 16:15:00,3328.86,3329.75,3326.70,3327.38,500,20,0
1745511600,2025.04.24 16:20:00,3327.38,3332.08,3325.08,3330.89,519,20,0
1745511900,2025.04.24 16:25:00,3330.97,3332.91,3328.97,3330.55,456,20,0
1745512200,2025.04.24 16:30:00,3330.55,3333.22,3322.20,3326.96,571,20,0
1745512500,2025.04.24 16:35:00,3326.98,3327.04,3320.03,3322.29,568,20,0
1745512800,2025.04.24 16:40:00,3323.13,3323.40,3316.20,3316.54,532,20,0
1745513100,2025.04.24 16:45:00,3316.49,3320.76,3314.96,3315.76,554,20,0
1745513400,2025.04.24 16:50:00,3315.73,3315.76,3312.67,3314.77,535,20,0
1745513700,2025.04.24 16:55:00,3314.66,3317.89,3312.83,3315.33,506,20,0
1745514000,2025.04.24 17:00:00,3315.42,3318.31,3311.29,3312.10,555,20,0
1745514300,2025.04.24 17:05:00,3312.11,3312.46,3306.74,3309.24,558,20,0
1745514600,2025.04.24 17:10:00,3309.28,3315.54,3308.19,3313.64,529,20,0
1745514900,2025.04.24 17:15:00,3313.68,3314.45,3308.73,3309.65,521,20,0
1745515200,2025.04.24 17:20:00,3309.65,3315.70,3309.43,3315.65,522,20,0
1745515500,2025.04.24 17:25:00,3315.48,3319.84,3314.15,3318.19,547,20,0
1745515800,2025.04.24 17:30:00,3318.23,3325.13,3318.16,3321.25,545,20,0
1745516100,2025.04.24 17:35:00,3321.18,3323.15,3316.90,3320.50,526,20,0
1745516400,2025.04.24 17:40:00,3320.55,3327.11,3319.65,3326.78,535,20,0
1745516700,2025.04.24 17:45:00,3326.48,3330.28,3325.74,3328.13,550,20,0
1745517000,2025.04.24 17:50:00,3328.11,3328.42,3325.75,3327.70,526,20,0
1745517300,2025.04.24 17:55:00,3327.78,3329.00,3324.49,3327.48,526,20,0
1745517600,2025.04.24 18:00:00,3327.52,3327.60,3322.25,3322.69,502,20,0
1745517900,2025.04.24 18:05:00,3322.64,3326.42,3322.29,3324.90,502,20,0
1745518200,2025.04.24 18:10:00,3325.00,3327.25,3323.75,3325.48,491,20,0
1745518500,2025.04.24 18:15:00,3325.47,3327.57,3319.52,3320.83,514,20,0
1745518800,2025.04.24 18:20:00,3320.85,3321.65,3319.58,3320.65,460,20,0
1745519100,2025.04.24 18:25:00,3320.73,3325.23,3320.66,3324.25,453,20,0
1745519400,2025.04.24 18:30:00,3324.05,3329.72,3323.98,3328.80,447,20,0
1745519700,2025.04.24 18:35:00,3328.79,3329.61,3324.59,3326.30,455,20,0
1745520000,2025.04.24 18:40:00,3326.33,3327.64,3323.57,3324.53,457,20,0
1745520300,2025.04.24 18:45:00,3324.25,3324.67,3320.75,3324.67,446,20,0
1745520600,2025.04.24 18:50:00,3324.68,3328.97,3324.05,3328.56,470,20,0
1745520900,2025.04.24 18:55:00,3328.59,3330.42,3327.45,3329.40,463,20,0
1745521200,2025.04.24 19:00:00,3329.40,3332.51,3328.10,3332.35,461,20,0
1745521500,2025.04.24 19:05:00,3331.96,3333.22,3330.87,3332.36,441,20,0
1745521800,2025.04.24 19:10:00,3332.37,3335.38,3331.56,3335.21,457,20,0
1745522100,2025.04.24 19:15:00,3335.22,3335.22,3330.96,3331.98,483,20,0
1745522400,2025.04.24 19:20:00,3331.98,3333.49,3331.81,3331.99,451,20,0
1745522700,2025.04.24 19:25:00,3332.01,3332.31,3327.90,3328.49,477,20,0
1745523000,2025.04.24 19:30:00,3328.58,3329.51,3325.15,3325.37,469,20,0
1745523300,2025.04.24 19:35:00,3325.49,3326.89,3322.44,3325.22,451,20,0
1745523600,2025.04.24 19:40:00,3325.20,3327.68,3325.01,3327.56,408,20,0
1745523900,2025.04.24 19:45:00,3327.52,3329.81,3327.12,3328.14,419,20,0
1745524200,2025.04.24 19:50:00,3328.34,3331.64,3328.14,3330.55,383,20,0
1745524500,2025.04.24 19:55:00,3330.54,3331.62,3329.48,3331.55,365,20,0
1745524800,2025.04.24 20:00:00,3331.54,3332.25,3329.97,3331.11,408,20,0
1745525100,2025.04.24 20:05:00,3331.10,3333.70,3330.89,3332.66,426,20,0
1745525400,2025.04.24 20:10:00,3332.69,3334.74,3332.28,3334.09,407,20,0
1745525700,2025.04.24 20:15:00,3334.15,3336.92,3333.55,3336.86,456,20,0
1745526000,2025.04.24 20:20:00,3336.87,3337.74,3333.05,3333.20,474,20,0
1745526300,2025.04.24 20:25:00,3333.26,3336.92,3332.90,3336.73,494,20,0
1745526600,2025.04.24 20:30:00,3336.78,3338.64,3333.96,3334.86,458,20,0
1745526900,2025.04.24 20:35:00,3334.84,3336.04,3334.04,3335.26,442,20,0
1745527200,2025.04.24 20:40:00,3335.22,3335.24,3332.90,3333.45,403,20,0
1745527500,2025.04.24 20:45:00,3333.43,3334.96,3333.43,3334.96,348,20,0
1745527800,2025.04.24 20:50:00,3334.95,3337.26,3334.48,3336.46,332,20,0
1745528100,2025.04.24 20:55:00,3336.54,3337.26,3335.67,3336.74,352,20,0
1745528400,2025.04.24 21:00:00,3336.74,3336.74,3335.04,3335.81,314,20,0
1745528700,2025.04.24 21:05:00,3335.83,3338.53,3335.79,3338.53,277,20,0
1745529000,2025.04.24 21:10:00,3338.67,3339.28,3337.80,3338.52,337,20,0
1745529300,2025.04.24 21:15:00,3338.53,3339.07,3338.09,3338.72,348,20,0
1745529600,2025.04.24 21:20:00,3338.69,3338.71,3337.42,3337.73,334,20,0
1745529900,2025.04.24 21:25:00,3337.69,3340.26,3337.49,3337.98,398,20,0
1745530200,2025.04.24 21:30:00,3337.99,3338.23,3335.77,3336.50,325,20,0
1745530500,2025.04.24 21:35:00,3336.52,3336.92,3334.24,3334.86,326,20,0
1745530800,2025.04.24 21:40:00,3334.87,3335.20,3333.98,3335.16,265,20,0
1745531100,2025.04.24 21:45:00,3335.16,3336.15,3335.06,3335.58,310,20,0
1745531400,2025.04.24 21:50:00,3335.59,3336.15,3333.67,3333.84,348,20,0
1745531700,2025.04.24 21:55:00,3333.83,3335.27,3333.66,3334.75,293,20,0
1745532000,2025.04.24 22:00:00,3334.70,3334.93,3333.46,3334.27,336,20,0
1745532300,2025.04.24 22:05:00,3334.27,3335.80,3334.26,3335.25,305,20,0
1745532600,2025.04.24 22:10:00,3335.21,3336.27,3333.94,3336.25,330,20,0
1745532900,2025.04.24 22:15:00,3336.26,3336.92,3335.70,3336.87,270,20,0
1745533200,2025.04.24 22:20:00,3336.88,3337.36,3336.15,3336.60,256,20,0
1745533500,2025.04.24 22:25:00,3336.60,3337.14,3335.32,3336.80,270,20,0
1745533800,2025.04.24 22:30:00,3336.85,3339.52,3336.85,3338.83,333,20,0
1745534100,2025.04.24 22:35:00,3338.87,3340.61,3338.39,3340.47,308,20,0
1745534400,2025.04.24 22:40:00,3340.46,3341.71,3339.85,3341.62,299,20,0
1745534700,2025.04.24 22:45:00,3341.63,3344.38,3341.51,3343.84,340,20,0
1745535000,2025.04.24 22:50:00,3343.90,3345.82,3342.31,3345.80,364,20,0
1745535300,2025.04.24 22:55:00,3345.81,3347.00,3342.11,3342.14,432,20,0
1745535600,2025.04.24 23:00:00,3342.12,3342.49,3339.60,3342.21,328,20,0
1745535900,2025.04.24 23:05:00,3342.13,3342.13,3338.17,3338.37,228,20,0
1745536200,2025.04.24 23:10:00,3338.18,3340.74,3338.18,3339.42,210,20,0
1745536500,2025.04.24 23:15:00,3339.42,3340.61,3338.93,3339.46,121,20,0
1745536800,2025.04.24 23:20:00,3339.46,3340.38,3338.79,3339.94,157,20,0
1745537100,2025.04.24 23:25:00,3339.83,3341.81,3339.18,3341.63,158,20,0
1745537400,2025.04.24 23:30:00,3341.66,3346.06,3341.66,3345.40,244,20,0
1745537700,2025.04.24 23:35:00,3345.28,3346.31,3344.09,3344.71,190,20,0
1745538000,2025.04.24 23:40:00,3344.71,3345.82,3343.86,3345.31,208,20,0
1745538300,2025.04.24 23:45:00,3345.33,3348.00,3345.29,3347.83,232,20,0
1745538600,2025.04.24 23:50:00,3347.87,3349.80,3346.74,3349.45,236,20,0
1745538900,2025.04.24 23:55:00,3349.34,3349.94,3349.03,3349.27,116,20,0
1745542800,2025.04.25 01:00:00,3349.49,3359.55,3348.64,3358.89,341,20,0
1745543100,2025.04.25 01:05:00,3358.93,3358.93,3358.93,3358.93,1,28,0
1745543400,2025.04.25 01:10:00,3350.54,3358.93,3345.78,3351.74,66,20,0
1745543700,2025.04.25 01:15:00,3354.98,3357.15,3353.99,3355.86,78,20,0
1745544000,2025.04.25 01:20:00,3355.86,3358.50,3353.10,3355.15,193,20,0
1745544300,2025.04.25 01:25:00,3352.99,3363.51,3351.12,3363.46,359,20,0
1745544600,2025.04.25 01:30:00,3363.45,3370.31,3361.59,3364.01,470,20,0
1745544900,2025.04.25 01:35:00,3363.83,3370.67,3363.60,3365.64,323,20,0
1745545200,2025.04.25 01:40:00,3365.64,3366.31,3364.88,3365.57,245,20,0
1745545500,2025.04.25 01:45:00,3365.57,3365.75,3361.79,3364.54,257,20,0
1745545800,2025.04.25 01:50:00,3364.13,3364.88,3361.90,3364.08,265,20,0
1745546100,2025.04.25 01:55:00,3364.16,3367.52,3363.39,3366.97,251,20,0
1745546400,2025.04.25 02:00:00,3366.97,3368.15,3358.34,3359.39,407,20,0
1745546700,2025.04.25 02:05:00,3359.39,3362.34,3358.11,3362.34,311,20,0
1745547000,2025.04.25 02:10:00,3362.41,3362.55,3360.44,3361.69,263,20,0
1745547300,2025.04.25 02:15:00,3361.73,3361.74,3358.95,3359.64,224,20,0
1745547600,2025.04.25 02:20:00,3359.63,3359.70,3352.38,3352.87,328,20,0
1745547900,2025.04.25 02:25:00,3352.93,3355.23,3352.46,3354.56,254,20,0
1745548200,2025.04.25 02:30:00,3354.56,3355.48,3349.56,3349.56,322,20,0
1745548500,2025.04.25 02:35:00,3349.56,3351.70,3347.29,3351.62,364,20,0
1745548800,2025.04.25 02:40:00,3351.60,3353.31,3350.06,3351.07,315,20,0
1745549100,2025.04.25 02:45:00,3351.27,3354.42,3350.60,3353.13,293,20,0
1745549400,2025.04.25 02:50:00,3353.06,3354.82,3349.76,3349.77,253,20,0
1745549700,2025.04.25 02:55:00,3349.62,3351.19,3347.12,3348.91,407,20,0
1745550000,2025.04.25 03:00:00,3348.83,3353.25,3347.30,3352.14,434,20,0
1745550300,2025.04.25 03:05:00,3352.34,3357.29,3352.28,3354.54,417,20,0
1745550600,2025.04.25 03:10:00,3354.49,3358.20,3353.87,3355.94,397,20,0
1745550900,2025.04.25 03:15:00,3355.86,3361.32,3355.34,3359.42,443,20,0
1745551200,2025.04.25 03:20:00,3359.43,3360.47,3357.76,3358.50,380,20,0
1745551500,2025.04.25 03:25:00,3358.49,3359.54,3357.35,3357.52,252,20,0
1745551800,2025.04.25 03:30:00,3357.52,3361.22,3357.52,3359.28,323,20,0
1745552100,2025.04.25 03:35:00,3359.28,3359.29,3351.04,3352.75,413,20,0
1745552400,2025.04.25 03:40:00,3352.73,3353.48,3348.02,3351.57,430,20,0
1745552700,2025.04.25 03:45:00,3351.63,3353.94,3349.60,3353.68,352,20,0
1745553000,2025.04.25 03:50:00,3353.69,3356.73,3353.68,3356.67,345,20,0
1745553300,2025.04.25 03:55:00,3356.71,3358.24,3355.44,3358.00,400,20,0
1745553600,2025.04.25 04:00:00,3357.76,3358.41,3353.27,3358.29,545,20,0
1745553900,2025.04.25 04:05:00,3358.34,3360.60,3354.84,3360.35,471,20,0
1745554200,2025.04.25 04:10:00,3360.27,3362.99,3355.06,3355.30,487,20,0
1745554500,2025.04.25 04:15:00,3355.31,3356.46,3351.10,3351.76,472,20,0
1745554800,2025.04.25 04:20:00,3351.80,3353.95,3348.54,3348.60,456,20,0
1745555100,2025.04.25 04:25:00,3348.62,3352.54,3348.61,3352.54,432,20,0
1745555400,2025.04.25 04:30:00,3352.55,3354.75,3351.28,3353.30,401,20,0
1745555700,2025.04.25 04:35:00,3353.30,3353.30,3349.45,3349.73,380,20,0
1745556000,2025.04.25 04:40:00,3349.68,3352.27,3348.08,3349.27,405,20,0
1745556300,2025.04.25 04:45:00,3349.28,3351.50,3347.00,3347.65,405,20,0
1745556600,2025.04.25 04:50:00,3347.41,3347.61,3343.20,3344.27,458,20,0
1745556900,2025.04.25 04:55:00,3344.21,3346.82,3343.02,3345.43,449,20,0
1745557200,2025.04.25 05:00:00,3345.57,3350.79,3344.95,3349.42,447,20,0
1745557500,2025.04.25 05:05:00,3349.40,3350.35,3347.60,3349.13,355,20,0
1745557800,2025.04.25 05:10:00,3349.13,3353.34,3349.04,3352.50,368,20,0
1745558100,2025.04.25 05:15:00,3352.50,3352.93,3349.65,3350.73,283,20,0
1745558400,2025.04.25 05:20:00,3350.73,3350.73,3347.64,3347.90,361,20,0
1745558700,2025.04.25 05:25:00,3347.90,3348.46,3345.94,3347.77,330,20,0
1745559000,2025.04.25 05:30:00,3348.53,3349.95,3346.30,3348.56,409,20,0
1745559300,2025.04.25 05:35:00,3348.55,3350.90,3346.63,3346.95,342,20,0
1745559600,2025.04.25 05:40:00,3346.95,3347.21,3344.59,3346.56,398,20,0
1745559900,2025.04.25 05:45:00,3346.82,3348.62,3344.77,3348.49,327,20,0
1745560200,2025.04.25 05:50:00,3348.44,3348.46,3345.81,3346.40,344,20,0
1745560500,2025.04.25 05:55:00,3346.41,3348.62,3346.13,3348.62,332,20,0
1745560800,2025.04.25 06:00:00,3348.74,3350.30,3347.44,3348.89,321,20,0
1745561100,2025.04.25 06:05:00,3348.88,3351.28,3348.69,3351.05,294,20,0
1745561400,2025.04.25 06:10:00,3350.96,3351.13,3348.81,3349.40,294,20,0
1745561700,2025.04.25 06:15:00,3349.40,3350.24,3348.73,3350.24,296,20,0
1745562000,2025.04.25 06:20:00,3350.22,3354.09,3349.27,3350.58,412,20,0
1745562300,2025.04.25 06:25:00,3350.58,3352.20,3348.60,3348.85,342,20,0
1745562600,2025.04.25 06:30:00,3348.80,3349.50,3346.14,3346.14,232,20,0
1745562900,2025.04.25 06:35:00,3346.26,3349.06,3344.63,3347.20,382,20,0
1745563200,2025.04.25 06:40:00,3347.32,3348.08,3341.47,3342.19,423,20,0
1745563500,2025.04.25 06:45:00,3342.17,3342.68,3337.23,3338.34,421,20,0
1745563800,2025.04.25 06:50:00,3338.34,3338.36,3333.35,3336.26,418,20,0
1745564100,2025.04.25 06:55:00,3336.46,3336.66,3322.64,3323.48,511,20,0
1745564400,2025.04.25 07:00:00,3323.55,3327.57,3320.74,3324.80,513,20,0
1745564700,2025.04.25 07:05:00,3324.54,3326.42,3320.24,3321.69,458,20,0
1745565000,2025.04.25 07:10:00,3321.70,3322.39,3317.24,3321.64,461,20,0
1745565300,2025.04.25 07:15:00,3321.66,3324.28,3321.65,3322.45,456,20,0
1745565600,2025.04.25 07:20:00,3322.40,3325.06,3320.92,3324.89,389,20,0
1745565900,2025.04.25 07:25:00,3324.89,3326.46,3322.90,3323.95,376,20,0
1745566200,2025.04.25 07:30:00,3323.95,3323.95,3316.41,3321.26,452,20,0
1745566500,2025.04.25 07:35:00,3321.21,3322.47,3317.84,3320.98,391,20,0
1745566800,2025.04.25 07:40:00,3320.89,3323.48,3320.55,3323.19,379,20,0
1745567100,2025.04.25 07:45:00,3323.14,3324.65,3322.18,3324.65,360,20,0
1745567400,2025.04.25 07:50:00,3324.60,3325.49,3322.96,3324.48,325,20,0
1745567700,2025.04.25 07:55:00,3324.48,3326.25,3324.37,3324.77,289,20,0
1745568000,2025.04.25 08:00:00,3324.77,3327.06,3323.05,3323.41,338,20,0
1745568300,2025.04.25 08:05:00,3323.40,3324.62,3320.07,3321.66,387,20,0
1745568600,2025.04.25 08:10:00,3321.65,3322.81,3319.13,3321.26,334,20,0
1745568900,2025.04.25 08:15:00,3321.24,3321.24,3317.43,3317.59,292,20,0
1745569200,2025.04.25 08:20:00,3317.70,3320.17,3316.02,3320.15,400,20,0
1745569500,2025.04.25 08:25:00,3320.15,3320.25,3317.76,3319.17,297,20,0
1745569800,2025.04.25 08:30:00,3319.15,3319.15,3311.82,3313.46,544,20,0
1745570100,2025.04.25 08:35:00,3313.27,3318.66,3312.60,3314.38,508,20,0
1745570400,2025.04.25 08:40:00,3314.35,3314.35,3306.89,3309.18,475,20,0
1745570700,2025.04.25 08:45:00,3309.25,3309.44,3299.50,3302.76,564,20,0
1745571000,2025.04.25 08:50:00,3303.10,3305.02,3287.04,3290.36,560,20,0
1745571300,2025.04.25 08:55:00,3291.27,3295.40,3287.19,3294.26,556,20,0
1745571600,2025.04.25 09:00:00,3294.42,3297.04,3290.31,3296.73,542,20,0
1745571900,2025.04.25 09:05:00,3296.94,3297.35,3287.51,3291.24,528,20,0
1745572200,2025.04.25 09:10:00,3291.24,3294.21,3288.09,3288.95,530,20,0
1745572500,2025.04.25 09:15:00,3288.80,3296.54,3287.72,3295.08,537,20,0
1745572800,2025.04.25 09:20:00,3295.12,3298.28,3294.50,3296.29,524,20,0
1745573100,2025.04.25 09:25:00,3296.31,3298.43,3292.97,3297.79,498,20,0
1745573400,2025.04.25 09:30:00,3297.78,3301.67,3295.31,3300.52,515,20,0
1745573700,2025.04.25 09:35:00,3300.53,3305.02,3299.16,3304.14,529,20,0
1745574000,2025.04.25 09:40:00,3304.12,3306.29,3301.82,3305.04,511,20,0
1745574300,2025.04.25 09:45:00,3305.03,3305.76,3300.70,3301.90,492,20,0
1745574600,2025.04.25 09:50:00,3301.90,3302.64,3299.21,3300.93,447,20,0
1745574900,2025.04.25 09:55:00,3301.00,3304.63,3300.73,3304.27,413,20,0
1745575200,2025.04.25 10:00:00,3304.47,3308.81,3303.88,3307.62,442,20,0
1745575500,2025.04.25 10:05:00,3307.62,3308.47,3305.91,3306.26,408,20,0
1745575800,2025.04.25 10:10:00,3306.26,3310.10,3303.10,3309.24,410,20,0
1745576100,2025.04.25 10:15:00,3308.95,3314.44,3308.80,3313.36,482,20,0
1745576400,2025.04.25 10:20:00,3313.37,3314.33,3309.50,3310.27,428,20,0
1745576700,2025.04.25 10:25:00,3310.50,3310.50,3306.11,3306.62,370,20,0
1745577000,2025.04.25 10:30:00,3306.57,3309.84,3305.49,3309.70,398,20,0
1745577300,2025.04.25 10:35:00,3309.70,3310.05,3307.70,3308.95,318,20,0
1745577600,2025.04.25 10:40:00,3308.49,3308.93,3304.51,3304.86,405,20,0
1745577900,2025.04.25 10:45:00,3304.86,3308.46,3304.00,3307.79,320,20,0
1745578200,2025.04.25 10:50:00,3307.79,3308.20,3306.22,3308.00,298,20,0
1745578500,2025.04.25 10:55:00,3308.05,3308.41,3305.53,3307.10,331,20,0
1745578800,2025.04.25 11:00:00,3307.19,3307.91,3302.57,3303.34,368,20,0
1745579100,2025.04.25 11:05:00,3303.41,3304.56,3299.68,3300.11,396,20,0
1745579400,2025.04.25 11:10:00,3300.04,3300.33,3295.26,3295.64,433,20,0
1745579700,2025.04.25 11:15:00,3295.59,3298.88,3292.50,3294.40,469,20,0
1745580000,2025.04.25 11:20:00,3294.40,3297.92,3292.00,3297.48,449,20,0
1745580300,2025.04.25 11:25:00,3296.88,3301.65,3296.82,3301.56,422,20,0
1745580600,2025.04.25 11:30:00,3301.55,3301.55,3298.11,3299.59,366,20,0
1745580900,2025.04.25 11:35:00,3299.91,3301.52,3297.92,3301.48,372,20,0
1745581200,2025.04.25 11:40:00,3301.49,3303.49,3300.02,3300.49,366,20,0
1745581500,2025.04.25 11:45:00,3300.48,3305.47,3300.37,3300.92,380,20,0
1745581800,2025.04.25 11:50:00,3300.87,3303.22,3300.85,3302.18,279,20,0
1745582100,2025.04.25 11:55:00,3302.18,3304.23,3301.85,3303.70,281,20,0
1745582400,2025.04.25 12:00:00,3303.68,3307.19,3303.68,3304.59,374,20,0
1745582700,2025.04.25 12:05:00,3304.57,3308.55,3304.07,3307.67,377,20,0
1745583000,2025.04.25 12:10:00,3307.62,3308.84,3303.69,3304.57,395,20,0
1745583300,2025.04.25 12:15:00,3304.57,3306.52,3304.06,3304.37,293,20,0
1745583600,2025.04.25 12:20:00,3304.38,3304.40,3301.11,3304.33,341,20,0
1745583900,2025.04.25 12:25:00,3304.31,3306.99,3303.42,3303.83,435,20,0
1745584200,2025.04.25 12:30:00,3303.84,3303.87,3298.58,3299.09,428,20,0
1745584500,2025.04.25 12:35:00,3299.09,3299.88,3298.20,3299.44,333,20,0
1745584800,2025.04.25 12:40:00,3299.47,3299.88,3298.39,3298.71,239,20,0
1745585100,2025.04.25 12:45:00,3299.13,3299.77,3295.56,3296.11,293,20,0
1745585400,2025.04.25 12:50:00,3296.06,3297.86,3292.76,3292.84,350,20,0
1745585700,2025.04.25 12:55:00,3292.85,3295.43,3292.05,3292.22,381,20,0
1745586000,2025.04.25 13:00:00,3292.16,3295.78,3292.01,3295.47,341,20,0
1745586300,2025.04.25 13:05:00,3295.48,3299.57,3294.76,3298.67,303,20,0
1745586600,2025.04.25 13:10:00,3298.67,3299.23,3297.42,3297.86,266,20,0
1745586900,2025.04.25 13:15:00,3297.86,3300.86,3295.79,3300.04,371,20,0
1745587200,2025.04.25 13:20:00,3300.03,3303.11,3299.56,3299.56,362,20,0
1745587500,2025.04.25 13:25:00,3299.49,3304.83,3299.31,3304.83,294,20,0
1745587800,2025.04.25 13:30:00,3304.74,3305.02,3302.51,3303.69,388,20,0
1745588100,2025.04.25 13:35:00,3303.69,3306.22,3302.93,3304.08,345,20,0
1745588400,2025.04.25 13:40:00,3304.09,3306.31,3301.21,3303.59,406,20,0
1745588700,2025.04.25 13:45:00,3303.59,3303.59,3299.79,3300.07,308,20,0
1745589000,2025.04.25 13:50:00,3300.02,3300.90,3297.99,3299.76,388,20,0
1745589300,2025.04.25 13:55:00,3299.76,3301.29,3297.76,3297.95,303,20,0
1745589600,2025.04.25 14:00:00,3298.00,3299.27,3296.96,3298.54,317,20,0
1745589900,2025.04.25 14:05:00,3298.55,3300.26,3297.83,3299.56,263,20,0
1745590200,2025.04.25 14:10:00,3299.49,3300.93,3298.01,3298.40,276,20,0
1745590500,2025.04.25 14:15:00,3298.40,3298.78,3294.72,3295.42,320,20,0
1745590800,2025.04.25 14:20:00,3295.34,3297.01,3294.57,3295.64,308,20,0
1745591100,2025.04.25 14:25:00,3295.72,3299.19,3294.44,3298.63,364,20,0
1745591400,2025.04.25 14:30:00,3298.64,3299.62,3298.10,3298.66,297,20,0
1745591700,2025.04.25 14:35:00,3298.65,3298.65,3293.65,3293.65,325,20,0
1745592000,2025.04.25 14:40:00,3293.65,3293.77,3288.27,3289.31,463,20,0
1745592300,2025.04.25 14:45:00,3289.32,3294.35,3287.89,3293.30,416,20,0
1745592600,2025.04.25 14:50:00,3293.22,3295.45,3291.80,3294.28,358,20,0
1745592900,2025.04.25 14:55:00,3294.28,3295.14,3292.30,3293.76,350,20,0
1745593200,2025.04.25 15:00:00,3293.54,3300.07,3293.36,3298.50,444,20,0
1745593500,2025.04.25 15:05:00,3298.48,3299.92,3295.36,3297.00,392,20,0
1745593800,2025.04.25 15:10:00,3296.94,3297.27,3292.77,3293.04,381,20,0
1745594100,2025.04.25 15:15:00,3293.10,3294.34,3291.17,3292.74,373,20,0
1745594400,2025.04.25 15:20:00,3292.65,3295.74,3291.77,3294.36,431,20,0
1745594700,2025.04.25 15:25:00,3294.34,3303.02,3294.15,3298.46,457,20,0
1745595000,2025.04.25 15:30:00,3298.49,3298.49,3291.76,3295.55,468,20,0
1745595300,2025.04.25 15:35:00,3295.59,3298.56,3293.70,3295.25,430,20,0
1745595600,2025.04.25 15:40:00,3295.19,3296.46,3293.56,3295.47,307,20,0
1745595900,2025.04.25 15:45:00,3295.47,3298.18,3294.23,3298.18,298,20,0
1745596200,2025.04.25 15:50:00,3298.01,3298.01,3294.55,3295.45,326,20,0
1745596500,2025.04.25 15:55:00,3295.45,3297.05,3292.53,3292.64,383,20,0
1745596800,2025.04.25 16:00:00,3292.65,3292.91,3276.83,3284.03,583,20,0
1745597100,2025.04.25 16:05:00,3284.03,3288.62,3281.14,3283.47,523,20,0
1745597400,2025.04.25 16:10:00,3283.47,3287.36,3280.95,3284.56,509,20,0
1745597700,2025.04.25 16:15:00,3284.46,3284.54,3271.48,3277.32,561,20,0
1745598000,2025.04.25 16:20:00,3277.08,3278.87,3269.82,3270.55,540,20,0
1745598300,2025.04.25 16:25:00,3270.64,3273.90,3268.41,3273.25,549,20,0
1745598600,2025.04.25 16:30:00,3273.86,3274.40,3265.15,3270.28,563,20,0
1745598900,2025.04.25 16:35:00,3270.25,3270.25,3265.47,3268.78,535,20,0
1745599200,2025.04.25 16:40:00,3268.79,3280.04,3267.49,3279.27,550,20,0
1745599500,2025.04.25 16:45:00,3279.07,3284.23,3277.62,3282.07,549,20,0
1745599800,2025.04.25 16:50:00,3282.02,3284.49,3280.25,3281.51,541,20,0
1745600100,2025.04.25 16:55:00,3281.53,3284.55,3279.47,3281.21,486,20,0
1745600400,2025.04.25 17:00:00,3281.18,3281.54,3275.49,3278.48,527,20,0
1745600700,2025.04.25 17:05:00,3278.53,3286.19,3277.96,3281.78,552,20,0
1745601000,2025.04.25 17:10:00,3281.88,3286.06,3281.88,3282.72,527,20,0
1745601300,2025.04.25 17:15:00,3282.72,3283.71,3277.68,3279.47,510,20,0
1745601600,2025.04.25 17:20:00,3279.46,3283.93,3278.09,3282.14,504,20,0
1745601900,2025.04.25 17:25:00,3282.14,3287.08,3282.01,3285.90,506,20,0
1745602200,2025.04.25 17:30:00,3285.91,3286.44,3282.26,3285.40,503,20,0
1745602500,2025.04.25 17:35:00,3285.39,3285.79,3280.09,3281.93,485,20,0
1745602800,2025.04.25 17:40:00,3281.93,3282.65,3280.28,3282.35,458,20,0
1745603100,2025.04.25 17:45:00,3282.26,3282.57,3279.58,3280.81,465,20,0
1745603400,2025.04.25 17:50:00,3280.74,3280.83,3274.71,3277.24,516,20,0
1745603700,2025.04.25 17:55:00,3277.26,3278.53,3275.13,3278.13,477,20,0
1745604000,2025.04.25 18:00:00,3278.13,3280.82,3276.96,3280.12,448,20,0
1745604300,2025.04.25 18:05:00,3280.11,3280.32,3274.45,3274.50,449,20,0
1745604600,2025.04.25 18:10:00,3274.51,3274.91,3271.14,3272.44,465,20,0
1745604900,2025.04.25 18:15:00,3272.61,3275.30,3272.46,3273.69,439,20,0
1745605200,2025.04.25 18:20:00,3273.63,3273.77,3270.18,3271.84,450,20,0
1745605500,2025.04.25 18:25:00,3271.89,3273.00,3270.72,3272.33,394,20,0
1745605800,2025.04.25 18:30:00,3272.42,3275.32,3271.96,3274.24,423,20,0
1745606100,2025.04.25 18:35:00,3274.24,3278.54,3274.10,3276.87,444,20,0
1745606400,2025.04.25 18:40:00,3276.88,3280.19,3274.90,3280.18,416,20,0
1745606700,2025.04.25 18:45:00,3280.09,3281.18,3278.36,3280.70,390,20,0
1745607000,2025.04.25 18:50:00,3280.69,3285.51,3280.45,3284.28,414,20,0
1745607300,2025.04.25 18:55:00,3284.41,3284.45,3281.67,3282.97,410,20,0
1745607600,2025.04.25 19:00:00,3282.98,3284.51,3281.36,3284.46,376,20,0
1745607900,2025.04.25 19:05:00,3284.61,3285.76,3282.31,3282.69,362,20,0
1745608200,2025.04.25 19:10:00,3282.67,3284.17,3281.55,3283.97,322,20,0
1745608500,2025.04.25 19:15:00,3283.90,3284.08,3282.15,3283.52,276,20,0
1745608800,2025.04.25 19:20:00,3283.52,3283.52,3281.37,3281.74,267,20,0
1745609100,2025.04.25 19:25:00,3281.75,3284.16,3281.64,3283.31,331,20,0
1745609400,2025.04.25 19:30:00,3283.31,3285.53,3283.18,3284.75,316,20,0
1745609700,2025.04.25 19:35:00,3284.75,3285.56,3283.22,3284.85,268,20,0
1745610000,2025.04.25 19:40:00,3284.81,3285.53,3280.44,3280.84,322,20,0
1745610300,2025.04.25 19:45:00,3280.84,3283.15,3280.38,3283.02,280,20,0
1745610600,2025.04.25 19:50:00,3283.02,3285.15,3283.02,3284.34,276,20,0
1745610900,2025.04.25 19:55:00,3284.54,3287.54,3283.61,3285.42,310,20,0
1745611200,2025.04.25 20:00:00,3285.37,3285.52,3282.04,3282.33,357,20,0
1745611500,2025.04.25 20:05:00,3282.33,3285.59,3281.85,3285.53,376,20,0
1745611800,2025.04.25 20:10:00,3285.43,3288.52,3285.11,3287.59,382,20,0
1745612100,2025.04.25 20:15:00,3287.77,3290.36,3286.60,3289.96,367,20,0
1745612400,2025.04.25 20:20:00,3289.96,3291.29,3286.58,3287.15,415,20,0
1745612700,2025.04.25 20:25:00,3287.10,3288.98,3286.61,3286.94,416,20,0
1745613000,2025.04.25 20:30:00,3287.05,3289.12,3286.19,3289.12,292,20,0
1745613300,2025.04.25 20:35:00,3289.13,3294.58,3289.13,3294.46,350,20,0
1745613600,2025.04.25 20:40:00,3294.42,3294.73,3291.73,3292.03,371,20,0
1745613900,2025.04.25 20:45:00,3292.00,3292.71,3289.74,3291.82,354,20,0
1745614200,2025.04.25 20:50:00,3291.88,3295.02,3291.88,3293.92,360,20,0
1745614500,2025.04.25 20:55:00,3293.97,3294.53,3291.99,3293.15,357,20,0
1745614800,2025.04.25 21:00:00,3293.28,3295.02,3291.57,3293.68,350,20,0
1745615100,2025.04.25 21:05:00,3293.71,3297.02,3293.67,3296.00,325,20,0
1745615400,2025.04.25 21:10:00,3296.00,3296.80,3293.49,3293.69,287,20,0
1745615700,2025.04.25 21:15:00,3293.67,3294.79,3292.45,3294.60,267,20,0
1745616000,2025.04.25 21:20:00,3294.60,3294.76,3293.30,3293.76,244,20,0
1745616300,2025.04.25 21:25:00,3293.76,3294.72,3292.27,3293.14,322,20,0
1745616600,2025.04.25 21:30:00,3293.23,3294.50,3292.43,3292.57,251,20,0
1745616900,2025.04.25 21:35:00,3292.59,3293.33,3291.03,3291.03,268,20,0
1745617200,2025.04.25 21:40:00,3291.36,3291.78,3290.52,3291.33,245,20,0
1745617500,2025.04.25 21:45:00,3291.33,3292.07,3290.39,3290.65,208,20,0
1745617800,2025.04.25 21:50:00,3290.67,3290.88,3288.76,3289.31,229,20,0
1745618100,2025.04.25 21:55:00,3289.31,3290.23,3288.38,3288.39,269,20,0
1745618400,2025.04.25 22:00:00,3288.38,3290.20,3288.18,3289.69,268,20,0
1745618700,2025.04.25 22:05:00,3289.66,3290.09,3287.81,3288.58,228,20,0
1745619000,2025.04.25 22:10:00,3288.58,3290.11,3287.97,3289.77,219,20,0
1745619300,2025.04.25 22:15:00,3289.80,3292.81,3289.67,3291.62,291,20,0
1745619600,2025.04.25 22:20:00,3291.62,3295.02,3291.62,3295.02,243,20,0
1745619900,2025.04.25 22:25:00,3294.97,3295.30,3294.25,3294.70,245,20,0
1745620200,2025.04.25 22:30:00,3294.69,3299.04,3294.69,3298.59,322,20,0
1745620500,2025.04.25 22:35:00,3298.59,3304.77,3298.46,3304.03,403,20,0
1745620800,2025.04.25 22:40:00,3304.05,3308.67,3303.87,3308.42,387,20,0
1745621100,2025.04.25 22:45:00,3308.53,3308.59,3304.08,3308.00,396,20,0
1745621400,2025.04.25 22:50:00,3308.02,3312.39,3306.97,3307.05,444,20,0
1745621700,2025.04.25 22:55:00,3307.21,3308.66,3304.39,3304.75,399,20,0
1745622000,2025.04.25 23:00:00,3304.75,3306.87,3304.75,3305.65,275,20,0
1745622300,2025.04.25 23:05:00,3305.73,3306.19,3304.72,3305.78,188,20,0
1745622600,2025.04.25 23:10:00,3305.78,3306.91,3304.67,3305.44,182,20,0
1745622900,2025.04.25 23:15:00,3305.44,3307.03,3305.39,3306.69,160,20,0
1745623200,2025.04.25 23:20:00,3306.69,3311.38,3306.56,3309.10,213,20,0
1745623500,2025.04.25 23:25:00,3309.10,3309.10,3306.69,3308.66,206,20,0
1745623800,2025.04.25 23:30:00,3308.60,3309.25,3308.06,3308.84,176,20,0
1745624100,2025.04.25 23:35:00,3308.78,3309.97,3307.05,3309.90,198,20,0
1745624400,2025.04.25 23:40:00,3309.90,3314.34,3309.49,3314.34,229,20,0
1745624700,2025.04.25 23:45:00,3314.36,3315.65,3313.51,3314.26,270,20,0
1745625000,2025.04.25 23:50:00,3314.36,3316.45,3314.27,3316.41,205,20,0
1745625300,2025.04.25 23:55:00,3316.46,3319.22,3316.46,3318.77,174,20,0
1745802000,2025.04.28 01:00:00,3324.53,3336.58,3321.15,3325.90,456,20,0
1745802300,2025.04.28 01:05:00,3325.90,3325.90,3322.08,3322.12,288,20,0
1745802600,2025.04.28 01:10:00,3321.95,3330.20,3321.10,3326.93,368,20,0
1745802900,2025.04.28 01:15:00,3326.70,3327.32,3322.69,3325.16,274,20,0
1745803200,2025.04.28 01:20:00,3325.16,3325.97,3316.38,3317.60,327,20,0
1745803500,2025.04.28 01:25:00,3317.65,3321.20,3316.57,3317.35,274,20,0
1745803800,2025.04.28 01:30:00,3317.34,3317.51,3309.40,3310.12,380,20,0
1745804100,2025.04.28 01:35:00,3310.43,3313.96,3309.59,3312.93,270,20,0
1745804400,2025.04.28 01:40:00,3312.97,3313.13,3309.19,3309.19,216,20,0
1745804700,2025.04.28 01:45:00,3309.44,3314.60,3309.36,3311.63,262,20,0
1745805000,2025.04.28 01:50:00,3311.77,3312.86,3310.44,3311.04,175,20,0
1745805300,2025.04.28 01:55:00,3311.05,3312.96,3310.50,3310.63,229,20,0
1745805600,2025.04.28 02:00:00,3310.67,3312.33,3308.28,3312.22,325,20,0
1745805900,2025.04.28 02:05:00,3312.22,3316.38,3310.81,3315.67,291,20,0
1745806200,2025.04.28 02:10:00,3315.54,3318.11,3309.03,3309.07,378,20,0
1745806500,2025.04.28 02:15:00,3308.84,3308.89,3303.17,3305.13,402,20,0
1745806800,2025.04.28 02:20:00,3304.71,3305.90,3300.30,3305.25,314,20,0
1745807100,2025.04.28 02:25:00,3305.37,3311.36,3305.33,3308.01,360,20,0
1745807400,2025.04.28 02:30:00,3307.91,3308.77,3305.62,3307.26,269,20,0
1745807700,2025.04.28 02:35:00,3307.26,3307.98,3305.09,3307.89,187,20,0
1745808000,2025.04.28 02:40:00,3307.89,3308.31,3305.83,3306.11,186,20,0
1745808300,2025.04.28 02:45:00,3306.11,3306.49,3300.48,3302.07,333,20,0
1745808600,2025.04.28 02:50:00,3302.07,3302.75,3299.29,3302.36,319,20,0
1745808900,2025.04.28 02:55:00,3302.34,3303.41,3298.69,3302.64,360,20,0
1745809200,2025.04.28 03:00:00,3302.64,3308.25,3301.53,3308.09,407,20,0
1745809500,2025.04.28 03:05:00,3308.09,3313.32,3307.44,3310.83,447,20,0
1745809800,2025.04.28 03:10:00,3310.83,3311.18,3305.09,3307.21,430,20,0
1745810100,2025.04.28 03:15:00,3307.21,3311.55,3306.70,3307.26,307,20,0
1745810400,2025.04.28 03:20:00,3307.26,3309.05,3306.28,3307.84,243,20,0
1745810700,2025.04.28 03:25:00,3307.84,3310.98,3305.65,3310.49,294,20,0
1745811000,2025.04.28 03:30:00,3311.03,3313.34,3310.65,3311.17,321,20,0
1745811300,2025.04.28 03:35:00,3311.04,3311.93,3308.95,3310.56,246,20,0
1745811600,2025.04.28 03:40:00,3310.57,3312.27,3307.82,3308.58,274,20,0
1745811900,2025.04.28 03:45:00,3308.59,3313.57,3308.59,3312.50,280,20,0
1745812200,2025.04.28 03:50:00,3312.50,3315.94,3311.57,3314.21,370,20,0
1745812500,2025.04.28 03:55:00,3314.07,3315.45,3312.07,3314.02,340,20,0
1745812800,2025.04.28 04:00:00,3314.02,3315.03,3309.54,3310.49,548,20,0
1745813100,2025.04.28 04:05:00,3310.46,3311.22,3305.56,3308.86,502,20,0
1745813400,2025.04.28 04:10:00,3308.94,3312.10,3306.11,3307.04,420,20,0
1745813700,2025.04.28 04:15:00,3307.11,3308.03,3301.34,3301.88,522,20,0
1745814000,2025.04.28 04:20:00,3301.86,3303.72,3295.75,3295.75,488,20,0
1745814300,2025.04.28 04:25:00,3295.29,3296.02,3290.11,3290.99,525,20,0
1745814600,2025.04.28 04:30:00,3291.12,3291.12,3282.86,3289.22,546,20,0
1745814900,2025.04.28 04:35:00,3288.94,3290.92,3284.21,3284.55,491,20,0
1745815200,2025.04.28 04:40:00,3284.61,3286.83,3279.07,3285.90,538,20,0
1745815500,2025.04.28 04:45:00,3285.95,3291.08,3285.83,3287.11,471,20,0
1745815800,2025.04.28 04:50:00,3286.90,3291.26,3286.41,3287.60,437,20,0
1745816100,2025.04.28 04:55:00,3287.55,3288.35,3279.66,3281.09,431,20,0
1745816400,2025.04.28 05:00:00,3280.90,3283.29,3271.20,3275.72,510,20,0
1745816700,2025.04.28 05:05:00,3275.68,3279.20,3271.61,3272.56,521,20,0
1745817000,2025.04.28 05:10:00,3272.59,3273.30,3267.89,3271.16,508,20,0
1745817300,2025.04.28 05:15:00,3271.15,3275.24,3269.23,3273.26,423,20,0
1745817600,2025.04.28 05:20:00,3273.18,3276.16,3271.32,3274.61,361,20,0
1745817900,2025.04.28 05:25:00,3274.61,3275.81,3273.16,3274.68,282,20,0
1745818200,2025.04.28 05:30:00,3274.69,3278.82,3272.27,3276.45,492,20,0
1745818500,2025.04.28 05:35:00,3276.64,3280.77,3276.40,3279.18,446,20,0
1745818800,2025.04.28 05:40:00,3279.23,3283.28,3279.15,3280.10,373,20,0
1745819100,2025.04.28 05:45:00,3280.27,3286.28,3279.75,3284.27,371,20,0
1745819400,2025.04.28 05:50:00,3284.07,3286.44,3282.78,3283.24,374,20,0
1745819700,2025.04.28 05:55:00,3283.27,3283.27,3281.21,3281.24,333,20,0
1745820000,2025.04.28 06:00:00,3281.04,3284.52,3280.50,3284.12,305,20,0
1745820300,2025.04.28 06:05:00,3284.11,3286.15,3283.92,3284.02,314,20,0
1745820600,2025.04.28 06:10:00,3284.06,3285.17,3281.33,3283.20,361,20,0
1745820900,2025.04.28 06:15:00,3283.20,3292.23,3282.47,3289.82,445,20,0
1745821200,2025.04.28 06:20:00,3289.84,3294.04,3289.30,3292.77,330,20,0
1745821500,2025.04.28 06:25:00,3292.83,3295.24,3291.32,3292.88,309,20,0
1745821800,2025.04.28 06:30:00,3292.66,3293.20,3290.71,3291.39,283,20,0
1745822100,2025.04.28 06:35:00,3291.41,3294.18,3289.85,3293.83,331,20,0
1745822400,2025.04.28 06:40:00,3293.84,3294.07,3292.52,3293.40,231,20,0
1745822700,2025.04.28 06:45:00,3293.44,3294.18,3292.43,3293.21,224,20,0
1745823000,2025.04.28 06:50:00,3293.12,3294.24,3292.68,3294.08,218,20,0
1745823300,2025.04.28 06:55:00,3294.06,3294.25,3290.37,3290.87,342,20,0
1745823600,2025.04.28 07:00:00,3290.88,3293.26,3290.75,3292.46,205,20,0
1745823900,2025.04.28 07:05:00,3292.48,3292.72,3289.17,3289.55,246,20,0
1745824200,2025.04.28 07:10:00,3289.55,3291.88,3289.11,3290.36,326,20,0
1745824500,2025.04.28 07:15:00,3290.35,3291.88,3288.59,3291.74,231,20,0
1745824800,2025.04.28 07:20:00,3291.63,3292.97,3291.20,3292.55,181,20,0
1745825100,2025.04.28 07:25:00,3292.26,3294.20,3291.40,3293.82,205,20,0
1745825400,2025.04.28 07:30:00,3293.41,3294.02,3292.10,3292.80,168,20,0
1745825700,2025.04.28 07:35:00,3292.80,3294.28,3291.89,3293.96,137,20,0
1745826000,2025.04.28 07:40:00,3293.94,3294.27,3291.33,3291.72,167,20,0
1745826300,2025.04.28 07:45:00,3291.72,3297.69,3289.85,3296.65,357,20,0
1745826600,2025.04.28 07:50:00,3296.65,3298.66,3295.28,3298.16,309,20,0
1745826900,2025.04.28 07:55:00,3298.07,3299.03,3297.51,3298.93,218,20,0
1745827200,2025.04.28 08:00:00,3299.12,3299.80,3297.05,3298.30,275,20,0
1745827500,2025.04.28 08:05:00,3298.30,3299.70,3296.99,3297.32,159,20,0
1745827800,2025.04.28 08:10:00,3297.33,3298.06,3296.09,3296.65,178,20,0
1745828100,2025.04.28 08:15:00,3296.70,3297.58,3295.01,3297.29,208,20,0
1745828400,2025.04.28 08:20:00,3297.22,3298.22,3296.44,3297.53,187,20,0
1745828700,2025.04.28 08:25:00,3297.61,3298.96,3296.63,3297.34,233,20,0
1745829000,2025.04.28 08:30:00,3297.45,3301.01,3294.99,3297.61,361,20,0
1745829300,2025.04.28 08:35:00,3297.91,3299.41,3288.44,3291.92,459,20,0
1745829600,2025.04.28 08:40:00,3291.90,3292.43,3287.92,3288.32,345,20,0
1745829900,2025.04.28 08:45:00,3288.02,3293.23,3287.92,3293.02,333,20,0
1745830200,2025.04.28 08:50:00,3293.03,3295.24,3292.06,3292.93,279,20,0
1745830500,2025.04.28 08:55:00,3292.84,3295.94,3292.84,3295.06,308,20,0
1745830800,2025.04.28 09:00:00,3295.05,3295.55,3292.08,3292.83,338,20,0
1745831100,2025.04.28 09:05:00,3292.84,3296.41,3292.84,3294.23,418,20,0
1745831400,2025.04.28 09:10:00,3294.22,3295.89,3292.34,3292.34,362,20,0
1745831700,2025.04.28 09:15:00,3292.17,3295.19,3288.16,3294.75,439,20,0
1745832000,2025.04.28 09:20:00,3294.75,3294.95,3291.90,3292.60,387,20,0
1745832300,2025.04.28 09:25:00,3292.61,3293.97,3291.53,3292.68,339,20,0
1745832600,2025.04.28 09:30:00,3292.68,3292.78,3290.70,3291.62,301,20,0
1745832900,2025.04.28 09:35:00,3291.71,3291.73,3285.43,3285.61,429,20,0
1745833200,2025.04.28 09:40:00,3285.65,3287.46,3284.25,3287.27,405,20,0
1745833500,2025.04.28 09:45:00,3287.18,3288.85,3285.96,3287.91,289,20,0
1745833800,2025.04.28 09:50:00,3287.91,3287.95,3282.83,3283.14,354,20,0
1745834100,2025.04.28 09:55:00,3283.05,3284.94,3281.90,3283.18,428,20,0
1745834400,2025.04.28 10:00:00,3283.28,3288.27,3280.20,3280.32,487,20,0
1745834700,2025.04.28 10:05:00,3280.37,3286.48,3277.72,3286.03,460,20,0
1745835000,2025.04.28 10:10:00,3286.03,3286.87,3284.34,3286.09,297,20,0
1745835300,2025.04.28 10:15:00,3286.09,3286.42,3280.63,3280.78,316,20,0
1745835600,2025.04.28 10:20:00,3280.68,3282.81,3280.21,3280.68,283,20,0
1745835900,2025.04.28 10:25:00,3280.81,3281.83,3278.49,3280.10,333,20,0
1745836200,2025.04.28 10:30:00,3279.84,3283.95,3279.13,3283.46,332,20,0
1745836500,2025.04.28 10:35:00,3283.40,3290.78,3282.19,3289.39,361,20,0
1745836800,2025.04.28 10:40:00,3289.39,3291.57,3285.90,3289.97,379,20,0
1745837100,2025.04.28 10:45:00,3289.89,3292.44,3289.05,3290.13,302,20,0
1745837400,2025.04.28 10:50:00,3290.14,3290.82,3287.16,3288.95,296,20,0
1745837700,2025.04.28 10:55:00,3289.15,3291.66,3286.85,3287.39,343,20,0
1745838000,2025.04.28 11:00:00,3287.42,3288.52,3284.10,3284.60,368,20,0
1745838300,2025.04.28 11:05:00,3284.60,3287.19,3284.16,3286.39,313,20,0
1745838600,2025.04.28 11:10:00,3286.26,3287.32,3283.77,3284.31,259,20,0
1745838900,2025.04.28 11:15:00,3284.30,3285.46,3283.88,3285.21,250,20,0
1745839200,2025.04.28 11:20:00,3285.21,3286.96,3284.88,3286.62,238,20,0
1745839500,2025.04.28 11:25:00,3286.53,3286.53,3283.86,3284.23,249,20,0
1745839800,2025.04.28 11:30:00,3284.23,3284.41,3281.86,3281.99,294,20,0
1745840100,2025.04.28 11:35:00,3281.99,3284.91,3281.61,3283.13,320,20,0
1745840400,2025.04.28 11:40:00,3282.82,3283.95,3281.97,3282.64,284,20,0
1745840700,2025.04.28 11:45:00,3282.76,3283.14,3281.18,3281.41,282,20,0
1745841000,2025.04.28 11:50:00,3281.42,3283.12,3279.19,3279.94,285,20,0
1745841300,2025.04.28 11:55:00,3280.20,3282.95,3280.05,3282.65,297,20,0
1745841600,2025.04.28 12:00:00,3282.65,3287.30,3282.49,3286.81,373,20,0
1745841900,2025.04.28 12:05:00,3286.71,3286.71,3284.58,3285.23,284,20,0
1745842200,2025.04.28 12:10:00,3285.23,3285.42,3282.66,3284.02,267,20,0
1745842500,2025.04.28 12:15:00,3283.97,3283.99,3282.02,3282.53,263,20,0
1745842800,2025.04.28 12:20:00,3282.53,3283.57,3281.61,3283.48,276,20,0
1745843100,2025.04.28 12:25:00,3283.41,3283.68,3277.82,3278.26,407,20,0
1745843400,2025.04.28 12:30:00,3278.25,3281.42,3276.62,3280.57,429,20,0
1745843700,2025.04.28 12:35:00,3280.53,3281.62,3279.61,3280.63,321,20,0
1745844000,2025.04.28 12:40:00,3280.62,3280.62,3279.30,3279.80,260,20,0
1745844300,2025.04.28 12:45:00,3279.78,3279.78,3278.01,3279.62,304,20,0
1745844600,2025.04.28 12:50:00,3279.65,3279.92,3277.17,3277.37,305,20,0
1745844900,2025.04.28 12:55:00,3277.36,3277.86,3274.52,3274.52,348,20,0
1745845200,2025.04.28 13:00:00,3274.52,3278.15,3273.20,3276.82,467,20,0
1745845500,2025.04.28 13:05:00,3276.82,3279.00,3276.52,3277.94,402,20,0
1745845800,2025.04.28 13:10:00,3277.94,3280.72,3277.11,3278.69,306,20,0
1745846100,2025.04.28 13:15:00,3278.68,3281.77,3278.67,3280.27,311,20,0
1745846400,2025.04.28 13:20:00,3280.27,3282.28,3279.99,3281.90,265,20,0
1745846700,2025.04.28 13:25:00,3281.91,3283.83,3281.91,3283.80,311,20,0
1745847000,2025.04.28 13:30:00,3283.83,3285.38,3283.45,3284.66,337,20,0
1745847300,2025.04.28 13:35:00,3284.76,3288.39,3284.76,3287.25,370,20,0
1745847600,2025.04.28 13:40:00,3287.25,3289.94,3287.09,3289.21,328,20,0
1745847900,2025.04.28 13:45:00,3289.27,3289.96,3287.63,3288.76,348,20,0
1745848200,2025.04.28 13:50:00,3288.76,3291.89,3288.75,3291.04,367,20,0
1745848500,2025.04.28 13:55:00,3291.02,3291.02,3287.77,3289.60,421,20,0
1745848800,2025.04.28 14:00:00,3289.62,3291.16,3287.91,3291.14,334,20,0
1745849100,2025.04.28 14:05:00,3291.28,3294.38,3288.25,3289.02,407,20,0
1745849400,2025.04.28 14:10:00,3289.03,3289.03,3287.02,3287.62,305,20,0
1745849700,2025.04.28 14:15:00,3287.65,3288.99,3286.10,3287.24,352,20,0
1745850000,2025.04.28 14:20:00,3287.24,3288.04,3284.94,3287.37,345,20,0
1745850300,2025.04.28 14:25:00,3287.38,3291.02,3287.05,3290.13,384,20,0
1745850600,2025.04.28 14:30:00,3290.25,3291.93,3288.48,3291.45,340,20,0
1745850900,2025.04.28 14:35:00,3291.44,3294.00,3290.40,3293.02,353,20,0
1745851200,2025.04.28 14:40:00,3292.92,3293.75,3291.95,3293.11,330,20,0
1745851500,2025.04.28 14:45:00,3293.11,3297.17,3292.35,3292.46,399,20,0
1745851800,2025.04.28 14:50:00,3292.46,3293.95,3291.61,3292.30,355,20,0
1745852100,2025.04.28 14:55:00,3292.40,3294.35,3291.85,3294.17,258,20,0
1745852400,2025.04.28 15:00:00,3294.17,3296.83,3294.17,3295.07,422,20,0
1745852700,2025.04.28 15:05:00,3295.07,3297.44,3294.36,3296.51,371,20,0
1745853000,2025.04.28 15:10:00,3296.61,3297.96,3295.69,3295.74,393,20,0
1745853300,2025.04.28 15:15:00,3295.74,3296.43,3292.87,3295.63,431,20,0
1745853600,2025.04.28 15:20:00,3295.61,3299.11,3294.04,3298.99,483,20,0
1745853900,2025.04.28 15:25:00,3299.05,3302.01,3297.53,3302.01,450,20,0
1745854200,2025.04.28 15:30:00,3301.99,3302.27,3297.61,3299.01,430,20,0
1745854500,2025.04.28 15:35:00,3299.00,3301.33,3298.69,3300.94,382,20,0
1745854800,2025.04.28 15:40:00,3300.95,3300.97,3295.80,3298.25,424,20,0
1745855100,2025.04.28 15:45:00,3298.24,3299.92,3297.57,3297.95,364,20,0
1745855400,2025.04.28 15:50:00,3297.95,3298.18,3294.95,3296.42,407,20,0
1745855700,2025.04.28 15:55:00,3296.63,3298.18,3295.93,3296.00,343,20,0
1745856000,2025.04.28 16:00:00,3296.00,3296.00,3290.86,3294.79,521,20,0
1745856300,2025.04.28 16:05:00,3294.79,3295.24,3290.48,3295.23,494,20,0
1745856600,2025.04.28 16:10:00,3295.22,3296.76,3293.45,3295.37,468,20,0
1745856900,2025.04.28 16:15:00,3295.34,3299.79,3295.24,3299.69,467,20,0
1745857200,2025.04.28 16:20:00,3299.69,3300.80,3297.99,3298.15,457,20,0
1745857500,2025.04.28 16:25:00,3298.15,3300.86,3296.94,3299.98,411,20,0
1745857800,2025.04.28 16:30:00,3299.98,3301.05,3297.84,3297.84,504,20,0
1745858100,2025.04.28 16:35:00,3297.82,3297.82,3293.66,3297.59,522,20,0
1745858400,2025.04.28 16:40:00,3297.55,3297.87,3290.12,3291.70,541,20,0
1745858700,2025.04.28 16:45:00,3291.62,3292.00,3286.87,3289.14,533,20,0
1745859000,2025.04.28 16:50:00,3289.25,3291.67,3287.90,3290.84,536,20,0
1745859300,2025.04.28 16:55:00,3290.77,3293.40,3288.72,3293.26,532,20,0
1745859600,2025.04.28 17:00:00,3293.12,3298.43,3293.12,3297.37,522,20,0
1745859900,2025.04.28 17:05:00,3297.35,3300.44,3297.23,3297.89,446,20,0
1745860200,2025.04.28 17:10:00,3297.85,3299.42,3296.95,3298.94,451,20,0
1745860500,2025.04.28 17:15:00,3298.99,3308.01,3298.99,3307.18,518,20,0
1745860800,2025.04.28 17:20:00,3307.26,3314.45,3306.90,3313.30,541,20,0
1745861100,2025.04.28 17:25:00,3313.34,3315.76,3310.73,3311.20,542,20,0
1745861400,2025.04.28 17:30:00,3311.23,3321.89,3310.82,3321.89,535,20,0
1745861700,2025.04.28 17:35:00,3321.89,3328.02,3320.62,3326.58,544,20,0
1745862000,2025.04.28 17:40:00,3326.71,3330.60,3325.61,3330.20,538,20,0
1745862300,2025.04.28 17:45:00,3330.16,3332.99,3327.95,3328.94,534,20,0
1745862600,2025.04.28 17:50:00,3329.07,3332.64,3327.33,3329.76,537,20,0
1745862900,2025.04.28 17:55:00,3329.71,3330.78,3327.48,3328.54,497,20,0
1745863200,2025.04.28 18:00:00,3328.54,3328.95,3323.97,3324.23,521,20,0
1745863500,2025.04.28 18:05:00,3324.27,3327.58,3323.81,3325.71,453,20,0
1745863800,2025.04.28 18:10:00,3325.75,3329.90,3323.49,3329.82,482,20,0
1745864100,2025.04.28 18:15:00,3329.81,3335.96,3329.34,3333.81,525,20,0
1745864400,2025.04.28 18:20:00,3333.81,3334.20,3330.13,3330.72,460,20,0
1745864700,2025.04.28 18:25:00,3330.74,3330.74,3327.73,3328.70,463,20,0
1745865000,2025.04.28 18:30:00,3328.66,3329.08,3324.60,3328.21,493,20,0
1745865300,2025.04.28 18:35:00,3328.22,3328.40,3321.94,3322.46,455,20,0
1745865600,2025.04.28 18:40:00,3322.49,3324.23,3319.02,3324.09,492,20,0
1745865900,2025.04.28 18:45:00,3324.05,3327.30,3323.94,3327.30,467,20,0
1745866200,2025.04.28 18:50:00,3327.19,3327.39,3322.06,3323.56,472,20,0
1745866500,2025.04.28 18:55:00,3323.54,3325.55,3323.12,3325.02,441,20,0
1745866800,2025.04.28 19:00:00,3325.06,3326.72,3324.67,3326.72,426,20,0
1745867100,2025.04.28 19:05:00,3326.72,3334.75,3326.47,3334.55,503,20,0
1745867400,2025.04.28 19:10:00,3334.66,3337.91,3331.83,3334.84,479,20,0
1745867700,2025.04.28 19:15:00,3334.84,3338.00,3334.04,3334.05,495,20,0
1745868000,2025.04.28 19:20:00,3334.05,3334.42,3331.94,3333.48,441,20,0
1745868300,2025.04.28 19:25:00,3333.54,3334.84,3332.04,3334.31,443,20,0
1745868600,2025.04.28 19:30:00,3334.31,3335.28,3331.47,3334.69,405,20,0
1745868900,2025.04.28 19:35:00,3334.76,3338.79,3334.57,3335.25,458,20,0
1745869200,2025.04.28 19:40:00,3335.36,3339.17,3335.34,3337.98,396,20,0
1745869500,2025.04.28 19:45:00,3338.05,3338.08,3332.62,3332.99,463,20,0
1745869800,2025.04.28 19:50:00,3332.97,3335.68,3332.60,3335.57,385,20,0
1745870100,2025.04.28 19:55:00,3335.57,3337.42,3335.57,3336.56,347,20,0
1745870400,2025.04.28 20:00:00,3336.58,3338.98,3336.56,3337.16,387,20,0
1745870700,2025.04.28 20:05:00,3337.17,3338.29,3336.62,3337.00,333,20,0
1745871000,2025.04.28 20:10:00,3337.02,3338.89,3336.91,3337.05,348,20,0
1745871300,2025.04.28 20:15:00,3337.06,3337.43,3334.10,3334.22,385,20,0
1745871600,2025.04.28 20:20:00,3334.23,3336.23,3333.19,3335.75,400,20,0
1745871900,2025.04.28 20:25:00,3335.84,3338.39,3334.58,3336.97,477,20,0
1745872200,2025.04.28 20:30:00,3337.04,3339.94,3336.95,3339.59,409,20,0
1745872500,2025.04.28 20:35:00,3339.58,3339.99,3337.25,3338.35,403,20,0
1745872800,2025.04.28 20:40:00,3338.39,3339.62,3337.39,3337.46,342,20,0
1745873100,2025.04.28 20:45:00,3337.46,3338.88,3336.13,3338.49,374,20,0
1745873400,2025.04.28 20:50:00,3338.49,3338.75,3335.57,3335.85,344,20,0
1745873700,2025.04.28 20:55:00,3335.67,3336.14,3334.58,3335.34,357,20,0
1745874000,2025.04.28 21:00:00,3335.34,3336.19,3333.94,3334.92,293,20,0
1745874300,2025.04.28 21:05:00,3334.94,3337.45,3334.86,3337.31,319,20,0
1745874600,2025.04.28 21:10:00,3337.31,3339.47,3337.08,3338.10,357,20,0
1745874900,2025.04.28 21:15:00,3338.02,3338.25,3337.33,3337.71,274,20,0
1745875200,2025.04.28 21:20:00,3337.77,3345.68,3337.66,3345.68,403,20,0
1745875500,2025.04.28 21:25:00,3345.65,3349.90,3344.01,3348.29,527,20,0
1745875800,2025.04.28 21:30:00,3348.23,3349.60,3346.13,3347.49,431,20,0
1745876100,2025.04.28 21:35:00,3347.49,3349.45,3347.07,3347.82,420,20,0
1745876400,2025.04.28 21:40:00,3347.82,3349.46,3347.17,3347.31,359,20,0
1745876700,2025.04.28 21:45:00,3347.30,3349.42,3346.68,3348.93,385,20,0
1745877000,2025.04.28 21:50:00,3348.93,3349.28,3347.22,3349.21,320,20,0
1745877300,2025.04.28 21:55:00,3349.21,3349.70,3347.80,3348.98,344,20,0
1745877600,2025.04.28 22:00:00,3348.99,3351.23,3348.20,3350.76,383,20,0
1745877900,2025.04.28 22:05:00,3350.76,3352.05,3349.81,3350.44,391,20,0
1745878200,2025.04.28 22:10:00,3350.44,3351.50,3349.46,3349.53,301,20,0
1745878500,2025.04.28 22:15:00,3349.53,3350.17,3345.56,3350.10,372,20,0
1745878800,2025.04.28 22:20:00,3350.12,3350.56,3347.38,3349.58,303,20,0
1745879100,2025.04.28 22:25:00,3349.71,3350.19,3348.51,3349.63,231,20,0
1745879400,2025.04.28 22:30:00,3349.81,3351.51,3349.39,3351.20,271,20,0
1745879700,2025.04.28 22:35:00,3351.20,3351.20,3348.39,3348.47,333,20,0
1745880000,2025.04.28 22:40:00,3348.48,3349.84,3346.46,3349.80,318,20,0
1745880300,2025.04.28 22:45:00,3349.80,3350.59,3349.47,3350.59,293,20,0
1745880600,2025.04.28 22:50:00,3350.58,3351.21,3349.81,3350.52,294,20,0
1745880900,2025.04.28 22:55:00,3350.88,3352.96,3350.88,3352.19,338,20,0
1745881200,2025.04.28 23:00:00,3352.10,3352.16,3349.63,3351.16,296,20,0
1745881500,2025.04.28 23:05:00,3351.06,3351.10,3349.95,3350.28,214,20,0
1745881800,2025.04.28 23:10:00,3350.25,3351.11,3350.15,3350.28,176,20,0
1745882100,2025.04.28 23:15:00,3350.37,3350.37,3349.18,3349.43,214,20,0
1745882400,2025.04.28 23:20:00,3349.35,3349.90,3349.35,3349.39,207,20,0
1745882700,2025.04.28 23:25:00,3349.38,3349.99,3347.77,3349.48,228,20,0
1745883000,2025.04.28 23:30:00,3349.55,3350.71,3348.09,3349.55,205,20,0
1745883300,2025.04.28 23:35:00,3349.48,3349.49,3346.24,3347.72,200,20,0
1745883600,2025.04.28 23:40:00,3347.75,3348.01,3345.13,3345.73,213,20,0
1745883900,2025.04.28 23:45:00,3345.73,3346.80,3342.37,3343.39,245,20,0
1745884200,2025.04.28 23:50:00,3343.39,3345.23,3342.38,3342.75,265,20,0
1745884500,2025.04.28 23:55:00,3342.96,3344.48,3342.94,3344.08,135,20,0
1745888400,2025.04.29 01:00:00,3344.32,3348.56,3344.32,3345.25,333,20,0
1745888700,2025.04.29 01:05:00,3345.27,3345.27,3337.72,3342.00,268,20,0
1745889000,2025.04.29 01:10:00,3341.91,3341.91,3337.69,3339.27,212,20,0
1745889300,2025.04.29 01:15:00,3339.27,3339.28,3332.90,3332.94,292,20,0
1745889600,2025.04.29 01:20:00,3333.20,3337.05,3332.91,3333.35,222,20,0
1745889900,2025.04.29 01:25:00,3333.35,3336.76,3332.30,3335.21,331,20,0
1745890200,2025.04.29 01:30:00,3335.18,3338.59,3335.18,3337.74,228,20,0
1745890500,2025.04.29 01:35:00,3337.67,3339.89,3337.23,3337.32,213,20,0
1745890800,2025.04.29 01:40:00,3337.27,3338.78,3336.85,3337.06,160,20,0
1745891100,2025.04.29 01:45:00,3336.99,3337.44,3334.29,3335.81,226,20,0
1745891400,2025.04.29 01:50:00,3335.91,3338.17,3335.91,3337.82,151,20,0
1745891700,2025.04.29 01:55:00,3337.84,3339.19,3337.55,3338.06,157,20,0
1745892000,2025.04.29 02:00:00,3338.02,3342.79,3337.78,3341.16,307,20,0
1745892300,2025.04.29 02:05:00,3341.16,3341.75,3334.70,3335.31,404,20,0
1745892600,2025.04.29 02:10:00,3335.32,3337.91,3334.58,3337.06,271,20,0
1745892900,2025.04.29 02:15:00,3337.14,3338.18,3336.80,3337.06,187,20,0
1745893200,2025.04.29 02:20:00,3337.06,3338.58,3337.06,3337.95,165,20,0
1745893500,2025.04.29 02:25:00,3337.95,3338.47,3337.19,3337.99,117,20,0
1745893800,2025.04.29 02:30:00,3337.99,3338.96,3335.54,3337.41,213,20,0
1745894100,2025.04.29 02:35:00,3337.41,3338.35,3333.89,3333.90,234,20,0
1745894400,2025.04.29 02:40:00,3333.84,3337.49,3333.79,3337.49,351,20,0
1745894700,2025.04.29 02:45:00,3337.49,3339.96,3337.36,3339.13,241,20,0
1745895000,2025.04.29 02:50:00,3339.14,3340.31,3338.49,3338.55,224,20,0
1745895300,2025.04.29 02:55:00,3338.54,3338.72,3337.16,3337.58,172,20,0
1745895600,2025.04.29 03:00:00,3337.59,3338.09,3333.87,3334.89,325,20,0
1745895900,2025.04.29 03:05:00,3334.89,3336.25,3333.35,3336.19,311,20,0
1745896200,2025.04.29 03:10:00,3336.19,3337.84,3335.98,3337.64,240,20,0
1745896500,2025.04.29 03:15:00,3337.64,3339.05,3336.21,3336.96,276,20,0
1745896800,2025.04.29 03:20:00,3337.04,3337.96,3332.90,3334.02,321,20,0
1745897100,2025.04.29 03:25:00,3334.03,3334.53,3330.62,3331.92,312,20,0
1745897400,2025.04.29 03:30:00,3331.79,3333.38,3331.37,3332.83,266,20,0
1745897700,2025.04.29 03:35:00,3333.02,3335.01,3331.59,3333.40,310,20,0
1745898000,2025.04.29 03:40:00,3333.39,3333.55,3331.79,3332.78,269,20,0
1745898300,2025.04.29 03:45:00,3332.73,3333.51,3331.27,3333.38,271,20,0
1745898600,2025.04.29 03:50:00,3333.38,3333.79,3328.05,3329.26,358,20,0
1745898900,2025.04.29 03:55:00,3329.18,3331.27,3327.70,3329.93,356,20,0
1745899200,2025.04.29 04:00:00,3329.89,3333.32,3326.99,3329.42,538,20,0
1745899500,2025.04.29 04:05:00,3329.42,3329.42,3323.86,3327.32,470,20,0
1745899800,2025.04.29 04:10:00,3327.37,3330.37,3326.66,3328.73,371,20,0
1745900100,2025.04.29 04:15:00,3328.74,3333.12,3327.45,3330.98,417,20,0
1745900400,2025.04.29 04:20:00,3331.04,3333.39,3330.54,3331.73,357,20,0
1745900700,2025.04.29 04:25:00,3331.73,3332.48,3329.69,3331.11,290,20,0
1745901000,2025.04.29 04:30:00,3331.16,3334.84,3329.77,3334.67,394,20,0
1745901300,2025.04.29 04:35:00,3334.71,3340.00,3332.60,3333.85,524,20,0
1745901600,2025.04.29 04:40:00,3333.91,3335.17,3327.41,3330.21,450,20,0
1745901900,2025.04.29 04:45:00,3330.10,3331.28,3326.31,3327.59,379,20,0
1745902200,2025.04.29 04:50:00,3327.56,3328.38,3322.82,3324.45,420,20,0
1745902500,2025.04.29 04:55:00,3324.45,3327.37,3323.18,3326.47,399,20,0
1745902800,2025.04.29 05:00:00,3326.44,3330.09,3325.21,3327.42,382,20,0
1745903100,2025.04.29 05:05:00,3327.42,3330.04,3326.55,3328.97,366,20,0
1745903400,2025.04.29 05:10:00,3329.08,3332.24,3328.83,3331.24,422,20,0
1745903700,2025.04.29 05:15:00,3331.24,3333.84,3325.99,3333.20,437,20,0
1745904000,2025.04.29 05:20:00,3333.10,3333.50,3327.86,3328.03,295,20,0
1745904300,2025.04.29 05:25:00,3328.05,3329.96,3327.54,3329.63,310,20,0
1745904600,2025.04.29 05:30:00,3329.57,3332.45,3328.86,3332.08,362,20,0
1745904900,2025.04.29 05:35:00,3332.08,3332.76,3327.95,3328.91,338,20,0
1745905200,2025.04.29 05:40:00,3328.95,3330.49,3328.29,3330.43,361,20,0
1745905500,2025.04.29 05:45:00,3330.35,3330.57,3327.80,3329.42,324,20,0
1745905800,2025.04.29 05:50:00,3329.41,3329.59,3324.00,3324.00,355,20,0
1745906100,2025.04.29 05:55:00,3324.00,3324.07,3319.64,3320.58,462,20,0
1745906400,2025.04.29 06:00:00,3320.59,3321.55,3317.88,3317.93,433,20,0
1745906700,2025.04.29 06:05:00,3317.95,3321.58,3316.15,3318.54,457,20,0
1745907000,2025.04.29 06:10:00,3318.54,3318.55,3313.05,3313.68,450,20,0
1745907300,2025.04.29 06:15:00,3313.64,3314.46,3309.08,3312.91,432,20,0
1745907600,2025.04.29 06:20:00,3312.95,3316.32,3312.67,3315.52,421,20,0
1745907900,2025.04.29 06:25:00,3315.45,3317.90,3311.92,3312.38,431,20,0
1745908200,2025.04.29 06:30:00,3312.52,3316.50,3312.43,3316.50,368,20,0
1745908500,2025.04.29 06:35:00,3316.35,3316.82,3314.73,3316.28,311,20,0
1745908800,2025.04.29 06:40:00,3316.37,3316.50,3314.31,3314.40,209,20,0
1745909100,2025.04.29 06:45:00,3314.39,3315.37,3311.34,3311.67,252,20,0
1745909400,2025.04.29 06:50:00,3311.71,3313.01,3307.97,3312.44,353,20,0
1745909700,2025.04.29 06:55:00,3312.45,3316.07,3309.90,3315.98,340,20,0
1745910000,2025.04.29 07:00:00,3315.93,3316.61,3314.35,3316.33,300,20,0
1745910300,2025.04.29 07:05:00,3316.33,3317.56,3315.81,3316.06,232,20,0
1745910600,2025.04.29 07:10:00,3315.97,3316.44,3314.26,3314.41,213,20,0
1745910900,2025.04.29 07:15:00,3314.51,3315.68,3313.37,3314.00,235,20,0
1745911200,2025.04.29 07:20:00,3313.94,3314.91,3313.48,3314.89,210,20,0
1745911500,2025.04.29 07:25:00,3314.90,3316.24,3314.82,3316.08,234,20,0
1745911800,2025.04.29 07:30:00,3316.08,3316.73,3314.70,3315.70,198,20,0
1745912100,2025.04.29 07:35:00,3315.70,3317.73,3314.71,3316.33,260,20,0
1745912400,2025.04.29 07:40:00,3316.31,3318.05,3313.00,3314.00,270,20,0
1745912700,2025.04.29 07:45:00,3314.00,3314.04,3309.93,3311.16,318,20,0
1745913000,2025.04.29 07:50:00,3311.16,3311.48,3308.34,3308.40,282,20,0
1745913300,2025.04.29 07:55:00,3308.40,3311.00,3306.88,3309.31,355,20,0
1745913600,2025.04.29 08:00:00,3309.30,3312.68,3309.25,3311.16,300,20,0
1745913900,2025.04.29 08:05:00,3311.05,3312.40,3310.94,3311.48,254,20,0
1745914200,2025.04.29 08:10:00,3311.48,3311.48,3307.67,3307.68,338,20,0
1745914500,2025.04.29 08:15:00,3307.68,3308.49,3305.15,3305.86,364,20,0
1745914800,2025.04.29 08:20:00,3305.86,3308.32,3305.75,3307.50,325,20,0
1745915100,2025.04.29 08:25:00,3307.50,3309.42,3306.33,3309.10,295,20,0
1745915400,2025.04.29 08:30:00,3309.30,3311.75,3307.95,3311.60,453,20,0
1745915700,2025.04.29 08:35:00,3311.54,3314.47,3310.65,3313.08,399,20,0
1745916000,2025.04.29 08:40:00,3313.10,3316.48,3313.06,3316.09,366,20,0
1745916300,2025.04.29 08:45:00,3316.11,3316.50,3313.02,3313.05,333,20,0
1745916600,2025.04.29 08:50:00,3312.89,3313.63,3311.16,3313.17,309,20,0
1745916900,2025.04.29 08:55:00,3313.15,3313.26,3310.11,3310.23,279,20,0
1745917200,2025.04.29 09:00:00,3310.24,3312.35,3308.93,3310.34,351,20,0
1745917500,2025.04.29 09:05:00,3310.34,3313.27,3310.29,3312.97,296,20,0
1745917800,2025.04.29 09:10:00,3313.07,3315.34,3312.60,3312.91,340,20,0
1745918100,2025.04.29 09:15:00,3312.91,3315.01,3312.91,3314.14,287,20,0
1745918400,2025.04.29 09:20:00,3314.16,3316.15,3313.10,3314.60,341,20,0
1745918700,2025.04.29 09:25:00,3314.60,3321.86,3313.19,3321.27,461,20,0
1745919000,2025.04.29 09:30:00,3321.24,3323.70,3319.54,3323.70,407,20,0
1745919300,2025.04.29 09:35:00,3323.69,3323.90,3318.60,3318.79,340,20,0
1745919600,2025.04.29 09:40:00,3319.08,3323.82,3318.73,3322.71,445,20,0
1745919900,2025.04.29 09:45:00,3322.81,3323.32,3319.98,3320.27,314,20,0
1745920200,2025.04.29 09:50:00,3320.27,3320.62,3315.18,3317.99,360,20,0
1745920500,2025.04.29 09:55:00,3317.99,3318.81,3316.17,3318.71,397,20,0
1745920800,2025.04.29 10:00:00,3318.71,3318.93,3316.29,3316.87,336,20,0
1745921100,2025.04.29 10:05:00,3316.87,3317.49,3315.19,3315.84,309,20,0
1745921400,2025.04.29 10:10:00,3315.77,3317.61,3312.30,3315.98,374,20,0
1745921700,2025.04.29 10:15:00,3316.06,3318.29,3314.85,3318.29,282,20,0
1745922000,2025.04.29 10:20:00,3318.35,3320.80,3318.18,3318.60,336,20,0
1745922300,2025.04.29 10:25:00,3318.72,3319.03,3316.90,3317.14,312,20,0
1745922600,2025.04.29 10:30:00,3317.17,3317.97,3314.94,3317.68,334,20,0
1745922900,2025.04.29 10:35:00,3317.68,3318.82,3315.13,3316.59,325,20,0
1745923200,2025.04.29 10:40:00,3316.55,3319.95,3316.47,3318.43,278,20,0
1745923500,2025.04.29 10:45:00,3318.43,3321.61,3318.07,3321.48,320,20,0
1745923800,2025.04.29 10:50:00,3321.50,3323.11,3321.31,3322.75,316,20,0
1745924100,2025.04.29 10:55:00,3322.75,3323.14,3321.69,3322.74,280,20,0
1745924400,2025.04.29 11:00:00,3322.78,3324.85,3320.02,3320.81,405,20,0
1745924700,2025.04.29 11:05:00,3320.82,3321.40,3319.30,3320.59,353,20,0
1745925000,2025.04.29 11:10:00,3320.61,3321.09,3319.25,3320.53,301,20,0
1745925300,2025.04.29 11:15:00,3320.52,3322.64,3320.41,3321.72,290,20,0
1745925600,2025.04.29 11:20:00,3321.73,3322.39,3320.40,3320.44,269,20,0
1745925900,2025.04.29 11:25:00,3320.43,3321.12,3318.40,3320.35,315,20,0
1745926200,2025.04.29 11:30:00,3320.23,3320.29,3318.92,3319.04,290,20,0
1745926500,2025.04.29 11:35:00,3319.04,3319.04,3316.25,3317.48,292,20,0
1745926800,2025.04.29 11:40:00,3317.46,3318.37,3315.12,3316.15,252,20,0
1745927100,2025.04.29 11:45:00,3316.12,3316.53,3314.40,3315.77,335,20,0
1745927400,2025.04.29 11:50:00,3315.81,3316.34,3314.89,3315.51,271,20,0
1745927700,2025.04.29 11:55:00,3315.39,3315.39,3311.70,3311.92,293,20,0
1745928000,2025.04.29 12:00:00,3311.82,3314.83,3311.63,3313.75,307,20,0
1745928300,2025.04.29 12:05:00,3313.76,3314.79,3312.21,3312.77,314,20,0
1745928600,2025.04.29 12:10:00,3312.83,3314.36,3312.09,3312.77,278,20,0
1745928900,2025.04.29 12:15:00,3312.77,3313.94,3308.71,3313.61,383,20,0
1745929200,2025.04.29 12:20:00,3313.65,3314.78,3312.04,3314.43,303,20,0
1745929500,2025.04.29 12:25:00,3314.44,3315.22,3313.82,3315.14,343,20,0
1745929800,2025.04.29 12:30:00,3315.14,3315.91,3313.89,3315.29,320,20,0
1745930100,2025.04.29 12:35:00,3315.29,3315.73,3312.63,3313.36,329,20,0
1745930400,2025.04.29 12:40:00,3313.35,3313.37,3310.51,3311.57,334,20,0
1745930700,2025.04.29 12:45:00,3311.53,3311.92,3309.87,3310.72,294,20,0
1745931000,2025.04.29 12:50:00,3310.36,3312.30,3309.01,3311.09,340,20,0
1745931300,2025.04.29 12:55:00,3311.08,3311.71,3308.89,3309.17,305,20,0
1745931600,2025.04.29 13:00:00,3309.02,3313.56,3308.99,3312.67,327,20,0
1745931900,2025.04.29 13:05:00,3312.67,3315.38,3311.91,3314.78,290,20,0
1745932200,2025.04.29 13:10:00,3314.76,3315.04,3311.61,3312.05,295,20,0
1745932500,2025.04.29 13:15:00,3312.14,3312.19,3306.21,3307.39,355,20,0
1745932800,2025.04.29 13:20:00,3307.39,3309.62,3307.37,3309.35,323,20,0
1745933100,2025.04.29 13:25:00,3309.26,3310.28,3306.64,3307.35,369,20,0
1745933400,2025.04.29 13:30:00,3307.34,3311.14,3307.08,3310.66,352,20,0
1745933700,2025.04.29 13:35:00,3310.65,3311.77,3309.57,3311.44,337,20,0
1745934000,2025.04.29 13:40:00,3311.50,3313.64,3310.54,3313.62,270,20,0
1745934300,2025.04.29 13:45:00,3313.61,3313.82,3311.97,3313.56,334,20,0
1745934600,2025.04.29 13:50:00,3313.62,3315.63,3312.89,3313.17,334,20,0
1745934900,2025.04.29 13:55:00,3313.17,3314.46,3312.03,3312.83,314,20,0
1745935200,2025.04.29 14:00:00,3312.88,3313.67,3310.48,3311.77,365,20,0
1745935500,2025.04.29 14:05:00,3311.81,3315.93,3311.80,3315.76,375,20,0
1745935800,2025.04.29 14:10:00,3315.77,3315.77,3310.79,3310.79,269,20,0
1745936100,2025.04.29 14:15:00,3310.84,3313.61,3310.51,3311.31,314,20,0
1745936400,2025.04.29 14:20:00,3311.52,3314.49,3311.52,3314.25,292,20,0
1745936700,2025.04.29 14:25:00,3314.26,3315.88,3313.16,3313.42,321,20,0
1745937000,2025.04.29 14:30:00,3313.42,3315.31,3313.15,3314.91,297,20,0
1745937300,2025.04.29 14:35:00,3314.92,3315.43,3313.06,3313.14,257,20,0
1745937600,2025.04.29 14:40:00,3313.15,3314.45,3312.62,3312.72,235,20,0
1745937900,2025.04.29 14:45:00,3312.72,3313.49,3310.35,3310.51,323,20,0
1745938200,2025.04.29 14:50:00,3310.57,3312.69,3308.98,3310.23,389,20,0
1745938500,2025.04.29 14:55:00,3310.22,3311.01,3308.00,3309.41,338,20,0
1745938800,2025.04.29 15:00:00,3309.31,3309.93,3306.71,3306.77,408,20,0
1745939100,2025.04.29 15:05:00,3306.77,3308.70,3306.48,3308.65,370,20,0
1745939400,2025.04.29 15:10:00,3308.79,3310.05,3305.98,3310.02,385,20,0
1745939700,2025.04.29 15:15:00,3310.02,3310.09,3305.91,3306.86,358,20,0
1745940000,2025.04.29 15:20:00,3306.86,3308.44,3300.82,3308.31,502,20,0
1745940300,2025.04.29 15:25:00,3308.33,3311.14,3306.46,3311.14,448,20,0
1745940600,2025.04.29 15:30:00,3311.21,3312.09,3306.45,3308.61,408,20,0
1745940900,2025.04.29 15:35:00,3308.61,3310.20,3303.84,3308.89,467,20,0
1745941200,2025.04.29 15:40:00,3308.89,3310.21,3307.70,3309.41,441,20,0
1745941500,2025.04.29 15:45:00,3309.33,3310.06,3307.01,3309.19,385,20,0
1745941800,2025.04.29 15:50:00,3309.27,3314.21,3309.04,3312.50,443,20,0
1745942100,2025.04.29 15:55:00,3312.50,3314.56,3310.99,3312.83,439,20,0
1745942400,2025.04.29 16:00:00,3312.83,3314.74,3310.03,3311.10,544,20,0
1745942700,2025.04.29 16:05:00,3311.03,3315.80,3309.39,3313.67,509,20,0
1745943000,2025.04.29 16:10:00,3313.65,3317.14,3312.67,3316.27,486,20,0
1745943300,2025.04.29 16:15:00,3316.23,3317.49,3312.76,3316.50,481,20,0
1745943600,2025.04.29 16:20:00,3316.49,3317.28,3312.81,3312.90,458,20,0
1745943900,2025.04.29 16:25:00,3313.15,3317.60,3311.96,3317.31,480,20,0
1745944200,2025.04.29 16:30:00,3317.33,3318.93,3313.14,3317.16,521,20,0
1745944500,2025.04.29 16:35:00,3317.20,3321.24,3316.85,3319.83,530,20,0
1745944800,2025.04.29 16:40:00,3319.69,3320.55,3310.81,3311.56,554,20,0
1745945100,2025.04.29 16:45:00,3312.04,3312.10,3300.34,3301.51,567,20,0
1745945400,2025.04.29 16:50:00,3301.40,3307.26,3299.81,3306.27,561,20,0
1745945700,2025.04.29 16:55:00,3306.14,3307.70,3303.68,3306.69,484,20,0
1745946000,2025.04.29 17:00:00,3306.70,3310.81,3304.95,3305.97,537,20,0
1745946300,2025.04.29 17:05:00,3305.79,3307.33,3299.67,3304.97,560,20,0
1745946600,2025.04.29 17:10:00,3304.94,3309.63,3304.87,3309.17,516,20,0
1745946900,2025.04.29 17:15:00,3309.14,3310.34,3307.41,3308.75,480,20,0
1745947200,2025.04.29 17:20:00,3308.29,3310.83,3306.84,3310.15,480,20,0
1745947500,2025.04.29 17:25:00,3310.16,3316.95,3309.59,3315.25,522,20,0
1745947800,2025.04.29 17:30:00,3315.06,3315.06,3311.33,3313.49,477,20,0
1745948100,2025.04.29 17:35:00,3313.47,3317.72,3312.46,3315.70,426,20,0
1745948400,2025.04.29 17:40:00,3315.67,3316.81,3313.28,3314.48,405,20,0
1745948700,2025.04.29 17:45:00,3314.48,3316.72,3311.38,3316.06,419,20,0
1745949000,2025.04.29 17:50:00,3316.06,3317.70,3314.97,3315.28,402,20,0
1745949300,2025.04.29 17:55:00,3315.28,3316.03,3313.50,3314.44,455,20,0
1745949600,2025.04.29 18:00:00,3314.47,3315.24,3311.05,3313.78,498,20,0
1745949900,2025.04.29 18:05:00,3313.78,3315.64,3313.07,3313.98,404,20,0
1745950200,2025.04.29 18:10:00,3313.86,3314.58,3308.86,3311.31,477,20,0
1745950500,2025.04.29 18:15:00,3311.30,3311.68,3308.62,3309.05,368,20,0
1745950800,2025.04.29 18:20:00,3309.17,3311.13,3308.42,3310.37,429,20,0
1745951100,2025.04.29 18:25:00,3310.37,3312.74,3308.78,3312.50,459,20,0
1745951400,2025.04.29 18:30:00,3312.49,3313.97,3311.17,3311.44,372,20,0
1745951700,2025.04.29 18:35:00,3311.43,3312.73,3308.73,3310.12,392,20,0
1745952000,2025.04.29 18:40:00,3310.12,3310.12,3305.24,3306.26,462,20,0
1745952300,2025.04.29 18:45:00,3306.30,3311.03,3305.70,3311.03,349,20,0
1745952600,2025.04.29 18:50:00,3311.07,3314.16,3310.12,3313.46,366,20,0
1745952900,2025.04.29 18:55:00,3313.47,3313.85,3311.39,3312.35,378,20,0
1745953200,2025.04.29 19:00:00,3312.43,3316.64,3312.36,3315.77,364,20,0
1745953500,2025.04.29 19:05:00,3315.77,3316.20,3312.72,3314.51,348,20,0
1745953800,2025.04.29 19:10:00,3314.51,3316.21,3314.17,3315.31,326,20,0
1745954100,2025.04.29 19:15:00,3315.29,3315.75,3314.03,3314.14,330,20,0
1745954400,2025.04.29 19:20:00,3314.14,3317.87,3314.13,3316.89,337,20,0
1745954700,2025.04.29 19:25:00,3316.90,3319.99,3316.84,3319.40,426,20,0
1745955000,2025.04.29 19:30:00,3319.40,3320.43,3318.11,3318.72,387,20,0
1745955300,2025.04.29 19:35:00,3318.64,3324.89,3318.15,3322.77,432,20,0
1745955600,2025.04.29 19:40:00,3322.91,3326.87,3322.88,3325.64,440,20,0
1745955900,2025.04.29 19:45:00,3325.66,3327.87,3324.68,3327.35,393,20,0
1745956200,2025.04.29 19:50:00,3327.38,3329.16,3326.24,3328.78,413,20,0
1745956500,2025.04.29 19:55:00,3328.70,3329.97,3326.85,3328.70,387,20,0
1745956800,2025.04.29 20:00:00,3328.70,3329.64,3326.09,3326.34,400,20,0
1745957100,2025.04.29 20:05:00,3326.91,3327.80,3325.95,3327.08,340,20,0
1745957400,2025.04.29 20:10:00,3327.08,3327.29,3325.45,3325.52,328,20,0
1745957700,2025.04.29 20:15:00,3325.50,3326.05,3323.68,3323.79,307,20,0
1745958000,2025.04.29 20:20:00,3323.83,3324.61,3321.88,3323.60,407,20,0
1745958300,2025.04.29 20:25:00,3323.62,3324.17,3322.79,3323.43,369,20,0
1745958600,2025.04.29 20:30:00,3323.44,3325.00,3323.43,3324.42,326,20,0
1745958900,2025.04.29 20:35:00,3324.37,3324.61,3322.25,3324.53,310,20,0
1745959200,2025.04.29 20:40:00,3324.50,3324.99,3323.06,3324.05,248,20,0
1745959500,2025.04.29 20:45:00,3324.02,3324.49,3321.84,3322.50,321,20,0
1745959800,2025.04.29 20:50:00,3322.50,3323.39,3320.81,3321.39,361,20,0
1745960100,2025.04.29 20:55:00,3321.39,3321.39,3314.19,3314.35,436,20,0
1745960400,2025.04.29 21:00:00,3314.35,3316.96,3313.26,3316.70,426,20,0
1745960700,2025.04.29 21:05:00,3316.70,3318.60,3315.98,3318.40,337,20,0
1745961000,2025.04.29 21:10:00,3318.41,3319.37,3317.08,3318.10,318,20,0
1745961300,2025.04.29 21:15:00,3318.09,3319.47,3314.32,3315.67,352,20,0
1745961600,2025.04.29 21:20:00,3315.70,3317.65,3315.15,3317.50,300,20,0
1745961900,2025.04.29 21:25:00,3317.49,3318.45,3315.92,3318.37,303,20,0
1745962200,2025.04.29 21:30:00,3318.38,3319.53,3317.47,3319.22,220,20,0
1745962500,2025.04.29 21:35:00,3319.22,3319.34,3317.55,3318.95,202,20,0
1745962800,2025.04.29 21:40:00,3318.95,3318.95,3317.35,3318.29,194,20,0
1745963100,2025.04.29 21:45:00,3318.29,3318.97,3316.95,3318.26,258,20,0
1745963400,2025.04.29 21:50:00,3318.25,3319.01,3318.10,3318.88,269,20,0
1745963700,2025.04.29 21:55:00,3318.80,3320.01,3318.24,3319.95,302,20,0
1745964000,2025.04.29 22:00:00,3319.95,3324.92,3319.89,3323.13,367,20,0
1745964300,2025.04.29 22:05:00,3323.13,3324.90,3322.75,3324.37,273,20,0
1745964600,2025.04.29 22:10:00,3324.37,3324.37,3322.53,3322.88,272,20,0
1745964900,2025.04.29 22:15:00,3322.88,3323.50,3319.49,3321.92,299,20,0
1745965200,2025.04.29 22:20:00,3322.08,3323.54,3322.08,3322.85,205,20,0
1745965500,2025.04.29 22:25:00,3322.75,3324.68,3321.34,3322.35,294,20,0
1745965800,2025.04.29 22:30:00,3321.98,3323.54,3320.97,3323.36,296,20,0
1745966100,2025.04.29 22:35:00,3323.36,3324.05,3322.78,3322.85,286,20,0
1745966400,2025.04.29 22:40:00,3322.85,3323.52,3321.51,3321.51,267,20,0
1745966700,2025.04.29 22:45:00,3321.50,3321.60,3320.29,3321.16,287,20,0
1745967000,2025.04.29 22:50:00,3321.16,3321.16,3317.94,3318.67,347,20,0
1745967300,2025.04.29 22:55:00,3318.72,3321.39,3318.72,3320.63,325,20,0
1745967600,2025.04.29 23:00:00,3320.52,3323.10,3319.99,3322.39,256,20,0
1745967900,2025.04.29 23:05:00,3322.38,3323.13,3321.10,3322.89,151,20,0
1745968200,2025.04.29 23:10:00,3322.89,3323.45,3321.27,3321.80,167,20,0
1745968500,2025.04.29 23:15:00,3321.80,3322.66,3321.47,3321.86,155,20,0
1745968800,2025.04.29 23:20:00,3321.93,3322.61,3319.96,3320.06,144,20,0
1745969100,2025.04.29 23:25:00,3320.06,3321.21,3320.06,3320.33,179,20,0
1745969400,2025.04.29 23:30:00,3320.33,3320.84,3319.13,3320.16,125,20,0
1745969700,2025.04.29 23:35:00,3320.16,3321.83,3320.05,3320.52,103,20,0
1745970000,2025.04.29 23:40:00,3320.54,3320.80,3318.79,3319.00,149,20,0
1745970300,2025.04.29 23:45:00,3318.68,3319.20,3317.58,3318.65,169,20,0
1745970600,2025.04.29 23:50:00,3318.66,3319.81,3317.04,3317.12,196,20,0
1745970900,2025.04.29 23:55:00,3317.16,3317.65,3317.00,3317.36,107,20,0
1745974800,2025.04.30 01:00:00,3315.61,3318.18,3313.65,3317.62,195,20,0
1745975100,2025.04.30 01:05:00,3317.62,3322.91,3317.29,3321.89,265,20,0
1745975400,2025.04.30 01:10:00,3321.89,3322.83,3320.32,3320.32,199,20,0
1745975700,2025.04.30 01:15:00,3320.23,3321.41,3320.20,3320.85,94,20,0
1745976000,2025.04.30 01:20:00,3320.85,3321.05,3319.27,3319.35,80,20,0
1745976300,2025.04.30 01:25:00,3319.33,3319.81,3318.19,3318.19,128,20,0
1745976600,2025.04.30 01:30:00,3318.18,3318.97,3316.66,3318.35,215,20,0
1745976900,2025.04.30 01:35:00,3318.35,3318.68,3316.51,3316.78,136,20,0
1745977200,2025.04.30 01:40:00,3316.78,3317.48,3316.14,3316.65,140,20,0
1745977500,2025.04.30 01:45:00,3316.65,3318.73,3316.00,3318.73,140,20,0
1745977800,2025.04.30 01:50:00,3318.73,3319.09,3317.63,3318.18,117,20,0
1745978100,2025.04.30 01:55:00,3318.30,3320.50,3317.95,3318.97,169,20,0
1745978400,2025.04.30 02:00:00,3319.00,3319.35,3316.32,3316.46,145,20,0
1745978700,2025.04.30 02:05:00,3315.80,3316.40,3312.27,3314.59,229,20,0
1745979000,2025.04.30 02:10:00,3314.60,3315.72,3312.98,3313.39,176,20,0
1745979300,2025.04.30 02:15:00,3313.39,3314.41,3311.10,3314.22,235,20,0
1745979600,2025.04.30 02:20:00,3314.22,3315.86,3314.21,3315.20,126,20,0
1745979900,2025.04.30 02:25:00,3315.20,3317.75,3315.20,3316.32,150,20,0
1745980200,2025.04.30 02:30:00,3316.32,3316.83,3315.22,3316.71,181,20,0
1745980500,2025.04.30 02:35:00,3316.64,3317.52,3312.68,3316.30,268,20,0
1745980800,2025.04.30 02:40:00,3316.25,3316.95,3315.25,3315.40,155,20,0
1745981100,2025.04.30 02:45:00,3315.38,3317.42,3314.63,3315.86,216,20,0
1745981400,2025.04.30 02:50:00,3315.86,3316.29,3315.23,3316.27,111,20,0
1745981700,2025.04.30 02:55:00,3316.27,3317.18,3316.26,3317.05,90,20,0
1745982000,2025.04.30 03:00:00,3317.12,3322.66,3316.31,3321.05,319,20,0
1745982300,2025.04.30 03:05:00,3321.01,3324.40,3320.36,3323.39,352,20,0
1745982600,2025.04.30 03:10:00,3323.39,3327.99,3322.43,3323.76,344,20,0
1745982900,2025.04.30 03:15:00,3323.99,3324.32,3321.04,3322.44,290,20,0
1745983200,2025.04.30 03:20:00,3322.34,3322.34,3318.76,3319.48,302,20,0
1745983500,2025.04.30 03:25:00,3319.47,3320.32,3318.44,3319.13,260,20,0
1745983800,2025.04.30 03:30:00,3319.28,3319.95,3316.97,3318.09,315,20,0
1745984100,2025.04.30 03:35:00,3318.09,3318.09,3316.05,3316.26,278,20,0
1745984400,2025.04.30 03:40:00,3316.21,3317.04,3313.94,3314.05,300,20,0
1745984700,2025.04.30 03:45:00,3314.20,3315.20,3311.62,3311.73,306,20,0
1745985000,2025.04.30 03:50:00,3311.73,3313.84,3311.67,3312.97,354,20,0
1745985300,2025.04.30 03:55:00,3313.07,3313.73,3311.47,3313.22,279,20,0
1745985600,2025.04.30 04:00:00,3313.18,3314.69,3308.50,3310.51,441,20,0
1745985900,2025.04.30 04:05:00,3310.49,3312.70,3309.70,3311.23,362,20,0
1745986200,2025.04.30 04:10:00,3311.23,3316.34,3311.23,3315.82,403,20,0
1745986500,2025.04.30 04:15:00,3315.82,3318.66,3314.21,3317.93,394,20,0
1745986800,2025.04.30 04:20:00,3317.93,3320.34,3317.27,3320.00,399,20,0
1745987100,2025.04.30 04:25:00,3320.00,3322.74,3317.79,3318.99,475,20,0
1745987400,2025.04.30 04:30:00,3319.14,3320.17,3317.38,3319.55,398,20,0
1745987700,2025.04.30 04:35:00,3319.54,3322.13,3319.03,3320.22,389,20,0
1745988000,2025.04.30 04:40:00,3320.02,3320.46,3316.23,3317.28,352,20,0
1745988300,2025.04.30 04:45:00,3317.28,3318.75,3314.45,3314.88,382,20,0
1745988600,2025.04.30 04:50:00,3314.88,3316.65,3311.60,3311.67,368,20,0
1745988900,2025.04.30 04:55:00,3311.71,3312.14,3307.80,3308.15,465,20,0
1745989200,2025.04.30 05:00:00,3308.18,3312.02,3305.89,3310.87,480,20,0
1745989500,2025.04.30 05:05:00,3310.81,3311.23,3307.29,3307.53,366,20,0
1745989800,2025.04.30 05:10:00,3307.57,3312.73,3307.54,3312.20,346,20,0
1745990100,2025.04.30 05:15:00,3312.21,3312.42,3311.26,3311.76,249,20,0
1745990400,2025.04.30 05:20:00,3311.76,3312.34,3310.26,3312.32,259,20,0
1745990700,2025.04.30 05:25:00,3312.32,3313.09,3311.43,3311.80,300,20,0
1745991000,2025.04.30 05:30:00,3311.79,3312.16,3308.17,3308.43,382,20,0
1745991300,2025.04.30 05:35:00,3308.49,3310.80,3307.89,3310.39,311,20,0
1745991600,2025.04.30 05:40:00,3310.39,3310.67,3307.19,3308.73,362,20,0
1745991900,2025.04.30 05:45:00,3308.73,3310.35,3308.50,3309.46,305,20,0
1745992200,2025.04.30 05:50:00,3309.47,3311.52,3306.46,3307.44,387,20,0
1745992500,2025.04.30 05:55:00,3307.44,3307.98,3305.08,3306.66,343,20,0
1745992800,2025.04.30 06:00:00,3306.54,3308.52,3305.49,3306.59,337,20,0
1745993100,2025.04.30 06:05:00,3306.60,3308.91,3304.85,3307.20,392,20,0
1745993400,2025.04.30 06:10:00,3307.20,3310.39,3306.83,3310.27,304,20,0
1745993700,2025.04.30 06:15:00,3310.27,3310.97,3309.61,3310.81,307,20,0
1745994000,2025.04.30 06:20:00,3310.82,3311.24,3307.76,3308.68,308,20,0
1745994300,2025.04.30 06:25:00,3308.69,3309.28,3308.37,3308.86,238,20,0
1745994600,2025.04.30 06:30:00,3308.86,3309.11,3305.10,3307.11,321,20,0
1745994900,2025.04.30 06:35:00,3307.17,3307.39,3305.64,3307.01,240,20,0
1745995200,2025.04.30 06:40:00,3306.81,3307.48,3303.72,3307.10,263,20,0
1745995500,2025.04.30 06:45:00,3307.10,3308.90,3306.59,3307.73,203,20,0
1745995800,2025.04.30 06:50:00,3307.71,3308.07,3306.76,3307.67,259,20,0
1745996100,2025.04.30 06:55:00,3307.76,3307.76,3304.39,3304.71,313,20,0
1745996400,2025.04.30 07:00:00,3304.73,3305.85,3303.78,3303.83,316,20,0
1745996700,2025.04.30 07:05:00,3303.83,3304.54,3303.52,3303.65,257,20,0
1745997000,2025.04.30 07:10:00,3303.65,3306.06,3302.49,3305.63,333,20,0
1745997300,2025.04.30 07:15:00,3305.63,3306.27,3304.71,3304.97,274,20,0
1745997600,2025.04.30 07:20:00,3304.87,3304.88,3301.49,3301.57,270,20,0
1745997900,2025.04.30 07:25:00,3301.56,3303.23,3301.33,3302.64,325,20,0
1745998200,2025.04.30 07:30:00,3302.64,3304.83,3301.25,3304.12,336,20,0
1745998500,2025.04.30 07:35:00,3304.13,3304.23,3301.97,3303.74,288,20,0
1745998800,2025.04.30 07:40:00,3303.75,3306.31,3303.75,3305.81,254,20,0
1745999100,2025.04.30 07:45:00,3305.88,3308.23,3305.79,3307.34,271,20,0
1745999400,2025.04.30 07:50:00,3307.35,3308.88,3307.14,3308.23,300,20,0
1745999700,2025.04.30 07:55:00,3308.23,3308.75,3307.14,3307.91,272,20,0
1746000000,2025.04.30 08:00:00,3307.94,3309.29,3307.60,3309.00,277,20,0
1746000300,2025.04.30 08:05:00,3309.04,3311.74,3308.56,3311.43,307,20,0
1746000600,2025.04.30 08:10:00,3311.43,3313.10,3310.71,3312.24,339,20,0
1746000900,2025.04.30 08:15:00,3312.29,3313.24,3311.43,3311.74,279,20,0
1746001200,2025.04.30 08:20:00,3311.84,3312.74,3310.08,3312.74,326,20,0
1746001500,2025.04.30 08:25:00,3312.74,3314.23,3312.09,3313.90,299,20,0
1746001800,2025.04.30 08:30:00,3313.89,3314.66,3311.25,3311.25,435,20,0
1746002100,2025.04.30 08:35:00,3311.28,3312.49,3309.50,3309.55,350,20,0
1746002400,2025.04.30 08:40:00,3309.50,3310.63,3308.42,3308.95,362,20,0
1746002700,2025.04.30 08:45:00,3308.96,3309.50,3307.69,3308.79,342,20,0
1746003000,2025.04.30 08:50:00,3308.78,3310.25,3308.27,3309.61,306,20,0
1746003300,2025.04.30 08:55:00,3309.65,3310.32,3307.64,3309.62,359,20,0
1746003600,2025.04.30 09:00:00,3309.73,3310.12,3308.96,3309.87,289,20,0
1746003900,2025.04.30 09:05:00,3309.86,3311.22,3308.59,3309.04,336,20,0
1746004200,2025.04.30 09:10:00,3309.00,3309.00,3305.97,3308.30,368,20,0
1746004500,2025.04.30 09:15:00,3308.30,3309.99,3307.52,3307.52,342,20,0
1746004800,2025.04.30 09:20:00,3307.62,3308.29,3305.84,3307.99,383,20,0
1746005100,2025.04.30 09:25:00,3307.91,3308.95,3305.42,3305.51,393,20,0
1746005400,2025.04.30 09:30:00,3305.50,3307.32,3304.91,3307.29,395,20,0
1746005700,2025.04.30 09:35:00,3307.29,3309.33,3306.21,3309.02,322,20,0
1746006000,2025.04.30 09:40:00,3309.14,3309.39,3307.17,3308.93,335,20,0
1746006300,2025.04.30 09:45:00,3308.86,3309.42,3307.84,3308.57,361,20,0
1746006600,2025.04.30 09:50:00,3308.56,3308.87,3306.46,3306.62,317,20,0
1746006900,2025.04.30 09:55:00,3306.62,3307.11,3305.26,3305.86,356,20,0
1746007200,2025.04.30 10:00:00,3305.89,3306.07,3303.54,3304.79,361,20,0
1746007500,2025.04.30 10:05:00,3304.79,3306.48,3303.13,3306.21,370,20,0
1746007800,2025.04.30 10:10:00,3306.23,3308.38,3306.04,3308.28,332,20,0
1746008100,2025.04.30 10:15:00,3308.28,3308.92,3307.47,3308.62,277,20,0
1746008400,2025.04.30 10:20:00,3308.59,3311.63,3308.35,3311.55,338,20,0
1746008700,2025.04.30 10:25:00,3311.55,3312.32,3310.55,3310.97,332,20,0
1746009000,2025.04.30 10:30:00,3310.96,3311.46,3308.91,3310.39,374,20,0
1746009300,2025.04.30 10:35:00,3310.39,3312.77,3309.53,3312.72,328,20,0
1746009600,2025.04.30 10:40:00,3312.74,3314.58,3312.41,3314.16,349,20,0
1746009900,2025.04.30 10:45:00,3314.13,3314.15,3312.32,3312.90,319,20,0
1746010200,2025.04.30 10:50:00,3312.89,3312.97,3310.26,3310.52,288,20,0
1746010500,2025.04.30 10:55:00,3310.52,3310.52,3307.14,3307.16,356,20,0
1746010800,2025.04.30 11:00:00,3307.14,3307.20,3304.89,3305.30,443,20,0
1746011100,2025.04.30 11:05:00,3305.31,3307.58,3301.19,3303.41,437,20,0
1746011400,2025.04.30 11:10:00,3303.33,3304.09,3285.21,3285.29,529,20,0
1746011700,2025.04.30 11:15:00,3285.05,3290.51,3284.10,3288.53,504,20,0
1746012000,2025.04.30 11:20:00,3288.57,3288.57,3283.57,3285.27,451,20,0
1746012300,2025.04.30 11:25:00,3285.27,3286.33,3280.35,3285.74,448,20,0
1746012600,2025.04.30 11:30:00,3285.75,3289.02,3283.02,3287.65,432,20,0
1746012900,2025.04.30 11:35:00,3287.65,3288.35,3285.80,3286.88,326,20,0
1746013200,2025.04.30 11:40:00,3286.67,3287.71,3285.95,3285.96,296,20,0
1746013500,2025.04.30 11:45:00,3285.96,3287.72,3284.51,3284.60,345,20,0
1746013800,2025.04.30 11:50:00,3284.58,3285.83,3282.92,3283.90,401,20,0
1746014100,2025.04.30 11:55:00,3283.85,3284.51,3282.97,3284.47,333,20,0
1746014400,2025.04.30 12:00:00,3284.42,3286.62,3282.78,3282.78,411,20,0
1746014700,2025.04.30 12:05:00,3282.56,3283.86,3281.33,3283.30,375,20,0
1746015000,2025.04.30 12:10:00,3283.30,3285.14,3280.80,3285.10,362,20,0
1746015300,2025.04.30 12:15:00,3284.89,3284.97,3278.30,3280.20,398,20,0
1746015600,2025.04.30 12:20:00,3280.20,3282.85,3279.79,3281.61,366,20,0
1746015900,2025.04.30 12:25:00,3281.61,3283.30,3280.20,3283.11,353,20,0
1746016200,2025.04.30 12:30:00,3282.76,3285.24,3282.76,3284.99,370,20,0
1746016500,2025.04.30 12:35:00,3285.01,3286.85,3283.99,3286.55,339,20,0
1746016800,2025.04.30 12:40:00,3286.55,3286.77,3284.29,3284.56,308,20,0
1746017100,2025.04.30 12:45:00,3284.56,3284.58,3279.95,3279.98,416,20,0
1746017400,2025.04.30 12:50:00,3280.00,3281.16,3275.63,3275.63,463,20,0
1746017700,2025.04.30 12:55:00,3275.63,3278.08,3275.01,3276.11,417,20,0
1746018000,2025.04.30 13:00:00,3275.91,3276.82,3272.14,3274.61,433,20,0
1746018300,2025.04.30 13:05:00,3274.63,3276.36,3272.62,3276.25,403,20,0
1746018600,2025.04.30 13:10:00,3276.28,3276.28,3273.51,3273.87,337,20,0
1746018900,2025.04.30 13:15:00,3273.87,3274.43,3272.42,3273.99,319,20,0
1746019200,2025.04.30 13:20:00,3274.12,3275.90,3271.83,3275.87,381,20,0
1746019500,2025.04.30 13:25:00,3275.87,3279.20,3275.59,3277.32,404,20,0
1746019800,2025.04.30 13:30:00,3277.46,3280.80,3277.27,3278.81,357,20,0
1746020100,2025.04.30 13:35:00,3278.75,3278.79,3276.50,3278.15,328,20,0
1746020400,2025.04.30 13:40:00,3278.24,3278.68,3275.18,3276.74,310,20,0
1746020700,2025.04.30 13:45:00,3276.63,3277.93,3276.24,3276.29,236,20,0
1746021000,2025.04.30 13:50:00,3275.96,3277.14,3273.81,3275.33,340,20,0
1746021300,2025.04.30 13:55:00,3275.24,3275.61,3272.55,3272.59,314,20,0
1746021600,2025.04.30 14:00:00,3272.56,3273.21,3268.29,3270.56,473,20,0
1746021900,2025.04.30 14:05:00,3270.50,3277.18,3270.44,3277.10,459,20,0
1746022200,2025.04.30 14:10:00,3277.12,3278.26,3275.19,3276.17,370,20,0
1746022500,2025.04.30 14:15:00,3276.07,3278.17,3274.96,3275.36,346,20,0
1746022800,2025.04.30 14:20:00,3275.33,3278.43,3274.55,3277.75,325,20,0
1746023100,2025.04.30 14:25:00,3277.75,3281.59,3277.66,3280.45,366,20,0
1746023400,2025.04.30 14:30:00,3280.45,3280.77,3279.36,3280.60,310,20,0
1746023700,2025.04.30 14:35:00,3280.56,3281.45,3279.70,3279.87,306,20,0
1746024000,2025.04.30 14:40:00,3279.88,3281.20,3279.18,3279.55,291,20,0
1746024300,2025.04.30 14:45:00,3279.73,3280.04,3276.81,3278.09,402,20,0
1746024600,2025.04.30 14:50:00,3278.14,3278.14,3273.49,3273.94,394,20,0
1746024900,2025.04.30 14:55:00,3273.97,3274.80,3269.51,3271.82,428,20,0
1746025200,2025.04.30 15:00:00,3271.84,3275.17,3267.66,3267.66,430,20,0
1746025500,2025.04.30 15:05:00,3267.85,3276.23,3267.03,3274.43,471,20,0
1746025800,2025.04.30 15:10:00,3274.42,3277.84,3274.42,3275.88,392,20,0
1746026100,2025.04.30 15:15:00,3275.87,3285.77,3275.15,3283.14,524,20,0
1746026400,2025.04.30 15:20:00,3283.08,3292.27,3281.94,3290.23,541,20,0
1746026700,2025.04.30 15:25:00,3290.22,3291.42,3287.50,3289.78,457,20,0
1746027000,2025.04.30 15:30:00,3289.72,3292.47,3285.70,3286.88,518,20,0
1746027300,2025.04.30 15:35:00,3286.90,3289.21,3283.64,3286.54,518,20,0
1746027600,2025.04.30 15:40:00,3286.54,3295.46,3286.09,3295.22,532,20,0
1746027900,2025.04.30 15:45:00,3295.27,3303.93,3294.03,3303.40,549,20,0
1746028200,2025.04.30 15:50:00,3303.40,3304.76,3298.26,3299.16,526,20,0
1746028500,2025.04.30 15:55:00,3299.16,3301.22,3297.34,3298.54,481,20,0
1746028800,2025.04.30 16:00:00,3298.60,3303.56,3296.76,3297.15,494,20,0
1746029100,2025.04.30 16:05:00,3297.15,3302.55,3296.15,3300.44,495,20,0
1746029400,2025.04.30 16:10:00,3300.46,3308.46,3299.63,3308.39,514,20,0
1746029700,2025.04.30 16:15:00,3308.27,3309.67,3302.96,3305.09,494,20,0
1746030000,2025.04.30 16:20:00,3305.07,3306.87,3301.17,3301.66,496,20,0
1746030300,2025.04.30 16:25:00,3301.70,3306.30,3300.43,3304.38,483,20,0
1746030600,2025.04.30 16:30:00,3304.44,3308.12,3303.97,3308.05,534,20,0
1746030900,2025.04.30 16:35:00,3308.05,3319.68,3307.48,3318.92,556,20,0
1746031200,2025.04.30 16:40:00,3319.20,3319.68,3313.30,3318.37,501,20,0
1746031500,2025.04.30 16:45:00,3318.50,3319.06,3312.58,3313.10,527,20,0
1746031800,2025.04.30 16:50:00,3314.02,3315.42,3309.50,3310.12,517,20,0
1746032100,2025.04.30 16:55:00,3310.20,3310.20,3305.09,3309.16,529,20,0
1746032400,2025.04.30 17:00:00,3309.15,3310.67,3298.70,3305.76,583,20,0
1746032700,2025.04.30 17:05:00,3305.89,3308.21,3300.56,3307.52,553,20,0
1746033000,2025.04.30 17:10:00,3307.62,3308.73,3305.55,3308.11,521,20,0
1746033300,2025.04.30 17:15:00,3308.13,3311.60,3305.83,3311.56,530,20,0
1746033600,2025.04.30 17:20:00,3311.37,3313.69,3309.36,3313.14,513,20,0
1746033900,2025.04.30 17:25:00,3313.26,3313.35,3304.62,3304.76,510,20,0
1746034200,2025.04.30 17:30:00,3304.66,3305.22,3292.95,3295.79,529,20,0
1746034500,2025.04.30 17:35:00,3295.37,3300.52,3292.98,3298.71,535,20,0
1746034800,2025.04.30 17:40:00,3298.75,3301.04,3293.65,3294.50,512,20,0
1746035100,2025.04.30 17:45:00,3294.34,3298.96,3293.03,3298.76,507,20,0
1746035400,2025.04.30 17:50:00,3298.77,3305.27,3298.61,3304.65,522,20,0
1746035700,2025.04.30 17:55:00,3304.60,3312.90,3304.60,3310.03,561,20,0
1746036000,2025.04.30 18:00:00,3309.96,3314.57,3309.85,3310.45,526,20,0
1746036300,2025.04.30 18:05:00,3310.40,3310.49,3305.96,3306.80,530,20,0
1746036600,2025.04.30 18:10:00,3306.84,3308.07,3303.17,3308.07,498,20,0
1746036900,2025.04.30 18:15:00,3308.10,3310.95,3307.10,3309.23,449,20,0
1746037200,2025.04.30 18:20:00,3309.25,3309.71,3305.73,3307.36,485,20,0
1746037500,2025.04.30 18:25:00,3307.51,3311.29,3306.21,3306.42,486,20,0
1746037800,2025.04.30 18:30:00,3306.41,3309.08,3305.36,3305.49,462,20,0
1746038100,2025.04.30 18:35:00,3305.50,3308.88,3304.58,3306.60,400,20,0
1746038400,2025.04.30 18:40:00,3306.60,3310.23,3301.44,3302.17,474,20,0
1746038700,2025.04.30 18:45:00,3301.57,3302.75,3299.02,3300.24,499,20,0
1746039000,2025.04.30 18:50:00,3300.20,3306.24,3300.17,3304.02,464,20,0
1746039300,2025.04.30 18:55:00,3304.09,3308.84,3302.29,3308.17,454,20,0
1746039600,2025.04.30 19:00:00,3308.04,3310.74,3307.24,3308.96,441,20,0
1746039900,2025.04.30 19:05:00,3308.96,3312.26,3308.05,3310.08,448,20,0
1746040200,2025.04.30 19:10:00,3310.01,3310.25,3308.43,3309.70,412,20,0
1746040500,2025.04.30 19:15:00,3309.70,3310.42,3308.27,3309.53,399,20,0
1746040800,2025.04.30 19:20:00,3309.54,3313.01,3309.22,3310.46,404,20,0
1746041100,2025.04.30 19:25:00,3310.46,3310.79,3307.80,3308.84,387,20,0
1746041400,2025.04.30 19:30:00,3308.84,3313.02,3307.67,3313.02,403,20,0
1746041700,2025.04.30 19:35:00,3313.02,3314.27,3309.06,3309.66,447,20,0
1746042000,2025.04.30 19:40:00,3309.66,3312.61,3308.98,3312.41,374,20,0
1746042300,2025.04.30 19:45:00,3312.41,3313.08,3309.91,3309.91,346,20,0
1746042600,2025.04.30 19:50:00,3309.93,3312.42,3309.76,3311.84,351,20,0
1746042900,2025.04.30 19:55:00,3311.84,3312.58,3310.71,3310.75,365,20,0
1746043200,2025.04.30 20:00:00,3310.78,3313.49,3310.13,3312.83,414,20,0
1746043500,2025.04.30 20:05:00,3312.84,3312.84,3309.35,3310.80,364,20,0
1746043800,2025.04.30 20:10:00,3310.79,3310.91,3305.85,3306.94,416,20,0
1746044100,2025.04.30 20:15:00,3306.91,3307.00,3304.99,3306.33,412,20,0
1746044400,2025.04.30 20:20:00,3306.33,3308.83,3306.31,3307.38,415,20,0
1746044700,2025.04.30 20:25:00,3307.43,3309.53,3307.16,3308.80,401,20,0
1746045000,2025.04.30 20:30:00,3308.77,3309.87,3307.28,3309.44,334,20,0
1746045300,2025.04.30 20:35:00,3309.35,3310.60,3306.91,3309.85,327,20,0
1746045600,2025.04.30 20:40:00,3309.85,3311.04,3309.54,3309.71,267,20,0
1746045900,2025.04.30 20:45:00,3309.69,3310.60,3308.14,3310.60,201,20,0
1746046200,2025.04.30 20:50:00,3310.61,3310.75,3308.68,3308.68,200,20,0
1746046500,2025.04.30 20:55:00,3308.72,3309.17,3305.03,3305.30,306,20,0
1746046800,2025.04.30 21:00:00,3305.29,3306.65,3303.23,3306.31,371,20,0
1746047100,2025.04.30 21:05:00,3306.31,3306.86,3302.57,3304.68,417,20,0
1746047400,2025.04.30 21:10:00,3304.66,3307.40,3303.30,3307.02,382,20,0
1746047700,2025.04.30 21:15:00,3307.02,3307.75,3305.34,3305.64,347,20,0
1746048000,2025.04.30 21:20:00,3305.65,3305.65,3302.50,3303.13,349,20,0
1746048300,2025.04.30 21:25:00,3303.14,3303.49,3300.83,3301.37,392,20,0
1746048600,2025.04.30 21:30:00,3301.36,3303.29,3300.69,3302.09,366,20,0
1746048900,2025.04.30 21:35:00,3302.09,3303.71,3301.70,3301.77,409,20,0
1746049200,2025.04.30 21:40:00,3301.84,3302.39,3300.42,3301.88,353,20,0
1746049500,2025.04.30 21:45:00,3301.91,3302.89,3300.50,3302.78,325,20,0
1746049800,2025.04.30 21:50:00,3302.77,3303.34,3301.75,3302.42,248,20,0
1746050100,2025.04.30 21:55:00,3302.42,3303.28,3301.71,3301.71,255,20,0
1746050400,2025.04.30 22:00:00,3301.68,3305.69,3301.68,3304.27,305,20,0
1746050700,2025.04.30 22:05:00,3304.27,3305.41,3303.47,3303.60,250,20,0
1746051000,2025.04.30 22:10:00,3303.59,3305.31,3303.38,3305.01,196,20,0
1746051300,2025.04.30 22:15:00,3305.18,3305.23,3301.92,3302.63,258,20,0
1746051600,2025.04.30 22:20:00,3302.57,3302.57,3299.47,3300.51,309,20,0
1746051900,2025.04.30 22:25:00,3300.48,3300.58,3298.00,3299.27,306,20,0
1746052200,2025.04.30 22:30:00,3299.27,3300.94,3298.44,3298.60,330,20,0
1746052500,2025.04.30 22:35:00,3298.61,3298.67,3294.66,3294.80,415,20,0
1746052800,2025.04.30 22:40:00,3294.80,3295.13,3292.86,3293.11,329,20,0
1746053100,2025.04.30 22:45:00,3293.19,3296.09,3292.86,3294.31,416,20,0
1746053400,2025.04.30 22:50:00,3294.33,3295.12,3292.82,3293.63,385,20,0
1746053700,2025.04.30 22:55:00,3293.59,3295.57,3292.19,3295.57,437,20,0
1746054000,2025.04.30 23:00:00,3295.72,3297.91,3291.97,3296.02,400,20,0
1746054300,2025.04.30 23:05:00,3296.02,3296.19,3292.81,3294.28,301,20,0
1746054600,2025.04.30 23:10:00,3294.28,3294.76,3293.54,3294.44,215,20,0
1746054900,2025.04.30 23:15:00,3294.50,3294.99,3293.49,3293.77,211,20,0
1746055200,2025.04.30 23:20:00,3293.77,3294.37,3292.50,3293.18,203,20,0
1746055500,2025.04.30 23:25:00,3292.97,3293.01,3289.43,3290.75,292,20,0
1746055800,2025.04.30 23:30:00,3290.66,3290.79,3286.15,3288.24,352,20,0
1746056100,2025.04.30 23:35:00,3288.30,3288.33,3283.04,3286.56,387,20,0
1746056400,2025.04.30 23:40:00,3286.61,3289.99,3285.68,3289.80,317,20,0
1746056700,2025.04.30 23:45:00,3289.91,3291.21,3289.25,3290.60,283,20,0
1746057000,2025.04.30 23:50:00,3290.60,3290.60,3286.99,3289.29,265,20,0
1746057300,2025.04.30 23:55:00,3289.14,3289.75,3288.26,3288.54,147,20,0
1746061200,2025.05.01 01:00:00,3289.27,3290.11,3285.34,3285.37,244,20,0
1746061500,2025.05.01 01:05:00,3285.33,3287.91,3284.96,3285.20,232,20,0
1746061800,2025.05.01 01:10:00,3284.98,3285.10,3274.34,3276.57,358,20,0
1746062100,2025.05.01 01:15:00,3276.46,3278.38,3272.24,3274.03,411,20,0
1746062400,2025.05.01 01:20:00,3274.03,3279.28,3273.80,3277.90,323,20,0
1746062700,2025.05.01 01:25:00,3277.93,3278.81,3275.65,3276.03,227,20,0
1746063000,2025.05.01 01:30:00,3277.93,3281.07,3275.76,3278.00,347,20,0
1746063300,2025.05.01 01:35:00,3278.15,3279.35,3271.48,3272.28,313,20,0
1746063600,2025.05.01 01:40:00,3272.73,3277.22,3271.42,3276.07,269,20,0
1746063900,2025.05.01 01:45:00,3276.08,3279.68,3276.08,3279.29,213,20,0
1746064200,2025.05.01 01:50:00,3279.30,3279.89,3277.50,3277.50,220,20,0
1746064500,2025.05.01 01:55:00,3277.43,3278.66,3273.63,3273.92,279,20,0
1746064800,2025.05.01 02:00:00,3273.93,3279.22,3273.39,3277.25,344,20,0
1746065100,2025.05.01 02:05:00,3277.28,3279.61,3276.86,3279.12,263,20,0
1746065400,2025.05.01 02:10:00,3279.15,3285.20,3278.02,3280.39,345,20,0
1746065700,2025.05.01 02:15:00,3280.55,3280.55,3274.17,3275.54,387,20,0
1746066000,2025.05.01 02:20:00,3275.53,3279.63,3274.50,3279.52,258,20,0
1746066300,2025.05.01 02:25:00,3279.58,3280.35,3276.59,3278.21,209,20,0
1746066600,2025.05.01 02:30:00,3278.22,3278.22,3273.94,3276.11,271,20,0
1746066900,2025.05.01 02:35:00,3276.08,3276.74,3274.28,3275.23,283,20,0
1746067200,2025.05.01 02:40:00,3275.26,3275.26,3269.82,3274.53,379,20,0
1746067500,2025.05.01 02:45:00,3274.53,3276.60,3273.59,3276.15,269,20,0
1746067800,2025.05.01 02:50:00,3275.87,3276.67,3272.95,3273.98,214,20,0
1746068100,2025.05.01 02:55:00,3273.94,3274.30,3271.85,3272.77,240,20,0
1746068400,2025.05.01 03:00:00,3272.95,3275.18,3270.98,3274.69,385,20,0
1746068700,2025.05.01 03:05:00,3274.57,3275.56,3269.83,3274.75,328,20,0
1746069000,2025.05.01 03:10:00,3274.69,3276.27,3273.54,3275.20,292,20,0
1746069300,2025.05.01 03:15:00,3275.20,3276.31,3267.62,3268.32,312,20,0
1746069600,2025.05.01 03:20:00,3268.68,3268.68,3254.57,3261.45,420,20,0
1746069900,2025.05.01 03:25:00,3261.45,3261.76,3254.50,3258.80,534,20,0
1746070200,2025.05.01 03:30:00,3259.05,3259.18,3248.92,3249.34,503,20,0
1746070500,2025.05.01 03:35:00,3249.17,3252.69,3245.41,3252.37,487,20,0
1746070800,2025.05.01 03:40:00,3252.46,3252.93,3245.60,3248.10,428,20,0
1746071100,2025.05.01 03:45:00,3248.07,3250.67,3243.98,3247.35,413,20,0
1746071400,2025.05.01 03:50:00,3247.35,3252.72,3241.56,3244.70,391,20,0
1746071700,2025.05.01 03:55:00,3244.71,3248.31,3241.71,3246.51,422,20,0
1746072000,2025.05.01 04:00:00,3246.47,3248.59,3243.27,3243.55,368,20,0
1746072300,2025.05.01 04:05:00,3242.80,3245.16,3235.84,3241.52,454,20,0
1746072600,2025.05.01 04:10:00,3241.53,3244.64,3238.93,3243.91,328,20,0
1746072900,2025.05.01 04:15:00,3243.91,3246.52,3239.40,3241.98,293,20,0
1746073200,2025.05.01 04:20:00,3242.12,3246.36,3242.03,3246.02,269,20,0
1746073500,2025.05.01 04:25:00,3246.02,3249.59,3245.99,3248.47,394,20,0
1746073800,2025.05.01 04:30:00,3248.97,3248.97,3243.76,3246.99,383,20,0
1746074100,2025.05.01 04:35:00,3246.98,3251.35,3246.65,3249.11,371,20,0
1746074400,2025.05.01 04:40:00,3249.07,3249.11,3244.16,3244.16,258,20,0
1746074700,2025.05.01 04:45:00,3244.12,3245.07,3236.56,3237.52,390,20,0
1746075000,2025.05.01 04:50:00,3237.37,3242.07,3234.47,3241.37,431,20,0
1746075300,2025.05.01 04:55:00,3241.42,3243.33,3235.56,3238.79,380,20,0
1746075600,2025.05.01 05:00:00,3238.86,3241.73,3238.10,3240.44,281,20,0
1746075900,2025.05.01 05:05:00,3240.44,3242.65,3239.11,3239.38,250,20,0
1746076200,2025.05.01 05:10:00,3239.38,3240.35,3235.13,3240.29,279,20,0
1746076500,2025.05.01 05:15:00,3240.42,3246.90,3240.31,3245.22,301,20,0
1746076800,2025.05.01 05:20:00,3245.22,3250.16,3241.31,3250.16,377,20,0
1746077100,2025.05.01 05:25:00,3250.17,3251.39,3244.77,3246.45,385,20,0
1746077400,2025.05.01 05:30:00,3246.52,3248.41,3242.94,3243.57,277,20,0
1746077700,2025.05.01 05:35:00,3243.57,3245.08,3243.14,3244.12,294,20,0
1746078000,2025.05.01 05:40:00,3243.94,3247.31,3243.86,3244.09,273,20,0
1746078300,2025.05.01 05:45:00,3244.09,3245.24,3240.14,3241.51,339,20,0
1746078600,2025.05.01 05:50:00,3241.51,3243.99,3239.62,3243.71,314,20,0
1746078900,2025.05.01 05:55:00,3243.71,3244.36,3240.78,3241.57,237,20,0
1746079200,2025.05.01 06:00:00,3241.49,3241.75,3238.34,3240.91,301,20,0
1746079500,2025.05.01 06:05:00,3241.03,3242.53,3236.65,3237.33,274,20,0
1746079800,2025.05.01 06:10:00,3237.33,3238.96,3230.92,3232.00,427,20,0
1746080100,2025.05.01 06:15:00,3232.14,3237.99,3231.45,3235.42,419,20,0
1746080400,2025.05.01 06:20:00,3235.43,3235.99,3230.95,3232.85,370,20,0
1746080700,2025.05.01 06:25:00,3232.90,3233.95,3231.60,3233.19,294,20,0
1746081000,2025.05.01 06:30:00,3233.20,3237.24,3233.05,3235.07,345,20,0
1746081300,2025.05.01 06:35:00,3235.11,3235.11,3231.02,3232.29,330,20,0
1746081600,2025.05.01 06:40:00,3232.28,3235.15,3229.53,3235.15,400,20,0
1746081900,2025.05.01 06:45:00,3235.15,3237.04,3232.53,3232.53,348,20,0
1746082200,2025.05.01 06:50:00,3232.64,3234.71,3229.34,3233.11,317,20,0
1746082500,2025.05.01 06:55:00,3233.11,3233.51,3228.97,3229.45,299,20,0
1746082800,2025.05.01 07:00:00,3229.45,3231.35,3225.40,3229.52,417,20,0
1746083100,2025.05.01 07:05:00,3229.57,3230.63,3226.11,3227.80,308,20,0
1746083400,2025.05.01 07:10:00,3228.09,3230.30,3227.30,3228.45,317,20,0
1746083700,2025.05.01 07:15:00,3228.45,3228.45,3225.86,3226.31,300,20,0
1746084000,2025.05.01 07:20:00,3226.02,3228.06,3223.54,3225.96,336,20,0
1746084300,2025.05.01 07:25:00,3225.91,3227.80,3225.29,3226.45,230,20,0
1746084600,2025.05.01 07:30:00,3226.45,3227.06,3223.82,3226.45,297,20,0
1746084900,2025.05.01 07:35:00,3226.45,3227.02,3221.26,3223.48,400,20,0
1746085200,2025.05.01 07:40:00,3223.59,3226.78,3221.53,3226.63,383,20,0
1746085500,2025.05.01 07:45:00,3226.63,3230.79,3226.63,3229.74,362,20,0
1746085800,2025.05.01 07:50:00,3229.74,3231.98,3227.67,3227.81,344,20,0
1746086100,2025.05.01 07:55:00,3227.69,3228.46,3225.61,3226.45,275,20,0
1746086400,2025.05.01 08:00:00,3226.45,3227.36,3223.97,3224.06,294,20,0
1746086700,2025.05.01 08:05:00,3223.83,3229.68,3223.45,3227.27,336,20,0
1746087000,2025.05.01 08:10:00,3227.27,3229.81,3226.44,3229.36,370,20,0
1746087300,2025.05.01 08:15:00,3229.34,3231.43,3228.14,3229.02,374,20,0
1746087600,2025.05.01 08:20:00,3229.10,3231.88,3229.09,3230.45,327,20,0
1746087900,2025.05.01 08:25:00,3230.45,3233.12,3227.40,3230.66,444,20,0
1746088200,2025.05.01 08:30:00,3230.66,3232.35,3228.70,3231.88,429,20,0
1746088500,2025.05.01 08:35:00,3231.82,3236.42,3231.67,3234.70,423,20,0
1746088800,2025.05.01 08:40:00,3234.64,3236.51,3233.23,3233.68,306,20,0
1746089100,2025.05.01 08:45:00,3233.52,3237.56,3233.33,3237.12,285,20,0
1746089400,2025.05.01 08:50:00,3237.12,3238.42,3235.80,3237.07,296,20,0
1746089700,2025.05.01 08:55:00,3237.23,3238.83,3236.46,3236.67,312,20,0
1746090000,2025.05.01 09:00:00,3236.68,3241.61,3236.04,3241.14,389,20,0
1746090300,2025.05.01 09:05:00,3241.14,3243.17,3239.29,3240.71,435,20,0
1746090600,2025.05.01 09:10:00,3240.71,3241.44,3237.40,3238.15,360,20,0
1746090900,2025.05.01 09:15:00,3238.33,3240.03,3233.78,3239.79,459,20,0
1746091200,2025.05.01 09:20:00,3239.81,3239.92,3235.88,3237.08,373,20,0
1746091500,2025.05.01 09:25:00,3236.91,3236.91,3235.01,3235.86,312,20,0
1746091800,2025.05.01 09:30:00,3235.89,3240.41,3235.36,3239.06,392,20,0
1746092100,2025.05.01 09:35:00,3238.96,3239.97,3236.72,3238.08,318,20,0
1746092400,2025.05.01 09:40:00,3238.16,3240.01,3236.43,3237.38,366,20,0
1746092700,2025.05.01 09:45:00,3237.38,3237.85,3235.63,3235.92,363,20,0
1746093000,2025.05.01 09:50:00,3236.21,3237.79,3235.69,3237.29,303,20,0
1746093300,2025.05.01 09:55:00,3237.30,3237.78,3234.65,3235.69,342,20,0
1746093600,2025.05.01 10:00:00,3235.71,3236.92,3230.80,3230.80,389,20,0
1746093900,2025.05.01 10:05:00,3230.72,3234.25,3228.93,3230.14,392,20,0
1746094200,2025.05.01 10:10:00,3230.18,3231.74,3228.13,3231.16,346,20,0
1746094500,2025.05.01 10:15:00,3231.16,3231.56,3226.34,3226.41,332,20,0
1746094800,2025.05.01 10:20:00,3226.39,3232.35,3226.04,3231.49,378,20,0
1746095100,2025.05.01 10:25:00,3231.49,3232.30,3229.98,3230.59,318,20,0
1746095400,2025.05.01 10:30:00,3230.59,3232.07,3229.61,3231.04,304,20,0
1746095700,2025.05.01 10:35:00,3231.29,3234.82,3229.75,3232.90,378,20,0
1746096000,2025.05.01 10:40:00,3232.75,3235.33,3231.09,3234.58,348,20,0
1746096300,2025.05.01 10:45:00,3234.57,3234.63,3231.50,3231.60,305,20,0
1746096600,2025.05.01 10:50:00,3231.56,3231.58,3228.44,3230.80,335,20,0
1746096900,2025.05.01 10:55:00,3230.76,3230.95,3229.47,3230.07,294,20,0
1746097200,2025.05.01 11:00:00,3230.09,3234.03,3229.96,3233.97,373,20,0
1746097500,2025.05.01 11:05:00,3233.95,3235.37,3233.50,3234.63,353,20,0
1746097800,2025.05.01 11:10:00,3234.61,3234.62,3232.05,3232.84,302,20,0
1746098100,2025.05.01 11:15:00,3232.83,3234.57,3232.71,3234.14,243,20,0
1746098400,2025.05.01 11:20:00,3234.14,3236.68,3233.88,3236.54,288,20,0
1746098700,2025.05.01 11:25:00,3236.52,3236.54,3234.00,3234.56,306,20,0
1746099000,2025.05.01 11:30:00,3234.56,3234.90,3233.11,3233.68,272,20,0
1746099300,2025.05.01 11:35:00,3233.68,3234.21,3232.57,3232.84,256,20,0
1746099600,2025.05.01 11:40:00,3232.84,3233.44,3231.91,3232.36,257,20,0
1746099900,2025.05.01 11:45:00,3232.36,3234.17,3232.34,3232.43,203,20,0
1746100200,2025.05.01 11:50:00,3232.43,3235.22,3232.43,3233.74,228,20,0
1746100500,2025.05.01 11:55:00,3233.68,3235.19,3232.86,3235.19,240,20,0
1746100800,2025.05.01 12:00:00,3235.19,3236.09,3234.56,3234.65,335,20,0
1746101100,2025.05.01 12:05:00,3234.62,3234.62,3229.22,3229.48,355,20,0
1746101400,2025.05.01 12:10:00,3229.41,3233.19,3228.17,3230.26,442,20,0
1746101700,2025.05.01 12:15:00,3230.25,3230.36,3228.27,3228.40,284,20,0
1746102000,2025.05.01 12:20:00,3228.40,3229.69,3227.88,3228.00,227,20,0
1746102300,2025.05.01 12:25:00,3228.02,3228.28,3225.51,3225.75,233,20,0
1746102600,2025.05.01 12:30:00,3225.75,3226.59,3223.24,3223.31,308,20,0
1746102900,2025.05.01 12:35:00,3223.31,3224.77,3222.04,3222.50,325,20,0
1746103200,2025.05.01 12:40:00,3222.49,3223.05,3219.71,3223.02,345,20,0
1746103500,2025.05.01 12:45:00,3223.00,3224.28,3222.44,3223.74,331,20,0
1746103800,2025.05.01 12:50:00,3223.64,3223.81,3220.17,3220.56,353,20,0
1746104100,2025.05.01 12:55:00,3220.48,3220.63,3215.90,3218.55,462,20,0
1746104400,2025.05.01 13:00:00,3218.55,3220.50,3217.31,3218.12,376,20,0
1746104700,2025.05.01 13:05:00,3218.12,3218.30,3216.46,3217.75,350,20,0
1746105000,2025.05.01 13:10:00,3217.75,3218.18,3214.61,3215.02,378,20,0
1746105300,2025.05.01 13:15:00,3215.02,3217.52,3213.82,3213.92,367,20,0
1746105600,2025.05.01 13:20:00,3214.23,3216.14,3213.57,3214.70,341,20,0
1746105900,2025.05.01 13:25:00,3214.70,3219.24,3214.70,3218.37,404,20,0
1746106200,2025.05.01 13:30:00,3218.37,3219.84,3217.88,3219.83,328,20,0
1746106500,2025.05.01 13:35:00,3219.83,3222.91,3219.65,3222.33,323,20,0
1746106800,2025.05.01 13:40:00,3222.33,3225.27,3221.45,3223.91,381,20,0
1746107100,2025.05.01 13:45:00,3224.04,3224.30,3221.84,3222.94,363,20,0
1746107400,2025.05.01 13:50:00,3222.94,3223.50,3221.93,3222.91,349,20,0
1746107700,2025.05.01 13:55:00,3222.88,3223.44,3221.67,3222.61,316,20,0
1746108000,2025.05.01 14:00:00,3222.74,3226.77,3222.22,3226.57,428,20,0
1746108300,2025.05.01 14:05:00,3226.61,3226.77,3223.06,3224.36,317,20,0
1746108600,2025.05.01 14:10:00,3224.36,3224.39,3222.98,3223.58,279,20,0
1746108900,2025.05.01 14:15:00,3223.80,3225.38,3223.19,3225.18,295,20,0
1746109200,2025.05.01 14:20:00,3225.19,3227.05,3223.79,3225.35,370,20,0
1746109500,2025.05.01 14:25:00,3225.32,3225.81,3222.80,3223.16,332,20,0
1746109800,2025.05.01 14:30:00,3223.14,3225.26,3222.58,3224.98,406,20,0
1746110100,2025.05.01 14:35:00,3224.97,3224.97,3219.87,3219.94,388,20,0
1746110400,2025.05.01 14:40:00,3219.94,3220.12,3214.24,3214.31,430,20,0
1746110700,2025.05.01 14:45:00,3214.31,3214.91,3206.65,3207.68,472,20,0
1746111000,2025.05.01 14:50:00,3207.88,3208.15,3203.44,3205.18,499,20,0
1746111300,2025.05.01 14:55:00,3205.30,3207.32,3203.51,3205.58,416,20,0
1746111600,2025.05.01 15:00:00,3205.58,3208.86,3201.95,3208.36,492,20,0
1746111900,2025.05.01 15:05:00,3208.36,3209.97,3204.70,3205.25,452,20,0
1746112200,2025.05.01 15:10:00,3205.15,3207.59,3203.25,3207.04,434,20,0
1746112500,2025.05.01 15:15:00,3206.86,3208.50,3203.78,3208.50,470,20,0
1746112800,2025.05.01 15:20:00,3208.52,3215.41,3208.51,3215.41,505,20,0
1746113100,2025.05.01 15:25:00,3215.01,3219.91,3215.01,3219.39,510,20,0
1746113400,2025.05.01 15:30:00,3219.25,3225.05,3218.55,3223.43,526,20,0
1746113700,2025.05.01 15:35:00,3223.27,3225.72,3220.25,3224.69,534,20,0
1746114000,2025.05.01 15:40:00,3224.65,3228.38,3221.69,3226.36,518,20,0
1746114300,2025.05.01 15:45:00,3226.77,3230.00,3224.00,3226.14,506,20,0
1746114600,2025.05.01 15:50:00,3226.38,3231.07,3225.18,3230.62,458,20,0
1746114900,2025.05.01 15:55:00,3230.64,3232.64,3225.02,3226.86,492,20,0
1746115200,2025.05.01 16:00:00,3226.87,3226.93,3223.09,3224.03,480,20,0
1746115500,2025.05.01 16:05:00,3224.09,3226.08,3221.42,3221.57,432,20,0
1746115800,2025.05.01 16:10:00,3221.48,3229.91,3221.10,3229.07,489,20,0
1746116100,2025.05.01 16:15:00,3229.08,3230.24,3223.48,3223.48,462,20,0
1746116400,2025.05.01 16:20:00,3223.41,3226.43,3221.09,3225.90,396,20,0
1746116700,2025.05.01 16:25:00,3226.04,3228.10,3222.95,3227.23,411,20,0
1746117000,2025.05.01 16:30:00,3227.16,3229.90,3221.01,3225.04,546,20,0
1746117300,2025.05.01 16:35:00,3225.05,3229.21,3220.39,3228.99,540,20,0
1746117600,2025.05.01 16:40:00,3229.13,3232.96,3227.53,3227.91,509,20,0
1746117900,2025.05.01 16:45:00,3227.73,3227.73,3219.00,3223.58,504,20,0
1746118200,2025.05.01 16:50:00,3223.70,3224.69,3219.10,3223.05,472,20,0
1746118500,2025.05.01 16:55:00,3222.64,3224.95,3221.21,3224.59,390,20,0
1746118800,2025.05.01 17:00:00,3224.55,3224.78,3214.50,3220.76,568,20,0
1746119100,2025.05.01 17:05:00,3220.80,3224.53,3217.72,3222.52,554,20,0
1746119400,2025.05.01 17:10:00,3222.41,3228.24,3221.15,3224.66,540,20,0
1746119700,2025.05.01 17:15:00,3224.70,3224.70,3216.41,3219.13,541,20,0
1746120000,2025.05.01 17:20:00,3219.10,3222.32,3214.28,3218.17,540,20,0
1746120300,2025.05.01 17:25:00,3217.93,3222.86,3217.93,3222.86,501,20,0
1746120600,2025.05.01 17:30:00,3222.87,3227.35,3220.80,3224.59,531,20,0
1746120900,2025.05.01 17:35:00,3224.97,3228.47,3223.43,3228.05,464,20,0
1746121200,2025.05.01 17:40:00,3227.86,3231.11,3227.72,3230.08,496,20,0
1746121500,2025.05.01 17:45:00,3230.09,3231.45,3225.65,3225.73,453,20,0
1746121800,2025.05.01 17:50:00,3225.82,3226.09,3220.29,3220.33,451,20,0
1746122100,2025.05.01 17:55:00,3220.35,3222.74,3218.46,3219.02,488,20,0
1746122400,2025.05.01 18:00:00,3219.07,3221.85,3218.82,3220.71,472,20,0
1746122700,2025.05.01 18:05:00,3220.34,3221.19,3217.30,3219.25,481,20,0
1746123000,2025.05.01 18:10:00,3219.15,3221.03,3217.90,3217.97,415,20,0
1746123300,2025.05.01 18:15:00,3217.93,3217.93,3214.53,3215.31,484,20,0
1746123600,2025.05.01 18:20:00,3215.32,3218.07,3215.28,3215.56,428,20,0
1746123900,2025.05.01 18:25:00,3215.56,3217.22,3213.61,3215.28,434,20,0
1746124200,2025.05.01 18:30:00,3215.32,3215.69,3209.05,3209.20,484,20,0
1746124500,2025.05.01 18:35:00,3209.22,3212.42,3206.69,3211.42,441,20,0
1746124800,2025.05.01 18:40:00,3211.57,3212.53,3205.98,3206.88,467,20,0
1746125100,2025.05.01 18:45:00,3206.86,3209.28,3204.97,3207.73,468,20,0
1746125400,2025.05.01 18:50:00,3207.74,3213.89,3207.70,3213.05,449,20,0
1746125700,2025.05.01 18:55:00,3213.05,3218.04,3212.87,3216.37,467,20,0
1746126000,2025.05.01 19:00:00,3216.37,3217.32,3211.69,3212.75,439,20,0
1746126300,2025.05.01 19:05:00,3212.69,3213.40,3209.58,3210.26,441,20,0
1746126600,2025.05.01 19:10:00,3210.25,3212.32,3208.97,3210.14,462,20,0
1746126900,2025.05.01 19:15:00,3210.15,3214.75,3210.15,3212.10,380,20,0
1746127200,2025.05.01 19:20:00,3212.11,3213.52,3210.66,3211.35,373,20,0
1746127500,2025.05.01 19:25:00,3211.35,3212.28,3209.43,3209.72,404,20,0
1746127800,2025.05.01 19:30:00,3209.64,3212.69,3209.63,3210.29,422,20,0
1746128100,2025.05.01 19:35:00,3210.30,3213.90,3210.30,3213.49,379,20,0
1746128400,2025.05.01 19:40:00,3213.49,3216.45,3212.64,3213.89,393,20,0
1746128700,2025.05.01 19:45:00,3213.89,3217.59,3213.89,3216.24,379,20,0
1746129000,2025.05.01 19:50:00,3216.29,3217.83,3215.18,3217.04,384,20,0
1746129300,2025.05.01 19:55:00,3217.03,3220.62,3216.19,3219.55,415,20,0
1746129600,2025.05.01 20:00:00,3219.56,3220.56,3217.22,3218.02,405,20,0
1746129900,2025.05.01 20:05:00,3218.21,3218.53,3216.43,3217.13,355,20,0
1746130200,2025.05.01 20:10:00,3217.14,3220.37,3217.14,3219.36,330,20,0
1746130500,2025.05.01 20:15:00,3219.36,3220.06,3217.16,3220.06,392,20,0
1746130800,2025.05.01 20:20:00,3220.06,3220.81,3216.09,3216.40,395,20,0
1746131100,2025.05.01 20:25:00,3216.50,3217.92,3214.01,3215.70,425,20,0
1746131400,2025.05.01 20:30:00,3215.98,3216.39,3212.62,3213.00,393,20,0
1746131700,2025.05.01 20:35:00,3213.00,3215.32,3213.00,3213.84,300,20,0
1746132000,2025.05.01 20:40:00,3213.86,3213.91,3209.85,3211.31,351,20,0
1746132300,2025.05.01 20:45:00,3211.32,3214.27,3210.22,3213.19,358,20,0
1746132600,2025.05.01 20:50:00,3213.12,3214.76,3213.10,3214.70,264,20,0
1746132900,2025.05.01 20:55:00,3214.76,3215.87,3214.01,3214.61,316,20,0
1746133200,2025.05.01 21:00:00,3214.46,3214.86,3212.85,3213.80,313,20,0
1746133500,2025.05.01 21:05:00,3213.79,3216.26,3213.79,3215.30,297,20,0
1746133800,2025.05.01 21:10:00,3215.27,3217.93,3215.17,3217.40,262,20,0
1746134100,2025.05.01 21:15:00,3217.38,3218.95,3217.38,3217.99,282,20,0
1746134400,2025.05.01 21:20:00,3217.67,3217.69,3215.37,3215.84,418,20,0
1746134700,2025.05.01 21:25:00,3215.27,3217.00,3214.70,3216.90,334,20,0
1746135000,2025.05.01 21:30:00,3216.89,3221.58,3216.30,3221.31,361,20,0
1746135300,2025.05.01 21:35:00,3221.24,3224.59,3221.19,3224.38,406,20,0
1746135600,2025.05.01 21:40:00,3224.39,3226.64,3222.80,3225.58,384,20,0
1746135900,2025.05.01 21:45:00,3225.57,3226.81,3225.43,3226.38,283,20,0
1746136200,2025.05.01 21:50:00,3226.39,3226.56,3224.52,3224.52,332,20,0
1746136500,2025.05.01 21:55:00,3224.55,3224.92,3223.68,3223.85,276,20,0
1746136800,2025.05.01 22:00:00,3223.85,3226.28,3223.85,3225.38,315,20,0
1746137100,2025.05.01 22:05:00,3225.37,3226.08,3224.19,3224.86,237,20,0
1746137400,2025.05.01 22:10:00,3224.86,3226.81,3224.52,3225.79,304,20,0
1746137700,2025.05.01 22:15:00,3225.79,3225.91,3224.26,3225.46,282,20,0
1746138000,2025.05.01 22:20:00,3225.48,3226.88,3224.35,3224.54,295,20,0
1746138300,2025.05.01 22:25:00,3224.54,3226.51,3224.54,3225.77,215,20,0
1746138600,2025.05.01 22:30:00,3225.78,3226.64,3224.78,3226.30,329,20,0
1746138900,2025.05.01 22:35:00,3226.28,3226.86,3225.51,3225.71,272,20,0
1746139200,2025.05.01 22:40:00,3225.71,3229.60,3225.34,3228.78,344,20,0
1746139500,2025.05.01 22:45:00,3228.74,3228.94,3226.75,3226.75,362,20,0
1746139800,2025.05.01 22:50:00,3226.68,3228.38,3225.47,3226.61,339,20,0
1746140100,2025.05.01 22:55:00,3226.69,3229.54,3226.69,3228.08,392,20,0
1746140400,2025.05.01 23:00:00,3228.16,3231.43,3228.04,3231.37,298,20,0
1746140700,2025.05.01 23:05:00,3231.32,3232.35,3230.23,3232.00,260,20,0
1746141000,2025.05.01 23:10:00,3231.99,3235.63,3231.81,3235.63,275,20,0
1746141300,2025.05.01 23:15:00,3235.63,3236.76,3233.31,3235.22,285,20,0
1746141600,2025.05.01 23:20:00,3235.22,3235.62,3233.53,3233.69,161,20,0
1746141900,2025.05.01 23:25:00,3233.79,3233.79,3230.24,3230.67,225,20,0
1746142200,2025.05.01 23:30:00,3230.67,3234.73,3230.10,3232.88,251,20,0
1746142500,2025.05.01 23:35:00,3232.88,3235.38,3232.84,3235.23,189,20,0
1746142800,2025.05.01 23:40:00,3235.14,3239.55,3235.14,3239.10,280,20,0
1746143100,2025.05.01 23:45:00,3239.13,3239.72,3237.32,3237.73,282,20,0
1746143400,2025.05.01 23:50:00,3237.72,3239.34,3235.03,3235.45,215,20,0
1746143700,2025.05.01 23:55:00,3235.50,3238.40,3235.50,3238.13,132,20,0
1746147600,2025.05.02 01:00:00,3237.30,3241.52,3237.30,3239.26,312,20,0
1746147900,2025.05.02 01:05:00,3239.15,3243.30,3235.32,3235.44,222,20,0
1746148200,2025.05.02 01:10:00,3235.41,3238.06,3235.41,3236.47,184,20,0
1746148500,2025.05.02 01:15:00,3236.35,3238.71,3235.61,3236.79,170,20,0
1746148800,2025.05.02 01:20:00,3236.78,3240.33,3236.78,3237.90,190,20,0
1746149100,2025.05.02 01:25:00,3237.82,3239.36,3237.18,3237.47,124,20,0
1746149400,2025.05.02 01:30:00,3237.42,3237.56,3232.67,3233.44,316,20,0
1746149700,2025.05.02 01:35:00,3233.49,3236.35,3233.49,3234.58,232,20,0
1746150000,2025.05.02 01:40:00,3234.58,3236.12,3234.23,3235.84,152,20,0
1746150300,2025.05.02 01:45:00,3235.84,3238.66,3235.72,3236.91,180,20,0
1746150600,2025.05.02 01:50:00,3236.97,3239.10,3236.48,3237.90,240,20,0
1746150900,2025.05.02 01:55:00,3237.90,3238.89,3237.56,3237.78,200,20,0
1746151200,2025.05.02 02:00:00,3237.96,3241.60,3236.90,3241.19,317,20,0
1746151500,2025.05.02 02:05:00,3241.12,3241.30,3238.81,3239.11,233,20,0
1746151800,2025.05.02 02:10:00,3239.12,3239.12,3236.82,3237.43,200,20,0
1746152100,2025.05.02 02:15:00,3237.44,3237.82,3236.04,3237.57,215,20,0
1746152400,2025.05.02 02:20:00,3237.57,3238.33,3236.65,3237.40,160,20,0
1746152700,2025.05.02 02:25:00,3237.40,3238.22,3236.62,3236.65,123,20,0
1746153000,2025.05.02 02:30:00,3236.64,3237.94,3235.68,3237.15,157,20,0
1746153300,2025.05.02 02:35:00,3237.14,3237.76,3236.65,3236.87,111,20,0
1746153600,2025.05.02 02:40:00,3236.78,3238.75,3236.27,3238.75,131,20,0
1746153900,2025.05.02 02:45:00,3238.79,3239.64,3236.91,3237.18,151,20,0
1746154200,2025.05.02 02:50:00,3237.13,3237.96,3234.76,3237.21,223,20,0
1746154500,2025.05.02 02:55:00,3237.35,3237.71,3235.56,3237.30,255,20,0
1746154800,2025.05.02 03:00:00,3237.30,3240.09,3237.14,3239.93,383,20,0
1746155100,2025.05.02 03:05:00,3239.93,3241.17,3238.37,3238.76,314,20,0
1746155400,2025.05.02 03:10:00,3238.75,3239.13,3237.14,3238.66,275,20,0
1746155700,2025.05.02 03:15:00,3238.62,3241.67,3238.54,3240.78,321,20,0
1746156000,2025.05.02 03:20:00,3240.71,3244.10,3239.85,3243.64,321,20,0
1746156300,2025.05.02 03:25:00,3243.64,3244.17,3240.80,3243.19,394,20,0
1746156600,2025.05.02 03:30:00,3243.26,3244.19,3240.03,3240.57,340,20,0
1746156900,2025.05.02 03:35:00,3240.93,3241.38,3239.00,3239.58,309,20,0
1746157200,2025.05.02 03:40:00,3239.59,3242.74,3239.19,3240.03,324,20,0
1746157500,2025.05.02 03:45:00,3239.93,3240.16,3231.94,3232.63,501,20,0
1746157800,2025.05.02 03:50:00,3232.65,3234.78,3229.29,3230.45,412,20,0
1746158100,2025.05.02 03:55:00,3230.43,3232.31,3227.46,3231.19,433,20,0
1746158400,2025.05.02 04:00:00,3231.38,3235.38,3231.36,3233.15,439,20,0
1746158700,2025.05.02 04:05:00,3233.12,3234.62,3232.44,3233.96,326,20,0
1746159000,2025.05.02 04:10:00,3233.96,3236.28,3233.31,3235.74,327,20,0
1746159300,2025.05.02 04:15:00,3235.71,3237.42,3234.94,3234.95,377,20,0
1746159600,2025.05.02 04:20:00,3234.94,3235.35,3233.40,3233.83,344,20,0
1746159900,2025.05.02 04:25:00,3233.83,3234.70,3231.95,3233.23,279,20,0
1746160200,2025.05.02 04:30:00,3233.26,3235.20,3233.26,3234.06,302,20,0
1746160500,2025.05.02 04:35:00,3234.07,3235.37,3231.43,3234.82,476,20,0
1746160800,2025.05.02 04:40:00,3234.80,3235.34,3232.71,3233.92,435,20,0
1746161100,2025.05.02 04:45:00,3233.92,3237.28,3233.13,3236.76,347,20,0
1746161400,2025.05.02 04:50:00,3235.91,3236.47,3234.31,3235.30,280,20,0
1746161700,2025.05.02 04:55:00,3235.30,3237.42,3234.89,3236.35,303,20,0
1746162000,2025.05.02 05:00:00,3236.44,3239.81,3235.85,3239.27,329,20,0
1746162300,2025.05.02 05:05:00,3239.27,3242.31,3238.32,3242.27,329,20,0
1746162600,2025.05.02 05:10:00,3242.27,3243.89,3242.06,3243.15,393,20,0
1746162900,2025.05.02 05:15:00,3243.13,3247.41,3241.72,3244.57,394,20,0
1746163200,2025.05.02 05:20:00,3244.72,3246.85,3243.07,3246.66,390,20,0
1746163500,2025.05.02 05:25:00,3246.76,3247.09,3245.41,3246.20,338,20,0
1746163800,2025.05.02 05:30:00,3246.19,3247.90,3245.79,3246.09,317,20,0
1746164100,2025.05.02 05:35:00,3246.09,3246.09,3243.32,3245.04,322,20,0
1746164400,2025.05.02 05:40:00,3245.04,3245.98,3244.11,3245.73,264,20,0
1746164700,2025.05.02 05:45:00,3245.73,3247.39,3245.29,3247.27,237,20,0
1746165000,2025.05.02 05:50:00,3247.28,3249.16,3246.12,3248.50,270,20,0
1746165300,2025.05.02 05:55:00,3248.50,3248.86,3247.29,3248.03,311,20,0
1746165600,2025.05.02 06:00:00,3248.03,3249.03,3246.43,3246.43,340,20,0
1746165900,2025.05.02 06:05:00,3246.40,3250.44,3245.86,3247.92,359,20,0
1746166200,2025.05.02 06:10:00,3247.93,3251.07,3247.48,3250.44,337,20,0
1746166500,2025.05.02 06:15:00,3250.43,3252.29,3249.60,3249.87,302,20,0
1746166800,2025.05.02 06:20:00,3249.74,3252.52,3249.00,3251.98,315,20,0
1746167100,2025.05.02 06:25:00,3251.97,3254.13,3251.51,3254.11,358,20,0
1746167400,2025.05.02 06:30:00,3254.08,3255.03,3253.76,3254.47,390,20,0
1746167700,2025.05.02 06:35:00,3254.47,3257.08,3253.47,3255.42,318,20,0
1746168000,2025.05.02 06:40:00,3255.42,3257.56,3255.17,3256.85,252,20,0
1746168300,2025.05.02 06:45:00,3256.91,3258.48,3256.76,3257.67,279,20,0
1746168600,2025.05.02 06:50:00,3257.67,3258.53,3256.42,3256.49,318,20,0
1746168900,2025.05.02 06:55:00,3256.49,3258.64,3254.63,3254.91,343,20,0
1746169200,2025.05.02 07:00:00,3254.91,3256.04,3253.32,3255.26,425,20,0
1746169500,2025.05.02 07:05:00,3255.23,3256.67,3254.22,3255.50,341,20,0
1746169800,2025.05.02 07:10:00,3255.49,3255.57,3253.23,3255.35,326,20,0
1746170100,2025.05.02 07:15:00,3255.38,3256.40,3254.29,3256.07,350,20,0
1746170400,2025.05.02 07:20:00,3256.07,3257.41,3254.92,3254.92,332,20,0
1746170700,2025.05.02 07:25:00,3254.92,3256.54,3254.26,3255.90,286,20,0
1746171000,2025.05.02 07:30:00,3255.91,3255.91,3252.97,3253.39,279,20,0
1746171300,2025.05.02 07:35:00,3253.36,3255.91,3252.85,3255.26,343,20,0
1746171600,2025.05.02 07:40:00,3255.44,3255.48,3252.71,3253.55,283,20,0
1746171900,2025.05.02 07:45:00,3253.61,3254.77,3253.44,3254.75,301,20,0
1746172200,2025.05.02 07:50:00,3254.75,3254.75,3253.32,3253.63,296,20,0
1746172500,2025.05.02 07:55:00,3253.67,3253.68,3250.50,3251.82,314,20,0
1746172800,2025.05.02 08:00:00,3251.82,3252.92,3249.59,3252.52,348,20,0
1746173100,2025.05.02 08:05:00,3252.48,3254.31,3251.94,3252.84,315,20,0
1746173400,2025.05.02 08:10:00,3252.86,3253.60,3251.66,3252.63,234,20,0
1746173700,2025.05.02 08:15:00,3252.63,3252.65,3251.12,3251.75,186,20,0
1746174000,2025.05.02 08:20:00,3251.75,3253.24,3250.72,3252.44,281,20,0
1746174300,2025.05.02 08:25:00,3252.45,3252.92,3251.06,3252.53,323,20,0
1746174600,2025.05.02 08:30:00,3252.51,3254.63,3251.96,3253.55,250,20,0
1746174900,2025.05.02 08:35:00,3253.55,3256.90,3253.55,3256.10,326,20,0
1746175200,2025.05.02 08:40:00,3256.06,3256.09,3253.53,3254.18,249,20,0
1746175500,2025.05.02 08:45:00,3254.18,3255.30,3251.16,3251.38,368,20,0
1746175800,2025.05.02 08:50:00,3251.38,3252.51,3250.69,3251.73,264,20,0
1746176100,2025.05.02 08:55:00,3251.73,3253.67,3251.71,3251.82,267,20,0
1746176400,2025.05.02 09:00:00,3251.82,3253.06,3250.02,3253.05,420,20,0
1746176700,2025.05.02 09:05:00,3252.98,3254.68,3252.47,3253.90,314,20,0
1746177000,2025.05.02 09:10:00,3253.90,3255.72,3253.70,3254.92,305,20,0
1746177300,2025.05.02 09:15:00,3254.76,3259.74,3251.67,3259.72,386,20,0
1746177600,2025.05.02 09:20:00,3259.72,3262.33,3259.59,3261.72,405,20,0
1746177900,2025.05.02 09:25:00,3261.62,3261.66,3256.17,3258.01,387,20,0
1746178200,2025.05.02 09:30:00,3258.08,3260.23,3257.09,3257.19,325,20,0
1746178500,2025.05.02 09:35:00,3257.24,3257.28,3253.36,3253.65,364,20,0
1746178800,2025.05.02 09:40:00,3253.69,3254.62,3251.45,3251.67,421,20,0
1746179100,2025.05.02 09:45:00,3251.67,3252.51,3249.38,3249.57,386,20,0
1746179400,2025.05.02 09:50:00,3249.57,3250.35,3246.32,3249.92,405,20,0
1746179700,2025.05.02 09:55:00,3249.91,3253.00,3249.86,3252.84,358,20,0
1746180000,2025.05.02 10:00:00,3252.84,3255.95,3251.68,3253.57,451,20,0
1746180300,2025.05.02 10:05:00,3253.36,3254.18,3251.78,3254.18,372,20,0
1746180600,2025.05.02 10:10:00,3254.20,3255.48,3252.66,3253.09,318,20,0
1746180900,2025.05.02 10:15:00,3253.09,3255.46,3251.59,3254.23,296,20,0
1746181200,2025.05.02 10:20:00,3254.21,3256.03,3253.26,3254.93,351,20,0
1746181500,2025.05.02 10:25:00,3254.93,3258.13,3254.47,3256.13,322,20,0
1746181800,2025.05.02 10:30:00,3256.03,3261.85,3255.54,3261.85,365,20,0
1746182100,2025.05.02 10:35:00,3261.86,3263.29,3259.99,3260.88,397,20,0
1746182400,2025.05.02 10:40:00,3260.81,3261.42,3258.64,3258.69,327,20,0
1746182700,2025.05.02 10:45:00,3258.61,3261.70,3258.61,3260.33,370,20,0
1746183000,2025.05.02 10:50:00,3260.29,3261.10,3257.72,3257.79,336,20,0
1746183300,2025.05.02 10:55:00,3257.71,3260.82,3257.71,3258.99,308,20,0
1746183600,2025.05.02 11:00:00,3258.98,3261.53,3257.34,3259.88,350,20,0
1746183900,2025.05.02 11:05:00,3259.88,3260.34,3256.60,3257.50,278,20,0
1746184200,2025.05.02 11:10:00,3257.50,3258.36,3256.09,3256.44,272,20,0
1746184500,2025.05.02 11:15:00,3256.44,3258.08,3255.32,3256.70,283,20,0
1746184800,2025.05.02 11:20:00,3256.70,3261.02,3256.70,3258.81,351,20,0
1746185100,2025.05.02 11:25:00,3258.81,3259.10,3256.77,3257.59,318,20,0
1746185400,2025.05.02 11:30:00,3257.59,3258.95,3256.98,3258.43,257,20,0
1746185700,2025.05.02 11:35:00,3258.45,3259.89,3258.07,3259.33,267,20,0
1746186000,2025.05.02 11:40:00,3259.32,3260.88,3259.25,3260.48,286,20,0
1746186300,2025.05.02 11:45:00,3260.47,3260.77,3258.76,3260.43,277,20,0
1746186600,2025.05.02 11:50:00,3260.44,3261.27,3258.55,3258.93,334,20,0
1746186900,2025.05.02 11:55:00,3258.85,3260.77,3257.97,3258.13,256,20,0
1746187200,2025.05.02 12:00:00,3258.11,3258.85,3255.11,3257.83,351,20,0
1746187500,2025.05.02 12:05:00,3257.89,3261.56,3256.75,3261.31,409,20,0
1746187800,2025.05.02 12:10:00,3261.31,3263.08,3260.14,3261.99,349,20,0
1746188100,2025.05.02 12:15:00,3261.98,3262.47,3260.12,3261.76,266,20,0
1746188400,2025.05.02 12:20:00,3261.77,3262.17,3260.19,3261.67,285,20,0
1746188700,2025.05.02 12:25:00,3261.67,3262.78,3260.25,3260.25,278,20,0
1746189000,2025.05.02 12:30:00,3260.24,3263.19,3260.24,3262.67,306,20,0
1746189300,2025.05.02 12:35:00,3262.62,3264.72,3261.92,3264.17,316,20,0
1746189600,2025.05.02 12:40:00,3264.18,3266.31,3262.74,3265.89,323,20,0
1746189900,2025.05.02 12:45:00,3265.96,3266.39,3264.01,3264.32,370,20,0
1746190200,2025.05.02 12:50:00,3264.32,3267.11,3263.65,3265.52,395,20,0
1746190500,2025.05.02 12:55:00,3265.52,3265.57,3263.62,3265.21,344,20,0
1746190800,2025.05.02 13:00:00,3265.22,3265.63,3263.46,3264.05,310,20,0
1746191100,2025.05.02 13:05:00,3264.06,3264.55,3261.58,3261.75,297,20,0
1746191400,2025.05.02 13:10:00,3261.69,3262.34,3259.64,3259.79,339,20,0
1746191700,2025.05.02 13:15:00,3259.73,3261.73,3258.34,3258.52,378,20,0
1746192000,2025.05.02 13:20:00,3258.52,3262.29,3258.37,3262.27,359,20,0
1746192300,2025.05.02 13:25:00,3262.19,3263.06,3259.70,3262.89,362,20,0
1746192600,2025.05.02 13:30:00,3262.90,3263.09,3259.54,3259.91,335,20,0
1746192900,2025.05.02 13:35:00,3259.91,3259.91,3257.38,3259.85,363,20,0
1746193200,2025.05.02 13:40:00,3259.85,3259.85,3258.04,3258.61,268,20,0
1746193500,2025.05.02 13:45:00,3258.23,3258.96,3257.37,3258.95,328,20,0
1746193800,2025.05.02 13:50:00,3258.96,3260.15,3258.47,3260.11,304,20,0
1746194100,2025.05.02 13:55:00,3260.11,3260.11,3257.63,3259.51,351,20,0
1746194400,2025.05.02 14:00:00,3259.43,3260.18,3259.43,3260.10,291,20,0
1746194700,2025.05.02 14:05:00,3260.12,3260.31,3258.84,3259.80,358,20,0
1746195000,2025.05.02 14:10:00,3259.80,3260.04,3258.10,3258.83,292,20,0
1746195300,2025.05.02 14:15:00,3258.83,3263.34,3258.83,3262.20,330,20,0
1746195600,2025.05.02 14:20:00,3262.15,3264.62,3261.17,3264.38,376,20,0
1746195900,2025.05.02 14:25:00,3264.43,3266.19,3263.60,3265.70,385,20,0
1746196200,2025.05.02 14:30:00,3265.69,3267.29,3264.56,3266.82,342,20,0
1746196500,2025.05.02 14:35:00,3266.85,3267.99,3266.22,3267.71,339,20,0
1746196800,2025.05.02 14:40:00,3267.71,3267.71,3264.70,3265.43,392,20,0
1746197100,2025.05.02 14:45:00,3265.40,3269.17,3264.89,3268.10,384,20,0
1746197400,2025.05.02 14:50:00,3268.11,3268.23,3263.99,3264.28,363,20,0
1746197700,2025.05.02 14:55:00,3264.28,3265.27,3262.46,3262.68,375,20,0
1746198000,2025.05.02 15:00:00,3262.67,3263.80,3261.03,3261.94,426,20,0
1746198300,2025.05.02 15:05:00,3261.95,3264.89,3261.50,3262.34,379,20,0
1746198600,2025.05.02 15:10:00,3262.38,3263.29,3260.41,3262.69,406,20,0
1746198900,2025.05.02 15:15:00,3262.66,3262.72,3260.79,3261.78,402,20,0
1746199200,2025.05.02 15:20:00,3262.05,3263.84,3259.36,3260.73,467,20,0
1746199500,2025.05.02 15:25:00,3260.66,3261.40,3257.82,3258.90,392,20,0
1746199800,2025.05.02 15:30:00,3259.25,3259.56,3250.77,3254.19,544,20,0
1746200100,2025.05.02 15:35:00,3254.12,3260.56,3250.34,3259.52,564,20,0
1746200400,2025.05.02 15:40:00,3259.60,3263.08,3256.41,3256.45,565,20,0
1746200700,2025.05.02 15:45:00,3256.97,3257.51,3252.77,3257.15,530,20,0
1746201000,2025.05.02 15:50:00,3257.15,3260.28,3254.96,3256.98,535,20,0
1746201300,2025.05.02 15:55:00,3257.03,3257.10,3250.33,3250.44,511,20,0
1746201600,2025.05.02 16:00:00,3250.43,3250.90,3243.81,3244.20,557,20,0
1746201900,2025.05.02 16:05:00,3244.20,3245.84,3239.49,3243.13,556,20,0
1746202200,2025.05.02 16:10:00,3242.98,3245.77,3239.62,3243.74,537,20,0
1746202500,2025.05.02 16:15:00,3243.68,3249.28,3243.11,3248.52,536,20,0
1746202800,2025.05.02 16:20:00,3248.50,3257.35,3248.20,3256.75,523,20,0
1746203100,2025.05.02 16:25:00,3256.15,3259.51,3254.82,3257.36,520,20,0
1746203400,2025.05.02 16:30:00,3257.46,3259.60,3249.22,3251.42,572,20,0
1746203700,2025.05.02 16:35:00,3251.43,3258.64,3249.60,3254.52,548,20,0
1746204000,2025.05.02 16:40:00,3254.51,3258.13,3248.27,3253.30,564,20,0
1746204300,2025.05.02 16:45:00,3253.15,3253.15,3243.82,3249.17,550,20,0
1746204600,2025.05.02 16:50:00,3249.23,3252.56,3246.10,3247.10,546,20,0
1746204900,2025.05.02 16:55:00,3247.15,3250.74,3244.76,3250.49,494,20,0
1746205200,2025.05.02 17:00:00,3250.49,3252.07,3243.08,3243.47,550,20,0
1746205500,2025.05.02 17:05:00,3243.48,3247.29,3242.20,3244.37,544,20,0
1746205800,2025.05.02 17:10:00,3244.35,3252.42,3244.22,3252.11,542,20,0
1746206100,2025.05.02 17:15:00,3252.11,3254.72,3250.48,3254.43,519,20,0
1746206400,2025.05.02 17:20:00,3254.56,3256.36,3251.10,3256.36,527,20,0
1746206700,2025.05.02 17:25:00,3256.39,3257.90,3252.50,3253.30,509,20,0
1746207000,2025.05.02 17:30:00,3253.30,3258.88,3253.20,3257.83,519,20,0
1746207300,2025.05.02 17:35:00,3257.95,3260.59,3256.12,3257.78,477,20,0
1746207600,2025.05.02 17:40:00,3257.79,3258.81,3253.12,3253.67,519,20,0
1746207900,2025.05.02 17:45:00,3253.62,3256.96,3250.96,3256.71,516,20,0
1746208200,2025.05.02 17:50:00,3256.72,3262.76,3256.72,3260.99,506,20,0
1746208500,2025.05.02 17:55:00,3260.89,3264.41,3260.37,3262.73,485,20,0
1746208800,2025.05.02 18:00:00,3262.74,3263.61,3260.16,3263.02,500,20,0
1746209100,2025.05.02 18:05:00,3263.04,3263.62,3259.45,3261.63,460,20,0
1746209400,2025.05.02 18:10:00,3261.66,3264.18,3261.62,3263.33,405,20,0
1746209700,2025.05.02 18:15:00,3263.21,3264.09,3256.32,3256.43,460,20,0
1746210000,2025.05.02 18:20:00,3256.54,3257.36,3252.02,3252.59,486,20,0
1746210300,2025.05.02 18:25:00,3252.59,3252.94,3248.39,3251.09,517,20,0
1746210600,2025.05.02 18:30:00,3251.07,3251.39,3242.49,3242.49,533,20,0
1746210900,2025.05.02 18:35:00,3242.56,3242.62,3235.54,3235.92,543,20,0
1746211200,2025.05.02 18:40:00,3235.81,3238.33,3234.55,3237.12,536,20,0
1746211500,2025.05.02 18:45:00,3237.10,3237.90,3232.40,3232.55,536,20,0
1746211800,2025.05.02 18:50:00,3232.82,3236.17,3230.25,3235.78,540,20,0
1746212100,2025.05.02 18:55:00,3235.85,3236.01,3231.23,3231.55,489,20,0
1746212400,2025.05.02 19:00:00,3231.59,3233.31,3226.66,3231.23,558,20,0
1746212700,2025.05.02 19:05:00,3231.16,3231.80,3227.39,3229.68,524,20,0
1746213000,2025.05.02 19:10:00,3229.76,3229.98,3224.75,3228.59,520,20,0
1746213300,2025.05.02 19:15:00,3228.80,3231.92,3226.16,3227.09,513,20,0
1746213600,2025.05.02 19:20:00,3227.09,3234.71,3226.56,3234.58,494,20,0
1746213900,2025.05.02 19:25:00,3234.54,3236.23,3233.88,3233.91,494,20,0
1746214200,2025.05.02 19:30:00,3233.79,3234.15,3228.51,3231.68,531,20,0
1746214500,2025.05.02 19:35:00,3231.65,3233.12,3230.24,3232.68,482,20,0
1746214800,2025.05.02 19:40:00,3232.63,3235.48,3232.02,3233.79,495,20,0
1746215100,2025.05.02 19:45:00,3233.87,3233.87,3228.19,3228.34,486,20,0
1746215400,2025.05.02 19:50:00,3228.35,3230.29,3226.23,3226.32,430,20,0
1746215700,2025.05.02 19:55:00,3226.32,3226.69,3222.84,3225.09,511,20,0
1746216000,2025.05.02 20:00:00,3224.94,3227.54,3223.60,3226.85,505,20,0
1746216300,2025.05.02 20:05:00,3226.87,3229.97,3224.54,3229.37,481,20,0
1746216600,2025.05.02 20:10:00,3229.33,3232.03,3229.33,3231.72,429,20,0
1746216900,2025.05.02 20:15:00,3231.73,3234.55,3231.07,3234.47,404,20,0
1746217200,2025.05.02 20:20:00,3234.47,3239.03,3234.04,3238.95,450,20,0
1746217500,2025.05.02 20:25:00,3238.93,3239.76,3234.95,3235.26,487,20,0
1746217800,2025.05.02 20:30:00,3235.11,3236.00,3233.58,3235.90,439,20,0
1746218100,2025.05.02 20:35:00,3235.89,3235.89,3229.64,3229.75,415,20,0
1746218400,2025.05.02 20:40:00,3229.75,3230.84,3227.05,3229.32,418,20,0
1746218700,2025.05.02 20:45:00,3229.25,3232.81,3226.50,3232.78,355,20,0
1746219000,2025.05.02 20:50:00,3232.79,3233.55,3230.68,3233.21,338,20,0
1746219300,2025.05.02 20:55:00,3233.11,3233.47,3229.90,3231.34,369,20,0
1746219600,2025.05.02 21:00:00,3231.40,3232.21,3229.63,3231.36,399,20,0
1746219900,2025.05.02 21:05:00,3231.56,3232.42,3229.69,3230.16,282,20,0
1746220200,2025.05.02 21:10:00,3230.16,3230.18,3226.14,3226.58,336,20,0
1746220500,2025.05.02 21:15:00,3226.58,3227.56,3225.88,3226.59,306,20,0
1746220800,2025.05.02 21:20:00,3226.85,3229.57,3226.35,3228.50,319,20,0
1746221100,2025.05.02 21:25:00,3228.50,3229.91,3227.49,3228.90,312,20,0
1746221400,2025.05.02 21:30:00,3228.90,3229.33,3226.22,3226.88,313,20,0
1746221700,2025.05.02 21:35:00,3226.88,3229.17,3226.72,3228.34,300,20,0
1746222000,2025.05.02 21:40:00,3228.32,3228.57,3224.28,3225.11,374,20,0
1746222300,2025.05.02 21:45:00,3225.04,3228.83,3224.34,3228.83,382,20,0
1746222600,2025.05.02 21:50:00,3228.77,3228.83,3225.86,3227.32,350,20,0
1746222900,2025.05.02 21:55:00,3227.31,3227.31,3225.67,3226.17,302,20,0
1746223200,2025.05.02 22:00:00,3226.21,3231.66,3226.21,3230.50,426,20,0
1746223500,2025.05.02 22:05:00,3230.50,3232.67,3227.77,3229.13,385,20,0
1746223800,2025.05.02 22:10:00,3229.11,3231.48,3228.52,3228.93,301,20,0
1746224100,2025.05.02 22:15:00,3228.93,3230.65,3227.95,3230.02,263,20,0
1746224400,2025.05.02 22:20:00,3230.02,3230.02,3227.45,3228.05,306,20,0
1746224700,2025.05.02 22:25:00,3228.05,3229.57,3227.93,3228.32,276,20,0
1746225000,2025.05.02 22:30:00,3228.35,3229.79,3227.51,3229.39,401,20,0
1746225300,2025.05.02 22:35:00,3229.38,3231.73,3228.15,3231.49,344,20,0
1746225600,2025.05.02 22:40:00,3231.49,3233.37,3231.37,3233.14,351,20,0
1746225900,2025.05.02 22:45:00,3233.26,3234.60,3232.44,3232.66,361,20,0
1746226200,2025.05.02 22:50:00,3232.86,3233.49,3231.37,3233.48,362,20,0
1746226500,2025.05.02 22:55:00,3233.40,3233.82,3231.81,3233.50,385,20,0
1746226800,2025.05.02 23:00:00,3233.55,3234.95,3232.63,3233.58,267,20,0
1746227100,2025.05.02 23:05:00,3233.59,3234.33,3232.92,3233.99,208,20,0
1746227400,2025.05.02 23:10:00,3233.95,3235.81,3232.84,3235.81,211,20,0
1746227700,2025.05.02 23:15:00,3235.82,3240.10,3235.78,3240.10,258,20,0
1746228000,2025.05.02 23:20:00,3240.06,3241.22,3238.08,3239.52,247,20,0
1746228300,2025.05.02 23:25:00,3239.51,3240.29,3237.86,3237.88,241,20,0
1746228600,2025.05.02 23:30:00,3237.88,3239.05,3237.76,3238.69,148,20,0
1746228900,2025.05.02 23:35:00,3238.74,3239.99,3238.37,3239.11,205,20,0
1746229200,2025.05.02 23:40:00,3239.04,3239.34,3238.53,3239.34,177,20,0
1746229500,2025.05.02 23:45:00,3239.43,3239.95,3237.90,3238.85,212,20,0
1746229800,2025.05.02 23:50:00,3238.80,3240.76,3238.80,3240.71,179,20,0
